seed,round,honest_r_eff,attacker_r_eff,total_slashed
42,1,0.5056,0.475,0.0
42,2,0.51183,0.481,0.0
42,3,0.515242,0.487624,0.0
42,4,0.51886,0.494646,0.0
42,5,0.525932,0.501908,0.0
42,6,0.52971,0.250954,0.1
42,7,0.53351,0.254017,0.1
42,8,0.540742,0.257308,0.1
42,9,0.547928,0.244442,0.1
42,10,0.551552,0.24808,0.1
42,11,0.558644,0.251794,0.1
42,12,0.562202,0.125897,0.19
42,13,0.569165,0.127445,0.19
42,14,0.572432,0.1291,0.19
42,15,0.579252,0.13082,0.19
42,16,0.578889,0.132577,0.19
42,17,0.585615,0.134351,0.19
42,18,0.592237,0.067175,0.271
42,19,0.595246,0.063817,0.271
42,20,0.601718,0.06459,0.271
42,21,0.608087,0.065412,0.271
42,22,0.610792,0.066265,0.271
42,23,0.613338,0.067134,0.271
42,24,0.619524,0.033567,0.3439
42,25,0.62561,0.033923,0.3439
42,26,0.6316,0.032227,0.3439
42,27,0.629767,0.032636,0.3439
42,28,0.635691,0.033061,0.3439
42,29,0.637749,0.033495,0.3439
42,30,0.643545,0.016748,0.40951
42,31,0.638028,0.016926,0.40951
42,32,0.640146,0.017117,0.40951
42,33,0.642302,0.017317,0.40951
42,34,0.644041,0.017521,0.40951
42,35,0.645899,0.017728,0.40951
42,36,0.651565,0.01,0.468559
42,37,0.657139,0.01,0.468559
42,38,0.658577,0.01,0.468559
42,39,0.66404,0.01,0.468559
42,40,0.669415,0.01,0.468559
42,41,0.674704,0.01,0.468559
42,42,0.676017,0.01,0.468559
42,43,0.677197,0.01,0.468559
42,44,0.682362,0.01,0.468559
42,45,0.683562,0.01,0.468559
42,46,0.688625,0.01,0.468559
42,47,0.685553,0.01,0.468559
42,48,0.690584,0.01,0.468559
42,49,0.695535,0.01,0.468559
42,50,0.700406,0.01,0.468559
42,51,0.701161,0.01,0.468559
42,52,0.70206,0.01,0.468559
42,53,0.706827,0.01,0.468559
42,54,0.711518,0.01,0.468559
42,55,0.712141,0.01,0.468559
42,56,0.712873,0.01,0.468559
42,57,0.717467,0.01,0.468559
42,58,0.717733,0.01,0.468559
42,59,0.718368,0.01,0.468559
42,60,0.722874,0.01,0.468559
42,61,0.727308,0.01,0.468559
42,62,0.731671,0.01,0.468559
42,63,0.735964,0.01,0.468559
42,64,0.740189,0.01,0.468559
42,65,0.744346,0.01,0.468559
42,66,0.748436,0.01,0.468559
42,67,0.752461,0.01,0.468559
42,68,0.756422,0.01,0.468559
42,69,0.760319,0.01,0.468559
42,70,0.76016,0.01,0.468559
42,71,0.763997,0.01,0.468559
42,72,0.767773,0.01,0.468559
42,73,0.767488,0.01,0.468559
42,74,0.771208,0.01,0.468559
42,75,0.770616,0.01,0.468559
42,76,0.774287,0.01,0.468559
42,77,0.773647,0.01,0.468559
42,78,0.772889,0.01,0.468559
42,79,0.776523,0.01,0.468559
42,80,0.77182,0.01,0.468559
42,81,0.771471,0.01,0.468559
42,82,0.770926,0.01,0.468559
42,83,0.774591,0.01,0.468559
42,84,0.778198,0.01,0.468559
42,85,0.777324,0.01,0.468559
42,86,0.776605,0.01,0.468559
42,87,0.780179,0.01,0.468559
42,88,0.779184,0.01,0.468559
42,89,0.778297,0.01,0.468559
42,90,0.781844,0.01,0.468559
42,91,0.785334,0.01,0.468559
42,92,0.788769,0.01,0.468559
42,93,0.783713,0.01,0.468559
42,94,0.783095,0.01,0.468559
42,95,0.786565,0.01,0.468559
42,96,0.781533,0.01,0.468559
42,97,0.785028,0.01,0.468559
42,98,0.779934,0.01,0.468559
42,99,0.783455,0.01,0.468559
42,100,0.786919,0.01,0.468559
42,101,0.790329,0.01,0.468559
42,102,0.793683,0.01,0.468559
42,103,0.796985,0.01,0.468559
42,104,0.800233,0.01,0.468559
42,105,0.803429,0.01,0.468559
42,106,0.802263,0.01,0.468559
42,107,0.801294,0.01,0.468559
42,108,0.804473,0.01,0.468559
42,109,0.803258,0.01,0.468559
42,110,0.797755,0.01,0.468559
42,111,0.800991,0.01,0.468559
42,112,0.804175,0.01,0.468559
42,113,0.802974,0.01,0.468559
42,114,0.801863,0.01,0.468559
42,115,0.805033,0.01,0.468559
42,116,0.803547,0.01,0.468559
42,117,0.802423,0.01,0.468559
42,118,0.801337,0.01,0.468559
42,119,0.800469,0.01,0.468559
42,120,0.803661,0.01,0.468559
42,121,0.806803,0.01,0.468559
42,122,0.805396,0.01,0.468559
42,123,0.804309,0.01,0.468559
42,124,0.80744,0.01,0.468559
42,125,0.810521,0.01,0.468559
42,126,0.813553,0.01,0.468559
42,127,0.816536,0.01,0.468559
42,128,0.815073,0.01,0.468559
42,129,0.81362,0.01,0.468559
42,130,0.80784,0.01,0.468559
42,131,0.806633,0.01,0.468559
42,132,0.809727,0.01,0.468559
42,133,0.808643,0.01,0.468559
42,134,0.807703,0.01,0.468559
42,135,0.806148,0.01,0.468559
42,136,0.80925,0.01,0.468559
42,137,0.807816,0.01,0.468559
42,138,0.802189,0.01,0.468559
42,139,0.805354,0.01,0.468559
42,140,0.808468,0.01,0.468559
42,141,0.807286,0.01,0.468559
42,142,0.810369,0.01,0.468559
42,143,0.813404,0.01,0.468559
42,144,0.811831,0.01,0.468559
42,145,0.814842,0.01,0.468559
42,146,0.817805,0.01,0.468559
42,147,0.82072,0.01,0.468559
42,148,0.823588,0.01,0.468559
42,149,0.826411,0.01,0.468559
42,150,0.829188,0.01,0.468559
42,151,0.827154,0.01,0.468559
42,152,0.82992,0.01,0.468559
42,153,0.832641,0.01,0.468559
42,154,0.835319,0.01,0.468559
42,155,0.833764,0.01,0.468559
42,156,0.836423,0.01,0.468559
42,157,0.839041,0.01,0.468559
42,158,0.841616,0.01,0.468559
42,159,0.835375,0.01,0.468559
42,160,0.833472,0.01,0.468559
42,161,0.836137,0.01,0.468559
42,162,0.8341,0.01,0.468559
42,163,0.836755,0.01,0.468559
42,164,0.830326,0.01,0.468559
42,165,0.82852,0.01,0.468559
42,166,0.831264,0.01,0.468559
42,167,0.829271,0.01,0.468559
42,168,0.832002,0.01,0.468559
42,169,0.83469,0.01,0.468559
42,170,0.832853,0.01,0.468559
42,171,0.835527,0.01,0.468559
42,172,0.833731,0.01,0.468559
42,173,0.831949,0.01,0.468559
42,174,0.830057,0.01,0.468559
42,175,0.828397,0.01,0.468559
42,176,0.831143,0.01,0.468559
42,177,0.833844,0.01,0.468559
42,178,0.836503,0.01,0.468559
42,179,0.839119,0.01,0.468559
42,180,0.83267,0.01,0.468559
42,181,0.835347,0.01,0.468559
42,182,0.837982,0.01,0.468559
42,183,0.836133,0.01,0.468559
42,184,0.834352,0.01,0.468559
42,185,0.837002,0.01,0.468559
42,186,0.83961,0.01,0.468559
42,187,0.842176,0.01,0.468559
42,188,0.844701,0.01,0.468559
42,189,0.847186,0.01,0.468559
42,190,0.84515,0.01,0.468559
42,191,0.847628,0.01,0.468559
42,192,0.850066,0.01,0.468559
42,193,0.852465,0.01,0.468559
42,194,0.850422,0.01,0.468559
42,195,0.852815,0.01,0.468559
42,196,0.85517,0.01,0.468559
42,197,0.857487,0.01,0.468559
42,198,0.859768,0.01,0.468559
42,199,0.857236,0.01,0.468559
42,200,0.85952,0.01,0.468559
43,1,0.50254,0.5056,0.0
43,2,0.508747,0.51183,0.0
43,3,0.512314,0.518465,0.0
43,4,0.519208,0.525346,0.0
43,5,0.526264,0.532365,0.0
43,6,0.533399,0.266182,0.1
43,7,0.540552,0.269062,0.1
43,8,0.544247,0.272154,0.1
43,9,0.547912,0.275378,0.1
43,10,0.551534,0.278677,0.1
43,11,0.558626,0.282011,0.1
43,12,0.5622,0.141005,0.19
43,13,0.565589,0.142339,0.19
43,14,0.572509,0.135222,0.19
43,15,0.575818,0.136771,0.19
43,16,0.582589,0.129932,0.19
43,17,0.589256,0.131652,0.19
43,18,0.59582,0.065826,0.271
43,19,0.602282,0.066544,0.271
43,20,0.604914,0.067318,0.271
43,21,0.603834,0.068129,0.271
43,22,0.606403,0.06896,0.271
43,23,0.605537,0.069802,0.271
43,24,0.611848,0.066312,0.271
43,25,0.618057,0.067212,0.271
43,26,0.620323,0.06811,0.271
43,27,0.626397,0.069001,0.271
43,28,0.632375,0.069884,0.271
43,29,0.634471,0.070756,0.271
43,30,0.640319,0.035378,0.3439
43,31,0.646074,0.03572,0.3439
43,32,0.647891,0.036084,0.3439
43,33,0.653525,0.036461,0.3439
43,34,0.655353,0.034638,0.3439
43,35,0.660868,0.035052,0.3439
43,36,0.666294,0.017526,0.40951
43,37,0.671633,0.017693,0.40951
43,38,0.676887,0.017873,0.40951
43,39,0.682057,0.018061,0.40951
43,40,0.687144,0.018254,0.40951
43,41,0.692149,0.018449,0.40951
43,42,0.693117,0.01,0.468559
43,43,0.698027,0.01,0.468559
43,44,0.698964,0.01,0.468559
43,45,0.703781,0.01,0.468559
43,46,0.704685,0.01,0.468559
43,47,0.705304,0.01,0.468559
43,48,0.710019,0.01,0.468559
43,49,0.714659,0.01,0.468559
43,50,0.715212,0.01,0.468559
43,51,0.715965,0.01,0.468559
43,52,0.72051,0.01,0.468559
43,53,0.720899,0.01,0.468559
43,54,0.725365,0.01,0.468559
43,55,0.729759,0.01,0.468559
43,56,0.734083,0.01,0.468559
43,57,0.734131,0.01,0.468559
43,58,0.734309,0.01,0.468559
43,59,0.73856,0.01,0.468559
43,60,0.742743,0.01,0.468559
43,61,0.742803,0.01,0.468559
43,62,0.746918,0.01,0.468559
43,63,0.750967,0.01,0.468559
43,64,0.754952,0.01,0.468559
43,65,0.758872,0.01,0.468559
43,66,0.750315,0.01,0.468559
43,67,0.75431,0.01,0.468559
43,68,0.758241,0.01,0.468559
43,69,0.758135,0.01,0.468559
43,70,0.762005,0.01,0.468559
43,71,0.757692,0.01,0.468559
43,72,0.757677,0.01,0.468559
43,73,0.761554,0.01,0.468559
43,74,0.765369,0.01,0.468559
43,75,0.764708,0.01,0.468559
43,76,0.768473,0.01,0.468559
43,77,0.772177,0.01,0.468559
43,78,0.771481,0.01,0.468559
43,79,0.770934,0.01,0.468559
43,80,0.774599,0.01,0.468559
43,81,0.76947,0.01,0.468559
43,82,0.773158,0.01,0.468559
43,83,0.772297,0.01,0.468559
43,84,0.771578,0.01,0.468559
43,85,0.775233,0.01,0.468559
43,86,0.778829,0.01,0.468559
43,87,0.777991,0.01,0.468559
43,88,0.777281,0.01,0.468559
43,89,0.776595,0.01,0.468559
43,90,0.780169,0.01,0.468559
43,91,0.783686,0.01,0.468559
43,92,0.782646,0.01,0.468559
43,93,0.777667,0.01,0.468559
43,94,0.781224,0.01,0.468559
43,95,0.78031,0.01,0.468559
43,96,0.775421,0.01,0.468559
43,97,0.774781,0.01,0.468559
43,98,0.778384,0.01,0.468559
43,99,0.78193,0.01,0.468559
43,100,0.785419,0.01,0.468559
43,101,0.788853,0.01,0.468559
43,102,0.792231,0.01,0.468559
43,103,0.795555,0.01,0.468559
43,104,0.798826,0.01,0.468559
43,105,0.797664,0.01,0.468559
43,106,0.800902,0.01,0.468559
43,107,0.804087,0.01,0.468559
43,108,0.798742,0.01,0.468559
43,109,0.797829,0.01,0.468559
43,110,0.801064,0.01,0.468559
43,111,0.804247,0.01,0.468559
43,112,0.807379,0.01,0.468559
43,113,0.806408,0.01,0.468559
43,114,0.809505,0.01,0.468559
43,115,0.812553,0.01,0.468559
43,116,0.815552,0.01,0.468559
43,117,0.818504,0.01,0.468559
43,118,0.821407,0.01,0.468559
43,119,0.815567,0.01,0.468559
43,120,0.809507,0.01,0.468559
43,121,0.812555,0.01,0.468559
43,122,0.815554,0.01,0.468559
43,123,0.818505,0.01,0.468559
43,124,0.816871,0.01,0.468559
43,125,0.815194,0.01,0.468559
43,126,0.818151,0.01,0.468559
43,127,0.816594,0.01,0.468559
43,128,0.819529,0.01,0.468559
43,129,0.822416,0.01,0.468559
43,130,0.825257,0.01,0.468559
43,131,0.828053,0.01,0.468559
43,132,0.830805,0.01,0.468559
43,133,0.824647,0.01,0.468559
43,134,0.827453,0.01,0.468559
43,135,0.830213,0.01,0.468559
43,136,0.83293,0.01,0.468559
43,137,0.835603,0.01,0.468559
43,138,0.838234,0.01,0.468559
43,139,0.836403,0.01,0.468559
43,140,0.834714,0.01,0.468559
43,141,0.837359,0.01,0.468559
43,142,0.830902,0.01,0.468559
43,143,0.833608,0.01,0.468559
43,144,0.831763,0.01,0.468559
43,145,0.829896,0.01,0.468559
43,146,0.828207,0.01,0.468559
43,147,0.826464,0.01,0.468559
43,148,0.829241,0.01,0.468559
43,149,0.831973,0.01,0.468559
43,150,0.83027,0.01,0.468559
43,151,0.828734,0.01,0.468559
43,152,0.831474,0.01,0.468559
43,153,0.829756,0.01,0.468559
43,154,0.83248,0.01,0.468559
43,155,0.835161,0.01,0.468559
43,156,0.837798,0.01,0.468559
43,157,0.840393,0.01,0.468559
43,158,0.838174,0.01,0.468559
43,159,0.840763,0.01,0.468559
43,160,0.83882,0.01,0.468559
43,161,0.841399,0.01,0.468559
43,162,0.843936,0.01,0.468559
43,163,0.846433,0.01,0.468559
43,164,0.84889,0.01,0.468559
43,165,0.851308,0.01,0.468559
43,166,0.853687,0.01,0.468559
43,167,0.856028,0.01,0.468559
43,168,0.858332,0.01,0.468559
43,169,0.860599,0.01,0.468559
43,170,0.862829,0.01,0.468559
43,171,0.860475,0.01,0.468559
43,172,0.85812,0.01,0.468559
43,173,0.85127,0.01,0.468559
43,174,0.853649,0.01,0.468559
43,175,0.851329,0.01,0.468559
43,176,0.853708,0.01,0.468559
43,177,0.8516,0.01,0.468559
43,178,0.853975,0.01,0.468559
43,179,0.851797,0.01,0.468559
43,180,0.854168,0.01,0.468559
43,181,0.856501,0.01,0.468559
43,182,0.854063,0.01,0.468559
43,183,0.851825,0.01,0.468559
43,184,0.854196,0.01,0.468559
43,185,0.856529,0.01,0.468559
43,186,0.858824,0.01,0.468559
43,187,0.861083,0.01,0.468559
43,188,0.863306,0.01,0.468559
43,189,0.861039,0.01,0.468559
43,190,0.858638,0.01,0.468559
43,191,0.8609,0.01,0.468559
43,192,0.863125,0.01,0.468559
43,193,0.865315,0.01,0.468559
43,194,0.86747,0.01,0.468559
43,195,0.869591,0.01,0.468559
43,196,0.871677,0.01,0.468559
43,197,0.87373,0.01,0.468559
43,198,0.866732,0.01,0.468559
43,199,0.864359,0.01,0.468559
43,200,0.866529,0.01,0.468559
44,1,0.5056,0.5056,0.0
44,2,0.51183,0.51183,0.0
44,3,0.518465,0.518465,0.0
44,4,0.525346,0.525346,0.0
44,5,0.532365,0.532365,0.0
44,6,0.539443,0.266182,0.1
44,7,0.539718,0.269062,0.1
44,8,0.54343,0.272154,0.1
44,9,0.54711,0.275378,0.1
44,10,0.550747,0.278677,0.1
44,11,0.554444,0.282011,0.1
44,12,0.561512,0.141005,0.19
44,13,0.568485,0.142339,0.19
44,14,0.57536,0.143774,0.19
44,15,0.582133,0.145272,0.19
44,16,0.588805,0.146807,0.19
44,17,0.58815,0.14836,0.19
44,18,0.594732,0.07418,0.271
44,19,0.601211,0.074789,0.271
44,20,0.603961,0.075449,0.271
44,21,0.610295,0.076142,0.271
44,22,0.616528,0.076854,0.271
44,23,0.622662,0.077575,0.271
44,24,0.628699,0.038788,0.3439
44,25,0.634639,0.039065,0.3439
44,26,0.640484,0.039368,0.3439
44,27,0.646236,0.039689,0.3439
44,28,0.648121,0.040019,0.3439
44,29,0.650038,0.040354,0.3439
44,30,0.655637,0.020177,0.40951
44,31,0.653693,0.020303,0.40951
44,32,0.65141,0.020443,0.40951
44,33,0.656987,0.02059,0.40951
44,34,0.658491,0.020743,0.40951
44,35,0.663955,0.020899,0.40951
44,36,0.669331,0.01,0.468559
44,37,0.666997,0.01,0.468559
44,38,0.664668,0.01,0.468559
44,39,0.666375,0.01,0.468559
44,40,0.671713,0.01,0.468559
44,41,0.676966,0.01,0.468559
44,42,0.682135,0.01,0.468559
44,43,0.68722,0.01,0.468559
44,44,0.692225,0.01,0.468559
44,45,0.689208,0.01,0.468559
44,46,0.694181,0.01,0.468559
44,47,0.699074,0.01,0.468559
44,48,0.700077,0.01,0.468559
44,49,0.704876,0.01,0.468559
44,50,0.705828,0.01,0.468559
44,51,0.710534,0.01,0.468559
44,52,0.715166,0.01,0.468559
44,53,0.715694,0.01,0.468559
44,54,0.720243,0.01,0.468559
44,55,0.720443,0.01,0.468559
44,56,0.724916,0.01,0.468559
44,57,0.729317,0.01,0.468559
44,58,0.733648,0.01,0.468559
44,59,0.733588,0.01,0.468559
44,60,0.737851,0.01,0.468559
44,61,0.737755,0.01,0.468559
44,62,0.737788,0.01,0.468559
44,63,0.741983,0.01,0.468559
44,64,0.746111,0.01,0.468559
44,65,0.746177,0.01,0.468559
44,66,0.741906,0.01,0.468559
44,67,0.746035,0.01,0.468559
44,68,0.750099,0.01,0.468559
44,69,0.749973,0.01,0.468559
44,70,0.753973,0.01,0.468559
44,71,0.75791,0.01,0.468559
44,72,0.757707,0.01,0.468559
44,73,0.753392,0.01,0.468559
44,74,0.757337,0.01,0.468559
44,75,0.76122,0.01,0.468559
44,76,0.760934,0.01,0.468559
44,77,0.76476,0.01,0.468559
44,78,0.768523,0.01,0.468559
44,79,0.772227,0.01,0.468559
44,80,0.775871,0.01,0.468559
44,81,0.775063,0.01,0.468559
44,82,0.778662,0.01,0.468559
44,83,0.782203,0.01,0.468559
44,84,0.785688,0.01,0.468559
44,85,0.789117,0.01,0.468559
44,86,0.792491,0.01,0.468559
44,87,0.795811,0.01,0.468559
44,88,0.799078,0.01,0.468559
44,89,0.802293,0.01,0.468559
44,90,0.801324,0.01,0.468559
44,91,0.804503,0.01,0.468559
44,92,0.807631,0.01,0.468559
44,93,0.806396,0.01,0.468559
44,94,0.809494,0.01,0.468559
44,95,0.808352,0.01,0.468559
44,96,0.811418,0.01,0.468559
44,97,0.814436,0.01,0.468559
44,98,0.813105,0.01,0.468559
44,99,0.816095,0.01,0.468559
44,100,0.819038,0.01,0.468559
44,101,0.817466,0.01,0.468559
44,102,0.820386,0.01,0.468559
44,103,0.82326,0.01,0.468559
44,104,0.821611,0.01,0.468559
44,105,0.824465,0.01,0.468559
44,106,0.827273,0.01,0.468559
44,107,0.830037,0.01,0.468559
44,108,0.832756,0.01,0.468559
44,109,0.835432,0.01,0.468559
44,110,0.838065,0.01,0.468559
44,111,0.840656,0.01,0.468559
44,112,0.838801,0.01,0.468559
44,113,0.84138,0.01,0.468559
44,114,0.843918,0.01,0.468559
44,115,0.846416,0.01,0.468559
44,116,0.844203,0.01,0.468559
44,117,0.842165,0.01,0.468559
44,118,0.844691,0.01,0.468559
44,119,0.847176,0.01,0.468559
44,120,0.84513,0.01,0.468559
44,121,0.842909,0.01,0.468559
44,122,0.840998,0.01,0.468559
44,123,0.843542,0.01,0.468559
44,124,0.841662,0.01,0.468559
44,125,0.83977,0.01,0.468559
44,126,0.837793,0.01,0.468559
44,127,0.840388,0.01,0.468559
44,128,0.833903,0.01,0.468559
44,129,0.836561,0.01,0.468559
44,130,0.839176,0.01,0.468559
44,131,0.841749,0.01,0.468559
44,132,0.844281,0.01,0.468559
44,133,0.846772,0.01,0.468559
44,134,0.849224,0.01,0.468559
44,135,0.851636,0.01,0.468559
44,136,0.84975,0.01,0.468559
44,137,0.852154,0.01,0.468559
44,138,0.850083,0.01,0.468559
44,139,0.852482,0.01,0.468559
44,140,0.854842,0.01,0.468559
44,141,0.857165,0.01,0.468559
44,142,0.85945,0.01,0.468559
44,143,0.861699,0.01,0.468559
44,144,0.859363,0.01,0.468559
44,145,0.861613,0.01,0.468559
44,146,0.859274,0.01,0.468559
44,147,0.861525,0.01,0.468559
44,148,0.863741,0.01,0.468559
44,149,0.856777,0.01,0.468559
44,150,0.859068,0.01,0.468559
44,151,0.861323,0.01,0.468559
44,152,0.863542,0.01,0.468559
44,153,0.856717,0.01,0.468559
44,154,0.854378,0.01,0.468559
44,155,0.856708,0.01,0.468559
44,156,0.859001,0.01,0.468559
44,157,0.856885,0.01,0.468559
44,158,0.854797,0.01,0.468559
44,159,0.852653,0.01,0.468559
44,160,0.85501,0.01,0.468559
44,161,0.852959,0.01,0.468559
44,162,0.855312,0.01,0.468559
44,163,0.857627,0.01,0.468559
44,164,0.855607,0.01,0.468559
44,165,0.857917,0.01,0.468559
44,166,0.860191,0.01,0.468559
44,167,0.857856,0.01,0.468559
44,168,0.860131,0.01,0.468559
44,169,0.858153,0.01,0.468559
44,170,0.851007,0.01,0.468559
44,171,0.848795,0.01,0.468559
44,172,0.846586,0.01,0.468559
44,173,0.839839,0.01,0.468559
44,174,0.842401,0.01,0.468559
44,175,0.844923,0.01,0.468559
44,176,0.847404,0.01,0.468559
44,177,0.849846,0.01,0.468559
44,178,0.852248,0.01,0.468559
44,179,0.849991,0.01,0.468559
44,180,0.852391,0.01,0.468559
44,181,0.850213,0.01,0.468559
44,182,0.848071,0.01,0.468559
44,183,0.850501,0.01,0.468559
44,184,0.84381,0.01,0.468559
44,185,0.846309,0.01,0.468559
44,186,0.848768,0.01,0.468559
44,187,0.84229,0.01,0.468559
44,188,0.844813,0.01,0.468559
44,189,0.847296,0.01,0.468559
44,190,0.844888,0.01,0.468559
44,191,0.842682,0.01,0.468559
44,192,0.831942,0.01,0.468559
44,193,0.834631,0.01,0.468559
44,194,0.837277,0.01,0.468559
44,195,0.83988,0.01,0.468559
44,196,0.842442,0.01,0.468559
44,197,0.844963,0.01,0.468559
44,198,0.842921,0.01,0.468559
44,199,0.845434,0.01,0.468559
44,200,0.847907,0.01,0.468559
45,1,0.50254,0.5056,0.0
45,2,0.508747,0.51183,0.0
45,3,0.515381,0.518465,0.0
45,4,0.522276,0.525346,0.0
45,5,0.529319,0.532365,0.0
45,6,0.536429,0.266182,0.1
45,7,0.543552,0.269062,0.1
45,8,0.547211,0.272154,0.1
45,9,0.554305,0.275378,0.1
45,10,0.557835,0.278677,0.1
45,11,0.56131,0.282011,0.1
45,12,0.568273,0.141005,0.19
45,13,0.575142,0.142339,0.19
45,14,0.581913,0.143774,0.19
45,15,0.588583,0.145272,0.19
45,16,0.595152,0.146807,0.19
45,17,0.597957,0.14836,0.19
45,18,0.600697,0.07418,0.271
45,19,0.607081,0.074789,0.271
45,20,0.613364,0.075449,0.271
45,21,0.619548,0.076142,0.271
45,22,0.621985,0.076854,0.271
45,23,0.628032,0.077575,0.271
45,24,0.630268,0.038788,0.3439
45,25,0.636183,0.039065,0.3439
45,26,0.638159,0.039368,0.3439
45,27,0.640193,0.039689,0.3439
45,28,0.642068,0.040019,0.3439
45,29,0.647794,0.040354,0.3439
45,30,0.649602,0.020177,0.40951
45,31,0.655209,0.020303,0.40951
45,32,0.660725,0.019288,0.40951
45,33,0.662391,0.019444,0.40951
45,34,0.66393,0.019608,0.40951
45,35,0.66549,0.019776,0.40951
45,36,0.670843,0.01,0.468559
45,37,0.676109,0.01,0.468559
45,38,0.677482,0.01,0.468559
45,39,0.678579,0.01,0.468559
45,40,0.683722,0.01,0.468559
45,41,0.688782,0.01,0.468559
45,42,0.689945,0.01,0.468559
45,43,0.694905,0.01,0.468559
45,44,0.695988,0.01,0.468559
45,45,0.696771,0.01,0.468559
45,46,0.701623,0.01,0.468559
45,47,0.702314,0.01,0.468559
45,48,0.707077,0.01,0.468559
45,49,0.707728,0.01,0.468559
45,50,0.708188,0.01,0.468559
45,51,0.712857,0.01,0.468559
45,52,0.713622,0.01,0.468559
45,53,0.718205,0.01,0.468559
45,54,0.718599,0.01,0.468559
45,55,0.723102,0.01,0.468559
45,56,0.727532,0.01,0.468559
45,57,0.731892,0.01,0.468559
45,58,0.732135,0.01,0.468559
45,59,0.736421,0.01,0.468559
45,60,0.740638,0.01,0.468559
45,61,0.740633,0.01,0.468559
45,62,0.744783,0.01,0.468559
45,63,0.740276,0.01,0.468559
45,64,0.73611,0.01,0.468559
45,65,0.740333,0.01,0.468559
45,66,0.732253,0.01,0.468559
45,67,0.728641,0.01,0.468559
45,68,0.728927,0.01,0.468559
45,69,0.733264,0.01,0.468559
45,70,0.729208,0.01,0.468559
45,71,0.733541,0.01,0.468559
45,72,0.737804,0.01,0.468559
45,73,0.738,0.01,0.468559
45,74,0.737937,0.01,0.468559
45,75,0.74213,0.01,0.468559
45,76,0.742341,0.01,0.468559
45,77,0.738683,0.01,0.468559
45,78,0.742864,0.01,0.468559
45,79,0.743268,0.01,0.468559
45,80,0.743076,0.01,0.468559
45,81,0.747187,0.01,0.468559
45,82,0.747298,0.01,0.468559
45,83,0.751342,0.01,0.468559
45,84,0.751484,0.01,0.468559
45,85,0.751244,0.01,0.468559
45,86,0.755224,0.01,0.468559
45,87,0.755075,0.01,0.468559
45,88,0.75522,0.01,0.468559
45,89,0.759137,0.01,0.468559
45,90,0.758631,0.01,0.468559
45,91,0.762493,0.01,0.468559
45,92,0.766293,0.01,0.468559
45,93,0.770032,0.01,0.468559
45,94,0.773712,0.01,0.468559
45,95,0.777332,0.01,0.468559
45,96,0.780895,0.01,0.468559
45,97,0.784401,0.01,0.468559
45,98,0.779446,0.01,0.468559
45,99,0.782975,0.01,0.468559
45,100,0.782449,0.01,0.468559
45,101,0.78593,0.01,0.468559
45,102,0.789355,0.01,0.468559
45,103,0.788333,0.01,0.468559
45,104,0.79172,0.01,0.468559
45,105,0.790806,0.01,0.468559
45,106,0.794153,0.01,0.468559
45,107,0.797447,0.01,0.468559
45,108,0.796151,0.01,0.468559
45,109,0.799412,0.01,0.468559
45,110,0.802622,0.01,0.468559
45,111,0.80578,0.01,0.468559
45,112,0.808887,0.01,0.468559
45,113,0.807537,0.01,0.468559
45,114,0.810616,0.01,0.468559
45,115,0.809438,0.01,0.468559
45,116,0.803277,0.01,0.468559
45,117,0.806425,0.01,0.468559
45,118,0.809522,0.01,0.468559
45,119,0.81257,0.01,0.468559
45,120,0.815569,0.01,0.468559
45,121,0.813979,0.01,0.468559
45,122,0.808194,0.01,0.468559
45,123,0.807035,0.01,0.468559
45,124,0.805745,0.01,0.468559
45,125,0.804431,0.01,0.468559
45,126,0.80756,0.01,0.468559
45,127,0.810639,0.01,0.468559
45,128,0.809429,0.01,0.468559
45,129,0.804203,0.01,0.468559
45,130,0.802654,0.01,0.468559
45,131,0.801533,0.01,0.468559
45,132,0.804708,0.01,0.468559
45,133,0.803502,0.01,0.468559
45,134,0.806646,0.01,0.468559
45,135,0.80974,0.01,0.468559
45,136,0.812784,0.01,0.468559
45,137,0.81578,0.01,0.468559
45,138,0.814503,0.01,0.468559
45,139,0.817471,0.01,0.468559
45,140,0.815762,0.01,0.468559
45,141,0.818709,0.01,0.468559
45,142,0.82161,0.01,0.468559
45,143,0.820034,0.01,0.468559
45,144,0.822914,0.01,0.468559
45,145,0.821571,0.01,0.468559
45,146,0.811214,0.01,0.468559
45,147,0.814234,0.01,0.468559
45,148,0.812565,0.01,0.468559
45,149,0.815564,0.01,0.468559
45,150,0.818515,0.01,0.468559
45,151,0.821419,0.01,0.468559
45,152,0.824276,0.01,0.468559
45,153,0.822427,0.01,0.468559
45,154,0.820921,0.01,0.468559
45,155,0.819382,0.01,0.468559
45,156,0.822272,0.01,0.468559
45,157,0.825115,0.01,0.468559
45,158,0.823698,0.01,0.468559
45,159,0.826519,0.01,0.468559
45,160,0.829295,0.01,0.468559
45,161,0.832026,0.01,0.468559
45,162,0.830146,0.01,0.468559
45,163,0.828271,0.01,0.468559
45,164,0.826666,0.01,0.468559
45,165,0.824936,0.01,0.468559
45,166,0.827738,0.01,0.468559
45,167,0.826126,0.01,0.468559
45,168,0.828908,0.01,0.468559
45,169,0.831645,0.01,0.468559
45,170,0.834339,0.01,0.468559
45,171,0.832311,0.01,0.468559
45,172,0.834994,0.01,0.468559
45,173,0.833236,0.01,0.468559
45,174,0.826797,0.01,0.468559
45,175,0.829568,0.01,0.468559
45,176,0.832295,0.01,0.468559
45,177,0.834978,0.01,0.468559
45,178,0.833315,0.01,0.468559
45,179,0.835982,0.01,0.468559
45,180,0.838606,0.01,0.468559
45,181,0.841188,0.01,0.468559
45,182,0.843729,0.01,0.468559
45,183,0.84623,0.01,0.468559
45,184,0.84869,0.01,0.468559
45,185,0.851111,0.01,0.468559
45,186,0.84907,0.01,0.468559
45,187,0.851484,0.01,0.468559
45,188,0.853861,0.01,0.468559
45,189,0.856199,0.01,0.468559
45,190,0.8585,0.01,0.468559
45,191,0.860764,0.01,0.468559
45,192,0.862992,0.01,0.468559
45,193,0.860683,0.01,0.468559
45,194,0.862912,0.01,0.468559
45,195,0.860748,0.01,0.468559
45,196,0.862976,0.01,0.468559
45,197,0.860558,0.01,0.468559
45,198,0.858329,0.01,0.468559
45,199,0.85619,0.01,0.468559
45,200,0.858491,0.01,0.468559
46,1,0.50254,0.5056,0.0
46,2,0.505596,0.51183,0.0
46,3,0.509007,0.518465,0.0
46,4,0.512654,0.525346,0.0
46,5,0.516577,0.532365,0.0
46,6,0.517198,0.266182,0.1
46,7,0.524545,0.269062,0.1
46,8,0.531888,0.272154,0.1
46,9,0.539193,0.275378,0.1
46,10,0.539661,0.278677,0.1
46,11,0.543404,0.282011,0.1
46,12,0.550638,0.26791,0.1
46,13,0.554205,0.271479,0.1
46,14,0.561302,0.275034,0.1
46,15,0.568296,0.278563,0.1
46,16,0.57173,0.282056,0.1
46,17,0.575014,0.285508,0.1
46,18,0.578346,0.142754,0.19
46,19,0.581721,0.144102,0.19
46,20,0.584956,0.145538,0.19
46,21,0.591593,0.147029,0.19
46,22,0.598125,0.14855,0.19
46,23,0.604553,0.150085,0.19
46,24,0.607175,0.075042,0.271
46,25,0.613459,0.07564,0.271
46,26,0.616207,0.076289,0.271
46,27,0.615052,0.076969,0.271
46,28,0.617407,0.077668,0.271
46,29,0.616148,0.078377,0.271
46,30,0.622289,0.039189,0.3439
46,31,0.628333,0.03946,0.3439
46,32,0.630764,0.039757,0.3439
46,33,0.632704,0.040071,0.3439
46,34,0.634784,0.040395,0.3439
46,35,0.636941,0.040724,0.3439
46,36,0.64275,0.020362,0.40951
46,37,0.648466,0.020485,0.40951
46,38,0.650169,0.020622,0.40951
46,39,0.655766,0.020767,0.40951
46,40,0.657474,0.020917,0.40951
46,41,0.655249,0.02107,0.40951
46,42,0.657052,0.01,0.468559
46,43,0.658932,0.01,0.468559
46,44,0.660713,0.01,0.468559
46,45,0.666142,0.01,0.468559
46,46,0.663646,0.01,0.468559
46,47,0.669028,0.01,0.468559
46,48,0.674323,0.01,0.468559
46,49,0.679534,0.01,0.468559
46,50,0.684661,0.01,0.468559
46,51,0.68195,0.01,0.468559
46,52,0.68344,0.01,0.468559
46,53,0.688505,0.01,0.468559
46,54,0.693488,0.01,0.468559
46,55,0.698393,0.01,0.468559
46,56,0.703218,0.01,0.468559
46,57,0.707967,0.01,0.468559
46,58,0.70863,0.01,0.468559
46,59,0.709248,0.01,0.468559
46,60,0.7139,0.01,0.468559
46,61,0.710231,0.01,0.468559
46,62,0.710514,0.01,0.468559
46,63,0.707119,0.01,0.468559
46,64,0.711805,0.01,0.468559
46,65,0.716416,0.01,0.468559
46,66,0.720953,0.01,0.468559
46,67,0.717411,0.01,0.468559
46,68,0.721933,0.01,0.468559
46,69,0.726382,0.01,0.468559
46,70,0.72681,0.01,0.468559
46,71,0.731181,0.01,0.468559
46,72,0.735482,0.01,0.468559
46,73,0.739714,0.01,0.468559
46,74,0.739456,0.01,0.468559
46,75,0.739395,0.01,0.468559
46,76,0.743565,0.01,0.468559
46,77,0.743728,0.01,0.468559
46,78,0.743625,0.01,0.468559
46,79,0.743714,0.01,0.468559
46,80,0.747815,0.01,0.468559
46,81,0.75185,0.01,0.468559
46,82,0.75582,0.01,0.468559
46,83,0.759727,0.01,0.468559
46,84,0.763571,0.01,0.468559
46,85,0.767354,0.01,0.468559
46,86,0.766936,0.01,0.468559
46,87,0.770665,0.01,0.468559
46,88,0.774334,0.01,0.468559
46,89,0.777945,0.01,0.468559
46,90,0.781498,0.01,0.468559
46,91,0.784994,0.01,0.468559
46,92,0.788434,0.01,0.468559
46,93,0.791819,0.01,0.468559
46,94,0.791059,0.01,0.468559
46,95,0.790272,0.01,0.468559
46,96,0.793627,0.01,0.468559
46,97,0.796929,0.01,0.468559
46,98,0.800178,0.01,0.468559
46,99,0.803376,0.01,0.468559
46,100,0.806522,0.01,0.468559
46,101,0.809617,0.01,0.468559
46,102,0.808219,0.01,0.468559
46,103,0.806871,0.01,0.468559
46,104,0.805411,0.01,0.468559
46,105,0.804262,0.01,0.468559
46,106,0.802982,0.01,0.468559
46,107,0.801991,0.01,0.468559
46,108,0.800672,0.01,0.468559
46,109,0.803861,0.01,0.468559
46,110,0.806999,0.01,0.468559
46,111,0.801499,0.01,0.468559
46,112,0.800312,0.01,0.468559
46,113,0.799123,0.01,0.468559
46,114,0.802338,0.01,0.468559
46,115,0.8055,0.01,0.468559
46,116,0.804333,0.01,0.468559
46,117,0.807464,0.01,0.468559
46,118,0.810545,0.01,0.468559
46,119,0.813576,0.01,0.468559
46,120,0.812251,0.01,0.468559
46,121,0.815255,0.01,0.468559
46,122,0.818211,0.01,0.468559
46,123,0.82112,0.01,0.468559
46,124,0.823982,0.01,0.468559
46,125,0.826798,0.01,0.468559
46,126,0.829569,0.01,0.468559
46,127,0.832296,0.01,0.468559
46,128,0.834979,0.01,0.468559
46,129,0.833326,0.01,0.468559
46,130,0.831259,0.01,0.468559
46,131,0.833958,0.01,0.468559
46,132,0.836615,0.01,0.468559
46,133,0.834911,0.01,0.468559
46,134,0.837553,0.01,0.468559
46,135,0.840152,0.01,0.468559
46,136,0.838099,0.01,0.468559
46,137,0.831831,0.01,0.468559
46,138,0.834521,0.01,0.468559
46,139,0.832692,0.01,0.468559
46,140,0.835369,0.01,0.468559
46,141,0.838003,0.01,0.468559
46,142,0.840595,0.01,0.468559
46,143,0.843146,0.01,0.468559
46,144,0.841326,0.01,0.468559
46,145,0.843865,0.01,0.468559
46,146,0.846363,0.01,0.468559
46,147,0.848821,0.01,0.468559
46,148,0.85124,0.01,0.468559
46,149,0.849177,0.01,0.468559
46,150,0.838123,0.01,0.468559
46,151,0.840713,0.01,0.468559
46,152,0.838896,0.01,0.468559
46,153,0.841474,0.01,0.468559
46,154,0.84401,0.01,0.468559
46,155,0.846506,0.01,0.468559
46,156,0.844228,0.01,0.468559
46,157,0.84672,0.01,0.468559
46,158,0.849173,0.01,0.468559
46,159,0.851586,0.01,0.468559
46,160,0.840347,0.01,0.468559
46,161,0.842902,0.01,0.468559
46,162,0.845415,0.01,0.468559
46,163,0.847889,0.01,0.468559
46,164,0.850323,0.01,0.468559
46,165,0.848153,0.01,0.468559
46,166,0.850582,0.01,0.468559
46,167,0.852973,0.01,0.468559
46,168,0.855325,0.01,0.468559
46,169,0.85764,0.01,0.468559
46,170,0.859918,0.01,0.468559
46,171,0.85761,0.01,0.468559
46,172,0.859888,0.01,0.468559
46,173,0.86213,0.01,0.468559
46,174,0.864336,0.01,0.468559
46,175,0.866506,0.01,0.468559
46,176,0.868642,0.01,0.468559
46,177,0.861574,0.01,0.468559
46,178,0.859267,0.01,0.468559
46,179,0.856985,0.01,0.468559
46,180,0.850412,0.01,0.468559
46,181,0.852805,0.01,0.468559
46,182,0.841219,0.01,0.468559
46,183,0.843759,0.01,0.468559
46,184,0.837551,0.01,0.468559
46,185,0.840151,0.01,0.468559
46,186,0.842708,0.01,0.468559
46,187,0.845225,0.01,0.468559
46,188,0.843384,0.01,0.468559
46,189,0.84589,0.01,0.468559
46,190,0.848355,0.01,0.468559
46,191,0.846292,0.01,0.468559
46,192,0.840029,0.01,0.468559
46,193,0.842588,0.01,0.468559
46,194,0.840539,0.01,0.468559
46,195,0.84309,0.01,0.468559
46,196,0.831775,0.01,0.468559
46,197,0.830303,0.01,0.468559
46,198,0.833018,0.01,0.468559
46,199,0.831234,0.01,0.468559
46,200,0.833934,0.01,0.468559
47,1,0.5056,0.5056,0.0
47,2,0.508679,0.51183,0.0
47,3,0.512091,0.486239,0.0
47,4,0.519004,0.493283,0.0
47,5,0.526075,0.500567,0.0
47,6,0.533219,0.250284,0.1
47,7,0.540381,0.253357,0.1
47,8,0.547521,0.256659,0.1
47,9,0.55461,0.2601,0.1
47,10,0.558135,0.263623,0.1
47,11,0.561605,0.267183,0.1
47,12,0.561709,0.133592,0.19
47,13,0.568678,0.13504,0.19
47,14,0.575549,0.136589,0.19
47,15,0.5787,0.138201,0.19
47,16,0.585426,0.139848,0.19
47,17,0.592048,0.132855,0.19
47,18,0.594883,0.066428,0.271
47,19,0.601359,0.06715,0.271
47,20,0.607734,0.067925,0.271
47,21,0.614007,0.068733,0.271
47,22,0.612959,0.06956,0.271
47,23,0.61548,0.070395,0.271
47,24,0.621631,0.035198,0.3439
47,25,0.624095,0.035532,0.3439
47,26,0.626264,0.035891,0.3439
47,27,0.632243,0.036267,0.3439
47,28,0.638127,0.036651,0.3439
47,29,0.640093,0.03704,0.3439
47,30,0.638427,0.01852,0.40951
47,31,0.644212,0.018673,0.40951
47,32,0.649905,0.018838,0.40951
47,33,0.655506,0.019012,0.40951
47,34,0.661018,0.01919,0.40951
47,35,0.662605,0.019371,0.40951
47,36,0.668004,0.01,0.468559
47,37,0.669649,0.01,0.468559
47,38,0.674935,0.01,0.468559
47,39,0.680136,0.01,0.468559
47,40,0.681238,0.01,0.468559
47,41,0.678366,0.01,0.468559
47,42,0.679747,0.01,0.468559
47,43,0.680749,0.01,0.468559
47,44,0.678291,0.01,0.468559
47,45,0.683438,0.01,0.468559
47,46,0.688503,0.01,0.468559
47,47,0.693487,0.01,0.468559
47,48,0.698391,0.01,0.468559
47,49,0.699165,0.01,0.468559
47,50,0.703978,0.01,0.468559
47,51,0.704994,0.01,0.468559
47,52,0.709714,0.01,0.468559
47,53,0.714359,0.01,0.468559
47,54,0.718929,0.01,0.468559
47,55,0.723426,0.01,0.468559
47,56,0.727851,0.01,0.468559
47,57,0.728015,0.01,0.468559
47,58,0.732367,0.01,0.468559
47,59,0.736649,0.01,0.468559
47,60,0.740863,0.01,0.468559
47,61,0.740861,0.01,0.468559
47,62,0.740654,0.01,0.468559
47,63,0.744803,0.01,0.468559
47,64,0.740405,0.01,0.468559
47,65,0.740458,0.01,0.468559
47,66,0.744611,0.01,0.468559
47,67,0.748697,0.01,0.468559
47,68,0.752718,0.01,0.468559
47,69,0.756675,0.01,0.468559
47,70,0.760568,0.01,0.468559
47,71,0.764399,0.01,0.468559
47,72,0.768168,0.01,0.468559
47,73,0.767616,0.01,0.468559
47,74,0.771334,0.01,0.468559
47,75,0.774993,0.01,0.468559
47,76,0.774534,0.01,0.468559
47,77,0.77391,0.01,0.468559
47,78,0.777528,0.01,0.468559
47,79,0.776686,0.01,0.468559
47,80,0.775949,0.01,0.468559
47,81,0.77131,0.01,0.468559
47,82,0.774969,0.01,0.468559
47,83,0.77857,0.01,0.468559
47,84,0.782112,0.01,0.468559
47,85,0.785599,0.01,0.468559
47,86,0.789029,0.01,0.468559
47,87,0.792405,0.01,0.468559
47,88,0.791445,0.01,0.468559
47,89,0.786361,0.01,0.468559
47,90,0.789779,0.01,0.468559
47,91,0.789109,0.01,0.468559
47,92,0.788258,0.01,0.468559
47,93,0.791645,0.01,0.468559
47,94,0.794979,0.01,0.468559
47,95,0.785753,0.01,0.468559
47,96,0.784902,0.01,0.468559
47,97,0.78377,0.01,0.468559
47,98,0.783092,0.01,0.468559
47,99,0.786562,0.01,0.468559
47,100,0.789977,0.01,0.468559
47,101,0.793337,0.01,0.468559
47,102,0.796644,0.01,0.468559
47,103,0.799898,0.01,0.468559
47,104,0.798692,0.01,0.468559
47,105,0.801912,0.01,0.468559
47,106,0.800568,0.01,0.468559
47,107,0.803759,0.01,0.468559
47,108,0.806899,0.01,0.468559
47,109,0.809988,0.01,0.468559
47,110,0.808631,0.01,0.468559
47,111,0.811693,0.01,0.468559
47,112,0.814705,0.01,0.468559
47,113,0.813459,0.01,0.468559
47,114,0.812307,0.01,0.468559
47,115,0.811215,0.01,0.468559
47,116,0.801264,0.01,0.468559
47,117,0.804443,0.01,0.468559
47,118,0.803651,0.01,0.468559
47,119,0.802331,0.01,0.468559
47,120,0.805494,0.01,0.468559
47,121,0.808606,0.01,0.468559
47,122,0.811668,0.01,0.468559
47,123,0.814681,0.01,0.468559
47,124,0.817646,0.01,0.468559
47,125,0.820564,0.01,0.468559
47,126,0.823435,0.01,0.468559
47,127,0.817565,0.01,0.468559
47,128,0.820484,0.01,0.468559
47,129,0.814883,0.01,0.468559
47,130,0.817845,0.01,0.468559
47,131,0.820759,0.01,0.468559
47,132,0.819188,0.01,0.468559
47,133,0.822081,0.01,0.468559
47,134,0.815768,0.01,0.468559
47,135,0.818716,0.01,0.468559
47,136,0.817648,0.01,0.468559
47,137,0.815872,0.01,0.468559
47,138,0.818818,0.01,0.468559
47,139,0.821717,0.01,0.468559
47,140,0.82457,0.01,0.468559
47,141,0.822925,0.01,0.468559
47,142,0.825758,0.01,0.468559
47,143,0.824226,0.01,0.468559
47,144,0.822457,0.01,0.468559
47,145,0.825298,0.01,0.468559
47,146,0.828093,0.01,0.468559
47,147,0.817271,0.01,0.468559
47,148,0.820195,0.01,0.468559
47,149,0.823072,0.01,0.468559
47,150,0.821257,0.01,0.468559
47,151,0.820034,0.01,0.468559
47,152,0.818631,0.01,0.468559
47,153,0.812588,0.01,0.468559
47,154,0.806652,0.01,0.468559
47,155,0.80136,0.01,0.468559
47,156,0.804538,0.01,0.468559
47,157,0.798945,0.01,0.468559
47,158,0.802162,0.01,0.468559
47,159,0.805327,0.01,0.468559
47,160,0.808442,0.01,0.468559
47,161,0.807068,0.01,0.468559
47,162,0.810155,0.01,0.468559
47,163,0.813193,0.01,0.468559
47,164,0.816182,0.01,0.468559
47,165,0.819123,0.01,0.468559
47,166,0.822017,0.01,0.468559
47,167,0.824864,0.01,0.468559
47,168,0.827667,0.01,0.468559
47,169,0.830424,0.01,0.468559
47,170,0.828558,0.01,0.468559
47,171,0.831301,0.01,0.468559
47,172,0.824917,0.01,0.468559
47,173,0.827718,0.01,0.468559
47,174,0.830475,0.01,0.468559
47,175,0.824463,0.01,0.468559
47,176,0.827272,0.01,0.468559
47,177,0.821082,0.01,0.468559
47,178,0.823944,0.01,0.468559
47,179,0.826761,0.01,0.468559
47,180,0.825321,0.01,0.468559
47,181,0.823729,0.01,0.468559
47,182,0.826549,0.01,0.468559
47,183,0.829325,0.01,0.468559
47,184,0.832055,0.01,0.468559
47,185,0.830197,0.01,0.468559
47,186,0.828313,0.01,0.468559
47,187,0.826894,0.01,0.468559
47,188,0.829664,0.01,0.468559
47,189,0.832389,0.01,0.468559
47,190,0.835071,0.01,0.468559
47,191,0.83771,0.01,0.468559
47,192,0.840306,0.01,0.468559
47,193,0.838399,0.01,0.468559
47,194,0.836666,0.01,0.468559
47,195,0.839279,0.01,0.468559
47,196,0.84185,0.01,0.468559
47,197,0.844381,0.01,0.468559
47,198,0.846871,0.01,0.468559
47,199,0.844707,0.01,0.468559
47,200,0.847192,0.01,0.468559
48,1,0.50254,0.5056,0.0
48,2,0.508747,0.48032,0.0
48,3,0.515381,0.486955,0.0
48,4,0.518996,0.493988,0.0
48,5,0.522738,0.501261,0.0
48,6,0.529919,0.25063,0.1
48,7,0.533837,0.253699,0.1
48,8,0.537862,0.256994,0.1
48,9,0.538143,0.260431,0.1
48,10,0.541905,0.263948,0.1
48,11,0.549139,0.267503,0.1
48,12,0.556286,0.133752,0.19
48,13,0.563339,0.135197,0.19
48,14,0.566696,0.136744,0.19
48,15,0.573605,0.138353,0.19
48,16,0.57689,0.139998,0.19
48,17,0.583648,0.141658,0.19
48,18,0.586616,0.070829,0.271
48,19,0.593224,0.071491,0.271
48,20,0.599728,0.072205,0.271
48,21,0.602481,0.072949,0.271
48,22,0.605153,0.073712,0.271
48,23,0.607681,0.074483,0.271
48,24,0.613957,0.037242,0.3439
48,25,0.612669,0.037544,0.3439
48,26,0.615104,0.037872,0.3439
48,27,0.617603,0.038216,0.3439
48,28,0.619961,0.038569,0.3439
48,29,0.626041,0.038928,0.3439
48,30,0.628307,0.019464,0.40951
48,31,0.634254,0.019601,0.40951
48,32,0.640106,0.019752,0.40951
48,33,0.645864,0.019911,0.40951
48,34,0.65153,0.020075,0.40951
48,35,0.657106,0.020242,0.40951
48,36,0.654653,0.01,0.468559
48,37,0.656329,0.01,0.468559
48,38,0.658003,0.01,0.468559
48,39,0.663475,0.01,0.468559
48,40,0.664957,0.01,0.468559
48,41,0.670318,0.01,0.468559
48,42,0.675593,0.01,0.468559
48,43,0.676917,0.01,0.468559
48,44,0.682086,0.01,0.468559
48,45,0.683207,0.01,0.468559
48,46,0.68423,0.01,0.468559
48,47,0.689283,0.01,0.468559
48,48,0.694254,0.01,0.468559
48,49,0.699146,0.01,0.468559
48,50,0.70396,0.01,0.468559
48,51,0.704756,0.01,0.468559
48,52,0.705474,0.01,0.468559
48,53,0.710186,0.01,0.468559
48,54,0.706785,0.01,0.468559
48,55,0.711476,0.01,0.468559
48,56,0.716092,0.01,0.468559
48,57,0.712705,0.01,0.468559
48,58,0.7132,0.01,0.468559
48,59,0.717789,0.01,0.468559
48,60,0.722305,0.01,0.468559
48,61,0.726748,0.01,0.468559
48,62,0.726984,0.01,0.468559
48,63,0.727096,0.01,0.468559
48,64,0.731462,0.01,0.468559
48,65,0.735759,0.01,0.468559
48,66,0.739987,0.01,0.468559
48,67,0.744147,0.01,0.468559
48,68,0.744155,0.01,0.468559
48,69,0.748249,0.01,0.468559
48,70,0.752277,0.01,0.468559
48,71,0.75624,0.01,0.468559
48,72,0.755788,0.01,0.468559
48,73,0.755535,0.01,0.468559
48,74,0.755404,0.01,0.468559
48,75,0.755108,0.01,0.468559
48,76,0.759027,0.01,0.468559
48,77,0.762882,0.01,0.468559
48,78,0.766676,0.01,0.468559
48,79,0.766142,0.01,0.468559
48,80,0.769883,0.01,0.468559
48,81,0.769239,0.01,0.468559
48,82,0.772931,0.01,0.468559
48,83,0.776565,0.01,0.468559
48,84,0.780139,0.01,0.468559
48,85,0.783657,0.01,0.468559
48,86,0.787119,0.01,0.468559
48,87,0.790525,0.01,0.468559
48,88,0.793876,0.01,0.468559
48,89,0.797174,0.01,0.468559
48,90,0.80042,0.01,0.468559
48,91,0.803613,0.01,0.468559
48,92,0.806755,0.01,0.468559
48,93,0.809847,0.01,0.468559
48,94,0.808579,0.01,0.468559
48,95,0.811641,0.01,0.468559
48,96,0.814655,0.01,0.468559
48,97,0.817621,0.01,0.468559
48,98,0.820539,0.01,0.468559
48,99,0.814682,0.01,0.468559
48,100,0.817647,0.01,0.468559
48,101,0.816191,0.01,0.468559
48,102,0.819132,0.01,0.468559
48,103,0.822026,0.01,0.468559
48,104,0.820469,0.01,0.468559
48,105,0.823342,0.01,0.468559
48,106,0.821886,0.01,0.468559
48,107,0.820311,0.01,0.468559
48,108,0.823186,0.01,0.468559
48,109,0.821639,0.01,0.468559
48,110,0.815789,0.01,0.468559
48,111,0.814535,0.01,0.468559
48,112,0.817502,0.01,0.468559
48,113,0.820422,0.01,0.468559
48,114,0.823296,0.01,0.468559
48,115,0.826123,0.01,0.468559
48,116,0.828905,0.01,0.468559
48,117,0.827455,0.01,0.468559
48,118,0.825576,0.01,0.468559
48,119,0.828367,0.01,0.468559
48,120,0.831113,0.01,0.468559
48,121,0.825029,0.01,0.468559
48,122,0.827828,0.01,0.468559
48,123,0.830583,0.01,0.468559
48,124,0.829051,0.01,0.468559
48,125,0.831786,0.01,0.468559
48,126,0.834478,0.01,0.468559
48,127,0.837126,0.01,0.468559
48,128,0.83558,0.01,0.468559
48,129,0.83821,0.01,0.468559
48,130,0.836423,0.01,0.468559
48,131,0.839041,0.01,0.468559
48,132,0.837367,0.01,0.468559
48,133,0.835268,0.01,0.468559
48,134,0.837903,0.01,0.468559
48,135,0.840497,0.01,0.468559
48,136,0.843049,0.01,0.468559
48,137,0.84556,0.01,0.468559
48,138,0.848031,0.01,0.468559
48,139,0.841457,0.01,0.468559
48,140,0.831045,0.01,0.468559
48,141,0.833748,0.01,0.468559
48,142,0.836408,0.01,0.468559
48,143,0.834942,0.01,0.468559
48,144,0.837583,0.01,0.468559
48,145,0.840181,0.01,0.468559
48,146,0.842738,0.01,0.468559
48,147,0.845255,0.01,0.468559
48,148,0.843103,0.01,0.468559
48,149,0.845614,0.01,0.468559
48,150,0.843323,0.01,0.468559
48,151,0.841174,0.01,0.468559
48,152,0.834514,0.01,0.468559
48,153,0.837162,0.01,0.468559
48,154,0.839767,0.01,0.468559
48,155,0.837706,0.01,0.468559
48,156,0.840302,0.01,0.468559
48,157,0.838318,0.01,0.468559
48,158,0.840905,0.01,0.468559
48,159,0.830279,0.01,0.468559
48,160,0.832994,0.01,0.468559
48,161,0.835666,0.01,0.468559
48,162,0.838296,0.01,0.468559
48,163,0.83654,0.01,0.468559
48,164,0.834477,0.01,0.468559
48,165,0.828136,0.01,0.468559
48,166,0.826563,0.01,0.468559
48,167,0.820496,0.01,0.468559
48,168,0.823368,0.01,0.468559
48,169,0.826194,0.01,0.468559
48,170,0.828975,0.01,0.468559
48,171,0.831711,0.01,0.468559
48,172,0.834404,0.01,0.468559
48,173,0.827731,0.01,0.468559
48,174,0.826084,0.01,0.468559
48,175,0.828866,0.01,0.468559
48,176,0.822792,0.01,0.468559
48,177,0.821075,0.01,0.468559
48,178,0.815093,0.01,0.468559
48,179,0.809141,0.01,0.468559
48,180,0.80788,0.01,0.468559
48,181,0.810954,0.01,0.468559
48,182,0.813978,0.01,0.468559
48,183,0.816955,0.01,0.468559
48,184,0.819884,0.01,0.468559
48,185,0.822765,0.01,0.468559
48,186,0.816884,0.01,0.468559
48,187,0.819813,0.01,0.468559
48,188,0.818216,0.01,0.468559
48,189,0.816753,0.01,0.468559
48,190,0.819685,0.01,0.468559
48,191,0.818225,0.01,0.468559
48,192,0.812669,0.01,0.468559
48,193,0.815666,0.01,0.468559
48,194,0.818615,0.01,0.468559
48,195,0.81712,0.01,0.468559
48,196,0.820046,0.01,0.468559
48,197,0.822925,0.01,0.468559
48,198,0.821025,0.01,0.468559
48,199,0.823889,0.01,0.468559
48,200,0.826707,0.01,0.468559
49,1,0.5056,0.5056,0.0
49,2,0.51183,0.51183,0.0
49,3,0.518465,0.518465,0.0
49,4,0.525346,0.525346,0.0
49,5,0.525708,0.532365,0.0
49,6,0.529489,0.266182,0.1
49,7,0.536698,0.269062,0.1
49,8,0.540449,0.272154,0.1
49,9,0.544287,0.275378,0.1
49,10,0.551459,0.278677,0.1
49,11,0.558552,0.282011,0.1
49,12,0.565557,0.141005,0.19
49,13,0.568894,0.142339,0.19
49,14,0.575762,0.143774,0.19
49,15,0.582529,0.145272,0.19
49,16,0.585651,0.146807,0.19
49,17,0.588606,0.14836,0.19
49,18,0.591495,0.07418,0.271
49,19,0.594432,0.074789,0.271
49,20,0.593556,0.075449,0.271
49,21,0.600056,0.076142,0.271
49,22,0.606453,0.076854,0.271
49,23,0.612749,0.077575,0.271
49,24,0.618944,0.073696,0.271
49,25,0.621304,0.074483,0.271
49,26,0.627363,0.075267,0.271
49,27,0.629646,0.076046,0.271
49,28,0.635572,0.076817,0.271
49,29,0.641402,0.07758,0.271
49,30,0.643325,0.03879,0.3439
49,31,0.649032,0.039077,0.3439
49,32,0.650923,0.037124,0.3439
49,33,0.65264,0.037465,0.3439
49,34,0.646849,0.037821,0.3439
49,35,0.652499,0.038184,0.3439
49,36,0.658059,0.019092,0.40951
49,37,0.66353,0.019234,0.40951
49,38,0.668914,0.019389,0.40951
49,39,0.670287,0.019553,0.40951
49,40,0.671484,0.019722,0.40951
49,41,0.676741,0.019894,0.40951
49,42,0.681913,0.01,0.468559
49,43,0.683138,0.01,0.468559
49,44,0.684342,0.01,0.468559
49,45,0.685242,0.01,0.468559
49,46,0.690278,0.01,0.468559
49,47,0.691441,0.01,0.468559
49,48,0.692325,0.01,0.468559
49,49,0.6934,0.01,0.468559
49,50,0.690243,0.01,0.468559
49,51,0.691453,0.01,0.468559
49,52,0.688248,0.01,0.468559
49,53,0.689442,0.01,0.468559
49,54,0.690395,0.01,0.468559
49,55,0.691428,0.01,0.468559
49,56,0.692314,0.01,0.468559
49,57,0.697237,0.01,0.468559
49,58,0.698015,0.01,0.468559
49,59,0.702847,0.01,0.468559
49,60,0.703621,0.01,0.468559
49,61,0.704541,0.01,0.468559
49,62,0.709269,0.01,0.468559
49,63,0.71392,0.01,0.468559
49,64,0.714337,0.01,0.468559
49,65,0.718908,0.01,0.468559
49,66,0.719422,0.01,0.468559
49,67,0.723911,0.01,0.468559
49,68,0.71983,0.01,0.468559
49,69,0.724313,0.01,0.468559
49,70,0.72048,0.01,0.468559
49,71,0.724952,0.01,0.468559
49,72,0.729353,0.01,0.468559
49,73,0.733684,0.01,0.468559
49,74,0.737945,0.01,0.468559
49,75,0.742138,0.01,0.468559
49,76,0.746263,0.01,0.468559
49,77,0.746335,0.01,0.468559
49,78,0.750394,0.01,0.468559
49,79,0.750501,0.01,0.468559
49,80,0.754493,0.01,0.468559
49,81,0.758421,0.01,0.468559
49,82,0.762286,0.01,0.468559
49,83,0.76609,0.01,0.468559
49,84,0.769832,0.01,0.468559
49,85,0.761231,0.01,0.468559
49,86,0.760648,0.01,0.468559
49,87,0.764477,0.01,0.468559
49,88,0.763908,0.01,0.468559
49,89,0.767685,0.01,0.468559
49,90,0.767186,0.01,0.468559
49,91,0.766565,0.01,0.468559
49,92,0.766012,0.01,0.468559
49,93,0.769756,0.01,0.468559
49,94,0.77344,0.01,0.468559
49,95,0.777065,0.01,0.468559
49,96,0.780632,0.01,0.468559
49,97,0.784142,0.01,0.468559
49,98,0.787595,0.01,0.468559
49,99,0.790994,0.01,0.468559
49,100,0.789935,0.01,0.468559
49,101,0.789088,0.01,0.468559
49,102,0.792463,0.01,0.468559
49,103,0.791497,0.01,0.468559
49,104,0.794833,0.01,0.468559
49,105,0.798116,0.01,0.468559
49,106,0.796951,0.01,0.468559
49,107,0.795945,0.01,0.468559
49,108,0.79921,0.01,0.468559
49,109,0.802423,0.01,0.468559
49,110,0.805584,0.01,0.468559
49,111,0.804357,0.01,0.468559
49,112,0.807488,0.01,0.468559
49,113,0.801812,0.01,0.468559
49,114,0.800776,0.01,0.468559
49,115,0.795598,0.01,0.468559
49,116,0.790173,0.01,0.468559
49,117,0.793531,0.01,0.468559
49,118,0.796834,0.01,0.468559
49,119,0.791463,0.01,0.468559
49,120,0.7948,0.01,0.468559
49,121,0.793995,0.01,0.468559
49,122,0.797291,0.01,0.468559
49,123,0.800534,0.01,0.468559
49,124,0.794837,0.01,0.468559
49,125,0.798119,0.01,0.468559
49,126,0.80135,0.01,0.468559
49,127,0.804528,0.01,0.468559
49,128,0.807655,0.01,0.468559
49,129,0.806233,0.01,0.468559
49,130,0.809334,0.01,0.468559
49,131,0.812384,0.01,0.468559
49,132,0.815386,0.01,0.468559
49,133,0.81834,0.01,0.468559
49,134,0.816797,0.01,0.468559
49,135,0.819728,0.01,0.468559
49,136,0.813908,0.01,0.468559
49,137,0.816885,0.01,0.468559
49,138,0.819815,0.01,0.468559
49,139,0.818101,0.01,0.468559
49,140,0.821012,0.01,0.468559
49,141,0.819504,0.01,0.468559
49,142,0.822392,0.01,0.468559
49,143,0.825234,0.01,0.468559
49,144,0.819431,0.01,0.468559
49,145,0.82232,0.01,0.468559
49,146,0.825163,0.01,0.468559
49,147,0.827961,0.01,0.468559
49,148,0.830713,0.01,0.468559
49,149,0.833422,0.01,0.468559
49,150,0.836087,0.01,0.468559
49,151,0.83871,0.01,0.468559
49,152,0.84129,0.01,0.468559
49,153,0.84383,0.01,0.468559
49,154,0.846329,0.01,0.468559
49,155,0.848787,0.01,0.468559
49,156,0.842057,0.01,0.468559
49,157,0.84023,0.01,0.468559
49,158,0.842786,0.01,0.468559
49,159,0.845301,0.01,0.468559
49,160,0.847776,0.01,0.468559
49,161,0.850212,0.01,0.468559
49,162,0.852609,0.01,0.468559
49,163,0.850349,0.01,0.468559
49,164,0.852743,0.01,0.468559
49,165,0.850577,0.01,0.468559
49,166,0.852968,0.01,0.468559
49,167,0.85532,0.01,0.468559
49,168,0.857635,0.01,0.468559
49,169,0.855507,0.01,0.468559
49,170,0.857819,0.01,0.468559
49,171,0.850963,0.01,0.468559
49,172,0.853347,0.01,0.468559
49,173,0.855694,0.01,0.468559
49,174,0.853605,0.01,0.468559
49,175,0.855947,0.01,0.468559
49,176,0.858252,0.01,0.468559
49,177,0.86052,0.01,0.468559
49,178,0.858257,0.01,0.468559
49,179,0.860525,0.01,0.468559
49,180,0.862756,0.01,0.468559
49,181,0.855776,0.01,0.468559
49,182,0.858084,0.01,0.468559
49,183,0.855793,0.01,0.468559
49,184,0.858101,0.01,0.468559
49,185,0.860371,0.01,0.468559
49,186,0.862605,0.01,0.468559
49,187,0.859968,0.01,0.468559
49,188,0.862208,0.01,0.468559
49,189,0.864413,0.01,0.468559
49,190,0.866582,0.01,0.468559
49,191,0.86429,0.01,0.468559
49,192,0.861836,0.01,0.468559
49,193,0.859434,0.01,0.468559
49,194,0.861683,0.01,0.468559
49,195,0.859223,0.01,0.468559
49,196,0.861476,0.01,0.468559
49,197,0.863692,0.01,0.468559
49,198,0.861342,0.01,0.468559
49,199,0.86356,0.01,0.468559
49,200,0.865743,0.01,0.468559
50,1,0.5056,0.5056,0.0
50,2,0.51183,0.51183,0.0
50,3,0.518465,0.518465,0.0
50,4,0.525346,0.525346,0.0
50,5,0.532365,0.532365,0.0
50,6,0.539443,0.266182,0.1
50,7,0.54653,0.269062,0.1
50,8,0.543273,0.272154,0.1
50,9,0.550424,0.275378,0.1
50,10,0.554131,0.278677,0.1
50,11,0.561184,0.282011,0.1
50,12,0.561166,0.141005,0.19
50,13,0.568145,0.142339,0.19
50,14,0.571654,0.143774,0.19
50,15,0.575203,0.145272,0.19
50,16,0.578341,0.146807,0.19
50,17,0.585075,0.14836,0.19
50,18,0.591705,0.07418,0.271
50,19,0.594526,0.074789,0.271
50,20,0.593554,0.075449,0.271
50,21,0.600054,0.076142,0.271
50,22,0.606451,0.076854,0.271
50,23,0.612746,0.077575,0.271
50,24,0.618941,0.038788,0.3439
50,25,0.625037,0.039065,0.3439
50,26,0.627567,0.039368,0.3439
50,27,0.626401,0.039689,0.3439
50,28,0.632378,0.040019,0.3439
50,29,0.634532,0.040354,0.3439
50,30,0.640379,0.020177,0.40951
50,31,0.646133,0.020303,0.40951
50,32,0.651795,0.020443,0.40951
50,33,0.657366,0.02059,0.40951
50,34,0.662848,0.020743,0.40951
50,35,0.668243,0.020899,0.40951
50,36,0.673551,0.01,0.468559
50,37,0.678774,0.01,0.468559
50,38,0.683914,0.01,0.468559
50,39,0.688971,0.01,0.468559
50,40,0.693947,0.01,0.468559
50,41,0.694751,0.01,0.468559
50,42,0.695603,0.01,0.468559
50,43,0.696563,0.01,0.468559
50,44,0.701418,0.01,0.468559
50,45,0.698128,0.01,0.468559
50,46,0.699239,0.01,0.468559
50,47,0.704051,0.01,0.468559
50,48,0.704916,0.01,0.468559
50,49,0.705981,0.01,0.468559
50,50,0.706547,0.01,0.468559
50,51,0.711242,0.01,0.468559
50,52,0.71175,0.01,0.468559
50,53,0.716362,0.01,0.468559
50,54,0.712756,0.01,0.468559
50,55,0.713279,0.01,0.468559
50,56,0.709474,0.01,0.468559
50,57,0.714122,0.01,0.468559
50,58,0.714714,0.01,0.468559
50,59,0.715198,0.01,0.468559
50,60,0.719755,0.01,0.468559
50,61,0.720339,0.01,0.468559
50,62,0.724814,0.01,0.468559
50,63,0.729217,0.01,0.468559
50,64,0.729224,0.01,0.468559
50,65,0.733556,0.01,0.468559
50,66,0.733959,0.01,0.468559
50,67,0.734314,0.01,0.468559
50,68,0.734514,0.01,0.468559
50,69,0.738762,0.01,0.468559
50,70,0.739118,0.01,0.468559
50,71,0.743292,0.01,0.468559
50,72,0.743117,0.01,0.468559
50,73,0.747227,0.01,0.468559
50,74,0.751272,0.01,0.468559
50,75,0.755251,0.01,0.468559
50,76,0.759167,0.01,0.468559
50,77,0.763021,0.01,0.468559
50,78,0.766812,0.01,0.468559
50,79,0.766177,0.01,0.468559
50,80,0.769918,0.01,0.468559
50,81,0.7736,0.01,0.468559
50,82,0.773091,0.01,0.468559
50,83,0.776721,0.01,0.468559
50,84,0.780294,0.01,0.468559
50,85,0.771029,0.01,0.468559
50,86,0.770641,0.01,0.468559
50,87,0.770044,0.01,0.468559
50,88,0.752585,0.01,0.468559
50,89,0.756543,0.01,0.468559
50,90,0.75644,0.01,0.468559
50,91,0.760337,0.01,0.468559
50,92,0.759833,0.01,0.468559
50,93,0.759287,0.01,0.468559
50,94,0.763138,0.01,0.468559
50,95,0.7627,0.01,0.468559
50,96,0.766497,0.01,0.468559
50,97,0.765983,0.01,0.468559
50,98,0.769727,0.01,0.468559
50,99,0.773411,0.01,0.468559
50,100,0.772905,0.01,0.468559
50,101,0.77221,0.01,0.468559
50,102,0.76704,0.01,0.468559
50,103,0.762518,0.01,0.468559
50,104,0.766318,0.01,0.468559
50,105,0.770056,0.01,0.468559
50,106,0.773736,0.01,0.468559
50,107,0.777356,0.01,0.468559
50,108,0.776771,0.01,0.468559
50,109,0.780342,0.01,0.468559
50,110,0.783857,0.01,0.468559
50,111,0.787315,0.01,0.468559
50,112,0.782356,0.01,0.468559
50,113,0.785838,0.01,0.468559
50,114,0.789265,0.01,0.468559
50,115,0.788302,0.01,0.468559
50,116,0.791689,0.01,0.468559
50,117,0.795022,0.01,0.468559
50,118,0.798301,0.01,0.468559
50,119,0.801529,0.01,0.468559
50,120,0.80022,0.01,0.468559
50,121,0.803417,0.01,0.468559
50,122,0.806562,0.01,0.468559
50,123,0.809657,0.01,0.468559
50,124,0.812702,0.01,0.468559
50,125,0.815699,0.01,0.468559
50,126,0.818648,0.01,0.468559
50,127,0.82155,0.01,0.468559
50,128,0.824405,0.01,0.468559
50,129,0.823031,0.01,0.468559
50,130,0.821377,0.01,0.468559
50,131,0.819828,0.01,0.468559
50,132,0.818329,0.01,0.468559
50,133,0.812595,0.01,0.468559
50,134,0.815594,0.01,0.468559
50,135,0.818544,0.01,0.468559
50,136,0.821448,0.01,0.468559
50,137,0.819814,0.01,0.468559
50,138,0.817996,0.01,0.468559
50,139,0.820908,0.01,0.468559
50,140,0.823774,0.01,0.468559
50,141,0.822122,0.01,0.468559
50,142,0.824968,0.01,0.468559
50,143,0.827769,0.01,0.468559
50,144,0.821614,0.01,0.468559
50,145,0.81558,0.01,0.468559
50,146,0.818531,0.01,0.468559
50,147,0.821435,0.01,0.468559
50,148,0.819906,0.01,0.468559
50,149,0.822787,0.01,0.468559
50,150,0.825622,0.01,0.468559
50,151,0.828412,0.01,0.468559
50,152,0.82685,0.01,0.468559
50,153,0.82962,0.01,0.468559
50,154,0.827703,0.01,0.468559
50,155,0.826214,0.01,0.468559
50,156,0.828995,0.01,0.468559
50,157,0.831731,0.01,0.468559
50,158,0.834423,0.01,0.468559
50,159,0.832539,0.01,0.468559
50,160,0.830831,0.01,0.468559
50,161,0.829291,0.01,0.468559
50,162,0.832022,0.01,0.468559
50,163,0.830195,0.01,0.468559
50,164,0.828769,0.01,0.468559
50,165,0.831509,0.01,0.468559
50,166,0.834205,0.01,0.468559
50,167,0.83221,0.01,0.468559
50,168,0.830832,0.01,0.468559
50,169,0.833538,0.01,0.468559
50,170,0.836202,0.01,0.468559
50,171,0.838823,0.01,0.468559
50,172,0.837087,0.01,0.468559
50,173,0.835159,0.01,0.468559
50,174,0.837796,0.01,0.468559
50,175,0.83592,0.01,0.468559
50,176,0.829653,0.01,0.468559
50,177,0.832379,0.01,0.468559
50,178,0.835061,0.01,0.468559
50,179,0.8377,0.01,0.468559
50,180,0.835832,0.01,0.468559
50,181,0.838458,0.01,0.468559
50,182,0.841043,0.01,0.468559
50,183,0.843586,0.01,0.468559
50,184,0.841922,0.01,0.468559
50,185,0.844451,0.01,0.468559
50,186,0.84694,0.01,0.468559
50,187,0.849389,0.01,0.468559
50,188,0.851798,0.01,0.468559
50,189,0.84965,0.01,0.468559
50,190,0.84768,0.01,0.468559
50,191,0.845402,0.01,0.468559
50,192,0.843252,0.01,0.468559
50,193,0.84576,0.01,0.468559
50,194,0.848228,0.01,0.468559
50,195,0.846075,0.01,0.468559
50,196,0.848538,0.01,0.468559
50,197,0.850962,0.01,0.468559
50,198,0.853346,0.01,0.468559
50,199,0.855693,0.01,0.468559
50,200,0.858002,0.01,0.468559
51,1,0.50254,0.5056,0.0
51,2,0.505596,0.51183,0.0
51,3,0.51223,0.518465,0.0
51,4,0.51586,0.525346,0.0
51,5,0.522956,0.532365,0.0
51,6,0.523394,0.505746,0.0
51,7,0.530677,0.513251,0.0
51,8,0.531191,0.520757,0.0
51,9,0.538509,0.528227,0.0
51,10,0.542501,0.535637,0.0
51,11,0.546202,0.54297,0.0
51,12,0.54642,0.271485,0.1
51,13,0.553626,0.274398,0.1
51,14,0.560732,0.277487,0.1
51,15,0.567735,0.280682,0.1
51,16,0.567455,0.283936,0.1
51,17,0.574363,0.287215,0.1
51,18,0.581164,0.143607,0.19
51,19,0.587858,0.144906,0.19
51,20,0.590807,0.146305,0.19
51,21,0.597351,0.147766,0.19
51,22,0.603791,0.149263,0.19
51,23,0.606544,0.150778,0.19
51,24,0.612838,0.075389,0.271
51,25,0.615305,0.075979,0.271
51,26,0.61784,0.076621,0.271
51,27,0.623954,0.077295,0.271
51,28,0.626168,0.077988,0.271
51,29,0.628456,0.078692,0.271
51,30,0.634401,0.039346,0.3439
51,31,0.64025,0.039614,0.3439
51,32,0.642152,0.039909,0.3439
51,33,0.647878,0.040221,0.3439
51,34,0.653511,0.040542,0.3439
51,35,0.659055,0.040869,0.3439
51,36,0.66451,0.038825,0.3439
51,37,0.666058,0.039187,0.3439
51,38,0.663525,0.039548,0.3439
51,39,0.665132,0.039907,0.3439
51,40,0.670489,0.040263,0.3439
51,41,0.671819,0.040614,0.3439
51,42,0.673234,0.020307,0.40951
51,43,0.678462,0.020436,0.40951
51,44,0.679471,0.020577,0.40951
51,45,0.684599,0.020725,0.40951
51,46,0.685855,0.020878,0.40951
51,47,0.690881,0.021033,0.40951
51,48,0.691819,0.01,0.468559
51,49,0.685115,0.01,0.468559
51,50,0.690153,0.01,0.468559
51,51,0.695111,0.01,0.468559
51,52,0.696019,0.01,0.468559
51,53,0.688952,0.01,0.468559
51,54,0.693928,0.01,0.468559
51,55,0.694835,0.01,0.468559
51,56,0.695548,0.01,0.468559
51,57,0.700419,0.01,0.468559
51,58,0.693362,0.01,0.468559
51,59,0.694334,0.01,0.468559
51,60,0.699225,0.01,0.468559
51,61,0.700079,0.01,0.468559
51,62,0.696824,0.01,0.468559
51,63,0.697601,0.01,0.468559
51,64,0.694674,0.01,0.468559
51,65,0.691396,0.01,0.468559
51,66,0.696333,0.01,0.468559
51,67,0.697575,0.01,0.468559
51,68,0.702414,0.01,0.468559
51,69,0.703152,0.01,0.468559
51,70,0.707901,0.01,0.468559
51,71,0.708513,0.01,0.468559
51,72,0.709239,0.01,0.468559
51,73,0.713891,0.01,0.468559
51,74,0.714497,0.01,0.468559
51,75,0.719065,0.01,0.468559
51,76,0.719425,0.01,0.468559
51,77,0.720198,0.01,0.468559
51,78,0.720651,0.01,0.468559
51,79,0.725121,0.01,0.468559
51,80,0.729519,0.01,0.468559
51,81,0.729909,0.01,0.468559
51,82,0.734231,0.01,0.468559
51,83,0.738483,0.01,0.468559
51,84,0.742667,0.01,0.468559
51,85,0.746785,0.01,0.468559
51,86,0.750836,0.01,0.468559
51,87,0.750449,0.01,0.468559
51,88,0.754442,0.01,0.468559
51,89,0.758371,0.01,0.468559
51,90,0.762237,0.01,0.468559
51,91,0.766041,0.01,0.468559
51,92,0.769784,0.01,0.468559
51,93,0.769322,0.01,0.468559
51,94,0.773013,0.01,0.468559
51,95,0.776644,0.01,0.468559
51,96,0.780218,0.01,0.468559
51,97,0.783735,0.01,0.468559
51,98,0.782828,0.01,0.468559
51,99,0.786303,0.01,0.468559
51,100,0.785238,0.01,0.468559
51,101,0.788675,0.01,0.468559
51,102,0.787919,0.01,0.468559
51,103,0.791312,0.01,0.468559
51,104,0.794651,0.01,0.468559
51,105,0.789218,0.01,0.468559
51,106,0.788426,0.01,0.468559
51,107,0.787277,0.01,0.468559
51,108,0.79068,0.01,0.468559
51,109,0.789927,0.01,0.468559
51,110,0.784534,0.01,0.468559
51,111,0.787981,0.01,0.468559
51,112,0.791373,0.01,0.468559
51,113,0.794711,0.01,0.468559
51,114,0.797996,0.01,0.468559
51,115,0.796921,0.01,0.468559
51,116,0.80017,0.01,0.468559
51,117,0.799033,0.01,0.468559
51,118,0.793761,0.01,0.468559
51,119,0.79706,0.01,0.468559
51,120,0.795812,0.01,0.468559
51,121,0.799079,0.01,0.468559
51,122,0.793603,0.01,0.468559
51,123,0.796906,0.01,0.468559
51,124,0.800155,0.01,0.468559
51,125,0.794965,0.01,0.468559
51,126,0.798246,0.01,0.468559
51,127,0.801474,0.01,0.468559
51,128,0.80465,0.01,0.468559
51,129,0.799083,0.01,0.468559
51,130,0.802298,0.01,0.468559
51,131,0.805461,0.01,0.468559
51,132,0.808574,0.01,0.468559
51,133,0.811637,0.01,0.468559
51,134,0.81051,0.01,0.468559
51,135,0.804833,0.01,0.468559
51,136,0.807956,0.01,0.468559
51,137,0.802706,0.01,0.468559
51,138,0.805862,0.01,0.468559
51,139,0.80067,0.01,0.468559
51,140,0.803859,0.01,0.468559
51,141,0.806997,0.01,0.468559
51,142,0.810085,0.01,0.468559
51,143,0.813124,0.01,0.468559
51,144,0.816114,0.01,0.468559
51,145,0.819056,0.01,0.468559
51,146,0.817561,0.01,0.468559
51,147,0.82048,0.01,0.468559
51,148,0.823353,0.01,0.468559
51,149,0.826179,0.01,0.468559
51,150,0.82896,0.01,0.468559
51,151,0.831697,0.01,0.468559
51,152,0.825453,0.01,0.468559
51,153,0.828245,0.01,0.468559
51,154,0.826256,0.01,0.468559
51,155,0.829036,0.01,0.468559
51,156,0.831772,0.01,0.468559
51,157,0.834463,0.01,0.468559
51,158,0.837112,0.01,0.468559
51,159,0.839718,0.01,0.468559
51,160,0.842283,0.01,0.468559
51,161,0.840397,0.01,0.468559
51,162,0.842951,0.01,0.468559
51,163,0.836761,0.01,0.468559
51,164,0.830573,0.01,0.468559
51,165,0.824284,0.01,0.468559
51,166,0.818788,0.01,0.468559
51,167,0.821687,0.01,0.468559
51,168,0.819764,0.01,0.468559
51,169,0.818031,0.01,0.468559
51,170,0.816465,0.01,0.468559
51,171,0.819402,0.01,0.468559
51,172,0.822292,0.01,0.468559
51,173,0.825135,0.01,0.468559
51,174,0.827933,0.01,0.468559
51,175,0.830686,0.01,0.468559
51,176,0.828978,0.01,0.468559
51,177,0.827141,0.01,0.468559
51,178,0.82567,0.01,0.468559
51,179,0.828459,0.01,0.468559
51,180,0.831204,0.01,0.468559
51,181,0.829772,0.01,0.468559
51,182,0.832495,0.01,0.468559
51,183,0.835175,0.01,0.468559
51,184,0.833353,0.01,0.468559
51,185,0.836019,0.01,0.468559
51,186,0.834316,0.01,0.468559
51,187,0.832275,0.01,0.468559
51,188,0.830245,0.01,0.468559
51,189,0.832961,0.01,0.468559
51,190,0.835634,0.01,0.468559
51,191,0.833769,0.01,0.468559
51,192,0.836429,0.01,0.468559
51,193,0.839046,0.01,0.468559
51,194,0.841621,0.01,0.468559
51,195,0.839866,0.01,0.468559
51,196,0.842429,0.01,0.468559
51,197,0.836012,0.01,0.468559
51,198,0.838636,0.01,0.468559
51,199,0.841217,0.01,0.468559
51,200,0.839258,0.01,0.468559
52,1,0.50254,0.5056,0.0
52,2,0.508747,0.51183,0.0
52,3,0.515381,0.518465,0.0
52,4,0.515716,0.525346,0.0
52,5,0.522814,0.532365,0.0
52,6,0.529993,0.266182,0.1
52,7,0.533789,0.269062,0.1
52,8,0.541017,0.272154,0.1
52,9,0.548199,0.275378,0.1
52,10,0.551818,0.278677,0.1
52,11,0.558906,0.282011,0.1
52,12,0.565906,0.141005,0.19
52,13,0.569239,0.142339,0.19
52,14,0.576102,0.143774,0.19
52,15,0.582864,0.145272,0.19
52,16,0.585985,0.146807,0.19
52,17,0.582054,0.14836,0.19
52,18,0.58514,0.140942,0.19
52,19,0.591772,0.142617,0.19
52,20,0.594662,0.135487,0.19
52,21,0.601144,0.13727,0.19
52,22,0.607523,0.13904,0.19
52,23,0.613802,0.140792,0.19
52,24,0.616173,0.133752,0.19
52,25,0.622313,0.135596,0.19
52,26,0.628356,0.137415,0.19
52,27,0.634301,0.139208,0.19
52,28,0.632587,0.140975,0.19
52,29,0.634566,0.142715,0.19
52,30,0.640412,0.071358,0.271
52,31,0.646166,0.072035,0.271
52,32,0.648049,0.072756,0.271
52,33,0.65368,0.073503,0.271
52,34,0.655236,0.074265,0.271
52,35,0.653101,0.075033,0.271
52,36,0.65492,0.037517,0.3439
52,37,0.660441,0.037816,0.3439
52,38,0.665874,0.03814,0.3439
52,39,0.667395,0.038481,0.3439
52,40,0.669026,0.03883,0.3439
52,41,0.674322,0.039185,0.3439
52,42,0.679533,0.019592,0.40951
52,43,0.68466,0.019728,0.40951
52,44,0.689705,0.019877,0.40951
52,45,0.690996,0.020034,0.40951
52,46,0.692369,0.019032,0.40951
52,47,0.697291,0.01921,0.40951
52,48,0.702135,0.01,0.468559
52,49,0.698991,0.01,0.468559
52,50,0.699591,0.01,0.468559
52,51,0.704398,0.01,0.468559
52,52,0.705315,0.01,0.468559
52,53,0.71003,0.01,0.468559
52,54,0.71467,0.01,0.468559
52,55,0.719235,0.01,0.468559
52,56,0.719536,0.01,0.468559
52,57,0.724023,0.01,0.468559
52,58,0.728439,0.01,0.468559
52,59,0.732784,0.01,0.468559
52,60,0.737059,0.01,0.468559
52,61,0.741266,0.01,0.468559
52,62,0.745406,0.01,0.468559
52,63,0.74948,0.01,0.468559
52,64,0.753488,0.01,0.468559
52,65,0.757432,0.01,0.468559
52,66,0.757032,0.01,0.468559
52,67,0.760919,0.01,0.468559
52,68,0.764744,0.01,0.468559
52,69,0.768509,0.01,0.468559
52,70,0.772212,0.01,0.468559
52,71,0.763119,0.01,0.468559
52,72,0.758482,0.01,0.468559
52,73,0.753829,0.01,0.468559
52,74,0.757767,0.01,0.468559
52,75,0.761643,0.01,0.468559
52,76,0.757215,0.01,0.468559
52,77,0.761099,0.01,0.468559
52,78,0.764922,0.01,0.468559
52,79,0.768683,0.01,0.468559
52,80,0.772384,0.01,0.468559
52,81,0.771663,0.01,0.468559
52,82,0.775316,0.01,0.468559
52,83,0.774881,0.01,0.468559
52,84,0.774324,0.01,0.468559
52,85,0.777935,0.01,0.468559
52,86,0.772822,0.01,0.468559
52,87,0.772062,0.01,0.468559
52,88,0.775709,0.01,0.468559
52,89,0.775304,0.01,0.468559
52,90,0.774474,0.01,0.468559
52,91,0.778083,0.01,0.468559
52,92,0.777246,0.01,0.468559
52,93,0.78081,0.01,0.468559
52,94,0.784317,0.01,0.468559
52,95,0.783524,0.01,0.468559
52,96,0.786987,0.01,0.468559
52,97,0.790396,0.01,0.468559
52,98,0.793749,0.01,0.468559
52,99,0.792822,0.01,0.468559
52,100,0.796137,0.01,0.468559
52,101,0.799399,0.01,0.468559
52,102,0.802609,0.01,0.468559
52,103,0.801319,0.01,0.468559
52,104,0.804498,0.01,0.468559
52,105,0.803094,0.01,0.468559
52,106,0.806244,0.01,0.468559
52,107,0.809344,0.01,0.468559
52,108,0.812395,0.01,0.468559
52,109,0.815397,0.01,0.468559
52,110,0.813981,0.01,0.468559
52,111,0.816957,0.01,0.468559
52,112,0.815439,0.01,0.468559
52,113,0.818392,0.01,0.468559
52,114,0.821298,0.01,0.468559
52,115,0.81991,0.01,0.468559
52,116,0.81827,0.01,0.468559
52,117,0.81683,0.01,0.468559
52,118,0.81976,0.01,0.468559
52,119,0.818096,0.01,0.468559
52,120,0.821006,0.01,0.468559
52,121,0.819416,0.01,0.468559
52,122,0.817885,0.01,0.468559
52,123,0.820799,0.01,0.468559
52,124,0.814835,0.01,0.468559
52,125,0.813642,0.01,0.468559
52,126,0.812171,0.01,0.468559
52,127,0.815176,0.01,0.468559
52,128,0.818134,0.01,0.468559
52,129,0.821043,0.01,0.468559
52,130,0.823907,0.01,0.468559
52,131,0.826724,0.01,0.468559
52,132,0.829497,0.01,0.468559
52,133,0.832225,0.01,0.468559
52,134,0.834909,0.01,0.468559
52,135,0.829043,0.01,0.468559
52,136,0.827746,0.01,0.468559
52,137,0.826008,0.01,0.468559
52,138,0.828792,0.01,0.468559
52,139,0.827587,0.01,0.468559
52,140,0.825899,0.01,0.468559
52,141,0.824412,0.01,0.468559
52,142,0.827222,0.01,0.468559
52,143,0.829986,0.01,0.468559
52,144,0.832706,0.01,0.468559
52,145,0.830858,0.01,0.468559
52,146,0.819786,0.01,0.468559
52,147,0.818232,0.01,0.468559
52,148,0.816922,0.01,0.468559
52,149,0.815545,0.01,0.468559
52,150,0.818496,0.01,0.468559
52,151,0.8214,0.01,0.468559
52,152,0.819822,0.01,0.468559
52,153,0.822704,0.01,0.468559
52,154,0.825541,0.01,0.468559
52,155,0.824097,0.01,0.468559
52,156,0.826911,0.01,0.468559
52,157,0.829681,0.01,0.468559
52,158,0.832406,0.01,0.468559
52,159,0.835087,0.01,0.468559
52,160,0.833356,0.01,0.468559
52,161,0.836022,0.01,0.468559
52,162,0.838646,0.01,0.468559
52,163,0.841228,0.01,0.468559
52,164,0.843768,0.01,0.468559
52,165,0.841702,0.01,0.468559
52,166,0.844235,0.01,0.468559
52,167,0.842478,0.01,0.468559
52,168,0.844998,0.01,0.468559
52,169,0.843347,0.01,0.468559
52,170,0.845853,0.01,0.468559
52,171,0.84832,0.01,0.468559
52,172,0.850746,0.01,0.468559
52,173,0.853135,0.01,0.468559
52,174,0.850996,0.01,0.468559
52,175,0.849037,0.01,0.468559
52,176,0.851452,0.01,0.468559
52,177,0.853829,0.01,0.468559
52,178,0.856168,0.01,0.468559
52,179,0.858469,0.01,0.468559
52,180,0.860734,0.01,0.468559
52,181,0.862962,0.01,0.468559
52,182,0.865155,0.01,0.468559
52,183,0.867312,0.01,0.468559
52,184,0.869435,0.01,0.468559
52,185,0.871524,0.01,0.468559
52,186,0.868806,0.01,0.468559
52,187,0.870905,0.01,0.468559
52,188,0.868468,0.01,0.468559
52,189,0.866215,0.01,0.468559
52,190,0.85524,0.01,0.468559
52,191,0.857556,0.01,0.468559
52,192,0.859835,0.01,0.468559
52,193,0.857261,0.01,0.468559
52,194,0.859545,0.01,0.468559
52,195,0.861792,0.01,0.468559
52,196,0.864004,0.01,0.468559
52,197,0.86618,0.01,0.468559
52,198,0.868321,0.01,0.468559
52,199,0.865971,0.01,0.468559
52,200,0.868115,0.01,0.468559
53,1,0.5056,0.5056,0.0
53,2,0.508679,0.51183,0.0
53,3,0.515314,0.518465,0.0
53,4,0.522211,0.525346,0.0
53,5,0.525926,0.532365,0.0
53,6,0.529703,0.505746,0.0
53,7,0.536909,0.513251,0.0
53,8,0.544096,0.520757,0.0
53,9,0.551234,0.528227,0.0
53,10,0.558305,0.535637,0.0
53,11,0.565296,0.54297,0.0
53,12,0.572197,0.271485,0.1
53,13,0.579005,0.274398,0.1
53,14,0.585714,0.277487,0.1
53,15,0.592325,0.280682,0.1
53,16,0.598835,0.283936,0.1
53,17,0.605244,0.287215,0.1
53,18,0.611554,0.272854,0.1
53,19,0.614058,0.276363,0.1
53,20,0.616503,0.279854,0.1
53,21,0.622636,0.283315,0.1
53,22,0.628673,0.286739,0.1
53,23,0.630915,0.290121,0.1
53,24,0.636819,0.145061,0.19
53,25,0.63892,0.146372,0.19
53,26,0.644697,0.147773,0.19
53,27,0.650381,0.149229,0.19
53,28,0.655975,0.150715,0.19
53,29,0.661479,0.152216,0.19
53,30,0.666895,0.076108,0.271
53,31,0.66829,0.076688,0.271
53,32,0.669722,0.07732,0.271
53,33,0.675006,0.077984,0.271
53,34,0.680206,0.078667,0.271
53,35,0.685323,0.07936,0.271
53,36,0.690358,0.03968,0.3439
53,37,0.691473,0.039943,0.3439
53,38,0.696409,0.040233,0.3439
53,39,0.701267,0.040539,0.3439
53,40,0.70216,0.040856,0.3439
53,41,0.698831,0.041178,0.3439
53,42,0.695434,0.020589,0.40951
53,43,0.692444,0.020708,0.40951
53,44,0.693534,0.020841,0.40951
53,45,0.694345,0.020983,0.40951
53,46,0.699236,0.02113,0.40951
53,47,0.704048,0.021279,0.40951
53,48,0.704722,0.01,0.468559
53,49,0.709447,0.01,0.468559
53,50,0.714096,0.01,0.468559
53,51,0.71867,0.01,0.468559
53,52,0.723171,0.01,0.468559
53,53,0.727601,0.01,0.468559
53,54,0.723924,0.01,0.468559
53,55,0.728341,0.01,0.468559
53,56,0.732688,0.01,0.468559
53,57,0.736965,0.01,0.468559
53,58,0.741173,0.01,0.468559
53,59,0.745315,0.01,0.468559
53,60,0.745408,0.01,0.468559
53,61,0.749481,0.01,0.468559
53,62,0.75349,0.01,0.468559
53,63,0.757434,0.01,0.468559
53,64,0.761315,0.01,0.468559
53,65,0.761062,0.01,0.468559
53,66,0.764885,0.01,0.468559
53,67,0.768647,0.01,0.468559
53,68,0.772349,0.01,0.468559
53,69,0.775991,0.01,0.468559
53,70,0.779575,0.01,0.468559
53,71,0.778732,0.01,0.468559
53,72,0.778225,0.01,0.468559
53,73,0.781773,0.01,0.468559
53,74,0.785265,0.01,0.468559
53,75,0.788701,0.01,0.468559
53,76,0.787868,0.01,0.468559
53,77,0.782979,0.01,0.468559
53,78,0.786451,0.01,0.468559
53,79,0.789868,0.01,0.468559
53,80,0.78879,0.01,0.468559
53,81,0.79217,0.01,0.468559
53,82,0.795495,0.01,0.468559
53,83,0.794381,0.01,0.468559
53,84,0.797671,0.01,0.468559
53,85,0.800908,0.01,0.468559
53,86,0.804093,0.01,0.468559
53,87,0.798675,0.01,0.468559
53,88,0.797524,0.01,0.468559
53,89,0.800763,0.01,0.468559
53,90,0.79988,0.01,0.468559
53,91,0.798893,0.01,0.468559
53,92,0.797571,0.01,0.468559
53,93,0.80081,0.01,0.468559
53,94,0.799694,0.01,0.468559
53,95,0.802899,0.01,0.468559
53,96,0.806053,0.01,0.468559
53,97,0.804725,0.01,0.468559
53,98,0.803704,0.01,0.468559
53,99,0.80277,0.01,0.468559
53,100,0.805925,0.01,0.468559
53,101,0.80903,0.01,0.468559
53,102,0.812086,0.01,0.468559
53,103,0.815093,0.01,0.468559
53,104,0.818051,0.01,0.468559
53,105,0.820962,0.01,0.468559
53,106,0.823827,0.01,0.468559
53,107,0.826646,0.01,0.468559
53,108,0.829419,0.01,0.468559
53,109,0.832149,0.01,0.468559
53,110,0.834834,0.01,0.468559
53,111,0.837477,0.01,0.468559
53,112,0.835606,0.01,0.468559
53,113,0.833813,0.01,0.468559
53,114,0.836472,0.01,0.468559
53,115,0.834428,0.01,0.468559
53,116,0.83267,0.01,0.468559
53,117,0.831081,0.01,0.468559
53,118,0.824911,0.01,0.468559
53,119,0.827713,0.01,0.468559
53,120,0.830469,0.01,0.468559
53,121,0.828672,0.01,0.468559
53,122,0.831414,0.01,0.468559
53,123,0.834111,0.01,0.468559
53,124,0.836765,0.01,0.468559
53,125,0.834706,0.01,0.468559
53,126,0.824253,0.01,0.468559
53,127,0.827065,0.01,0.468559
53,128,0.825509,0.01,0.468559
53,129,0.828301,0.01,0.468559
53,130,0.822064,0.01,0.468559
53,131,0.824911,0.01,0.468559
53,132,0.827712,0.01,0.468559
53,133,0.830469,0.01,0.468559
53,134,0.829067,0.01,0.468559
53,135,0.831802,0.01,0.468559
53,136,0.834493,0.01,0.468559
53,137,0.837141,0.01,0.468559
53,138,0.839747,0.01,0.468559
53,139,0.837929,0.01,0.468559
53,140,0.840522,0.01,0.468559
53,141,0.843074,0.01,0.468559
53,142,0.845585,0.01,0.468559
53,143,0.848055,0.01,0.468559
53,144,0.850487,0.01,0.468559
53,145,0.848577,0.01,0.468559
53,146,0.851,0.01,0.468559
53,147,0.848728,0.01,0.468559
53,148,0.846969,0.01,0.468559
53,149,0.844698,0.01,0.468559
53,150,0.842619,0.01,0.468559
53,151,0.840611,0.01,0.468559
53,152,0.838677,0.01,0.468559
53,153,0.841258,0.01,0.468559
53,154,0.839674,0.01,0.468559
53,155,0.83796,0.01,0.468559
53,156,0.840553,0.01,0.468559
53,157,0.843104,0.01,0.468559
53,158,0.845614,0.01,0.468559
53,159,0.843684,0.01,0.468559
53,160,0.846185,0.01,0.468559
53,161,0.848646,0.01,0.468559
53,162,0.851067,0.01,0.468559
53,163,0.849331,0.01,0.468559
53,164,0.851742,0.01,0.468559
53,165,0.854114,0.01,0.468559
53,166,0.856448,0.01,0.468559
53,167,0.840881,0.01,0.468559
53,168,0.843427,0.01,0.468559
53,169,0.841717,0.01,0.468559
53,170,0.840163,0.01,0.468559
53,171,0.84272,0.01,0.468559
53,172,0.840799,0.01,0.468559
53,173,0.833984,0.01,0.468559
53,174,0.83223,0.01,0.468559
53,175,0.834914,0.01,0.468559
53,176,0.837555,0.01,0.468559
53,177,0.835972,0.01,0.468559
53,178,0.838597,0.01,0.468559
53,179,0.836472,0.01,0.468559
53,180,0.830127,0.01,0.468559
53,181,0.828163,0.01,0.468559
53,182,0.82642,0.01,0.468559
53,183,0.82485,0.01,0.468559
53,184,0.827653,0.01,0.468559
53,185,0.83041,0.01,0.468559
53,186,0.833124,0.01,0.468559
53,187,0.831355,0.01,0.468559
53,188,0.829843,0.01,0.468559
53,189,0.832565,0.01,0.468559
53,190,0.821414,0.01,0.468559
53,191,0.824271,0.01,0.468559
53,192,0.827083,0.01,0.468559
53,193,0.829849,0.01,0.468559
53,194,0.823383,0.01,0.468559
53,195,0.821929,0.01,0.468559
53,196,0.824778,0.01,0.468559
53,197,0.827582,0.01,0.468559
53,198,0.83034,0.01,0.468559
53,199,0.833055,0.01,0.468559
53,200,0.835726,0.01,0.468559
54,1,0.49948,0.5056,0.0
54,2,0.505664,0.51183,0.0
54,3,0.512297,0.518465,0.0
54,4,0.519206,0.525346,0.0
54,5,0.526273,0.532365,0.0
54,6,0.526797,0.266182,0.1
54,7,0.530753,0.269062,0.1
54,8,0.534575,0.255609,0.1
54,9,0.541843,0.258917,0.1
54,10,0.549048,0.262352,0.1
54,11,0.556175,0.265859,0.1
54,12,0.556119,0.132929,0.19
54,13,0.563175,0.13437,0.19
54,14,0.56294,0.135918,0.19
54,15,0.569909,0.137531,0.19
54,16,0.576774,0.139182,0.19
54,17,0.583534,0.140852,0.19
54,18,0.590189,0.070426,0.271
54,19,0.59674,0.071094,0.271
54,20,0.599569,0.071812,0.271
54,21,0.605973,0.072563,0.271
54,22,0.612275,0.073331,0.271
54,23,0.614798,0.074108,0.271
54,24,0.62096,0.037054,0.3439
54,25,0.627024,0.037359,0.3439
54,26,0.632991,0.03769,0.3439
54,27,0.638863,0.038037,0.3439
54,28,0.644641,0.038393,0.3439
54,29,0.646427,0.038755,0.3439
54,30,0.648299,0.019377,0.40951
54,31,0.653926,0.019516,0.40951
54,32,0.659463,0.019668,0.40951
54,33,0.661133,0.019829,0.40951
54,34,0.666554,0.019994,0.40951
54,35,0.664197,0.020162,0.40951
54,36,0.665743,0.01,0.468559
54,37,0.671091,0.01,0.468559
54,38,0.676353,0.01,0.468559
54,39,0.681532,0.01,0.468559
54,40,0.686627,0.01,0.468559
54,41,0.687681,0.01,0.468559
54,42,0.692679,0.01,0.468559
54,43,0.697596,0.01,0.468559
54,44,0.69047,0.01,0.468559
54,45,0.691344,0.01,0.468559
54,46,0.692394,0.01,0.468559
54,47,0.697316,0.01,0.468559
54,48,0.689911,0.01,0.468559
54,49,0.694873,0.01,0.468559
54,50,0.695832,0.01,0.468559
54,51,0.700698,0.01,0.468559
54,52,0.7014,0.01,0.468559
54,53,0.702282,0.01,0.468559
54,54,0.707046,0.01,0.468559
54,55,0.703815,0.01,0.468559
54,56,0.704734,0.01,0.468559
54,57,0.705368,0.01,0.468559
54,58,0.702042,0.01,0.468559
54,59,0.702651,0.01,0.468559
54,60,0.703377,0.01,0.468559
54,61,0.708123,0.01,0.468559
54,62,0.712793,0.01,0.468559
54,63,0.713324,0.01,0.468559
54,64,0.710114,0.01,0.468559
54,65,0.714752,0.01,0.468559
54,66,0.719316,0.01,0.468559
54,67,0.723807,0.01,0.468559
54,68,0.728226,0.01,0.468559
54,69,0.732574,0.01,0.468559
54,70,0.736853,0.01,0.468559
54,71,0.733141,0.01,0.468559
54,72,0.73741,0.01,0.468559
54,73,0.737398,0.01,0.468559
54,74,0.7416,0.01,0.468559
54,75,0.745734,0.01,0.468559
54,76,0.745985,0.01,0.468559
54,77,0.750049,0.01,0.468559
54,78,0.754049,0.01,0.468559
54,79,0.757984,0.01,0.468559
54,80,0.761856,0.01,0.468559
54,81,0.765666,0.01,0.468559
54,82,0.765302,0.01,0.468559
54,83,0.764837,0.01,0.468559
54,84,0.7686,0.01,0.468559
54,85,0.768094,0.01,0.468559
54,86,0.767321,0.01,0.468559
54,87,0.766993,0.01,0.468559
54,88,0.770721,0.01,0.468559
54,89,0.77439,0.01,0.468559
54,90,0.778,0.01,0.468559
54,91,0.781552,0.01,0.468559
54,92,0.785047,0.01,0.468559
54,93,0.784236,0.01,0.468559
54,94,0.787688,0.01,0.468559
54,95,0.791085,0.01,0.468559
54,96,0.794428,0.01,0.468559
54,97,0.789023,0.01,0.468559
54,98,0.783868,0.01,0.468559
54,99,0.787326,0.01,0.468559
54,100,0.790729,0.01,0.468559
54,101,0.794078,0.01,0.468559
54,102,0.797372,0.01,0.468559
54,103,0.796125,0.01,0.468559
54,104,0.799387,0.01,0.468559
54,105,0.802597,0.01,0.468559
54,106,0.80139,0.01,0.468559
54,107,0.796083,0.01,0.468559
54,108,0.794876,0.01,0.468559
54,109,0.798158,0.01,0.468559
54,110,0.79705,0.01,0.468559
54,111,0.796158,0.01,0.468559
54,112,0.79942,0.01,0.468559
54,113,0.798313,0.01,0.468559
54,114,0.80154,0.01,0.468559
54,115,0.800657,0.01,0.468559
54,116,0.803847,0.01,0.468559
54,117,0.802766,0.01,0.468559
54,118,0.801521,0.01,0.468559
54,119,0.804697,0.01,0.468559
54,120,0.807822,0.01,0.468559
54,121,0.802191,0.01,0.468559
54,122,0.797314,0.01,0.468559
54,123,0.800557,0.01,0.468559
54,124,0.799348,0.01,0.468559
54,125,0.802558,0.01,0.468559
54,126,0.805717,0.01,0.468559
54,127,0.808826,0.01,0.468559
54,128,0.811884,0.01,0.468559
54,129,0.814894,0.01,0.468559
54,130,0.804671,0.01,0.468559
54,131,0.807796,0.01,0.468559
54,132,0.810871,0.01,0.468559
54,133,0.813897,0.01,0.468559
54,134,0.816875,0.01,0.468559
54,135,0.815746,0.01,0.468559
54,136,0.818694,0.01,0.468559
54,137,0.816961,0.01,0.468559
54,138,0.81989,0.01,0.468559
54,139,0.822771,0.01,0.468559
54,140,0.825607,0.01,0.468559
54,141,0.828397,0.01,0.468559
54,142,0.826629,0.01,0.468559
54,143,0.829403,0.01,0.468559
54,144,0.81447,0.01,0.468559
54,145,0.817438,0.01,0.468559
54,146,0.811637,0.01,0.468559
54,147,0.814651,0.01,0.468559
54,148,0.817616,0.01,0.468559
54,149,0.815939,0.01,0.468559
54,150,0.818884,0.01,0.468559
54,151,0.817477,0.01,0.468559
54,152,0.820398,0.01,0.468559
54,153,0.823271,0.01,0.468559
54,154,0.821895,0.01,0.468559
54,155,0.820256,0.01,0.468559
54,156,0.823132,0.01,0.468559
54,157,0.821858,0.01,0.468559
54,158,0.824708,0.01,0.468559
54,159,0.827513,0.01,0.468559
54,160,0.830273,0.01,0.468559
54,161,0.832988,0.01,0.468559
54,162,0.835661,0.01,0.468559
54,163,0.83829,0.01,0.468559
54,164,0.840877,0.01,0.468559
54,165,0.843423,0.01,0.468559
54,166,0.845929,0.01,0.468559
54,167,0.848394,0.01,0.468559
54,168,0.846461,0.01,0.468559
54,169,0.848918,0.01,0.468559
54,170,0.851335,0.01,0.468559
54,171,0.853713,0.01,0.468559
54,172,0.856054,0.01,0.468559
54,173,0.854159,0.01,0.468559
54,174,0.856493,0.01,0.468559
54,175,0.858789,0.01,0.468559
54,176,0.856951,0.01,0.468559
54,177,0.850109,0.01,0.468559
54,178,0.838989,0.01,0.468559
54,179,0.841565,0.01,0.468559
54,180,0.8441,0.01,0.468559
54,181,0.846594,0.01,0.468559
54,182,0.840238,0.01,0.468559
54,183,0.842795,0.01,0.468559
54,184,0.84531,0.01,0.468559
54,185,0.843582,0.01,0.468559
54,186,0.842013,0.01,0.468559
54,187,0.84454,0.01,0.468559
54,188,0.847028,0.01,0.468559
54,189,0.849475,0.01,0.468559
54,190,0.851884,0.01,0.468559
54,191,0.854254,0.01,0.468559
54,192,0.856586,0.01,0.468559
54,193,0.85888,0.01,0.468559
54,194,0.861138,0.01,0.468559
54,195,0.86336,0.01,0.468559
54,196,0.865546,0.01,0.468559
54,197,0.867697,0.01,0.468559
54,198,0.861028,0.01,0.468559
54,199,0.863251,0.01,0.468559
54,200,0.865439,0.01,0.468559
55,1,0.50254,0.5056,0.0
55,2,0.505596,0.51183,0.0
55,3,0.509007,0.518465,0.0
55,4,0.512799,0.525346,0.0
55,5,0.519908,0.532365,0.0
55,6,0.52711,0.266182,0.1
55,7,0.530934,0.269062,0.1
55,8,0.534988,0.272154,0.1
55,9,0.542245,0.275378,0.1
55,10,0.549441,0.278677,0.1
55,11,0.556561,0.282011,0.1
55,12,0.560357,0.141005,0.19
55,13,0.567344,0.142339,0.19
55,14,0.567147,0.143774,0.19
55,15,0.574047,0.145272,0.19
55,16,0.580845,0.146807,0.19
55,17,0.5803,0.14836,0.19
55,18,0.583321,0.07418,0.271
55,19,0.589981,0.074789,0.271
55,20,0.596537,0.075449,0.271
55,21,0.602989,0.076142,0.271
55,22,0.605926,0.076854,0.271
55,23,0.612229,0.077575,0.271
55,24,0.618433,0.038788,0.3439
55,25,0.620901,0.039065,0.3439
55,26,0.626965,0.039368,0.3439
55,27,0.629251,0.039689,0.3439
55,28,0.631301,0.040019,0.3439
55,29,0.6372,0.040354,0.3439
55,30,0.643004,0.020177,0.40951
55,31,0.644885,0.020303,0.40951
55,32,0.650567,0.020443,0.40951
55,33,0.652189,0.01942,0.40951
55,34,0.653866,0.019585,0.40951
55,35,0.655536,0.019754,0.40951
55,36,0.661047,0.01,0.468559
55,37,0.66647,0.01,0.468559
55,38,0.671807,0.01,0.468559
55,39,0.673058,0.01,0.468559
55,40,0.678289,0.01,0.468559
55,41,0.683436,0.01,0.468559
55,42,0.688501,0.01,0.468559
55,43,0.693485,0.01,0.468559
55,44,0.694486,0.01,0.468559
55,45,0.699374,0.01,0.468559
55,46,0.704184,0.01,0.468559
55,47,0.708917,0.01,0.468559
55,48,0.713574,0.01,0.468559
55,49,0.718157,0.01,0.468559
55,50,0.722667,0.01,0.468559
55,51,0.727104,0.01,0.468559
55,52,0.727521,0.01,0.468559
55,53,0.731881,0.01,0.468559
55,54,0.73617,0.01,0.468559
55,55,0.740392,0.01,0.468559
55,56,0.740321,0.01,0.468559
55,57,0.732353,0.01,0.468559
55,58,0.732474,0.01,0.468559
55,59,0.728579,0.01,0.468559
55,60,0.728589,0.01,0.468559
55,61,0.724654,0.01,0.468559
55,62,0.721192,0.01,0.468559
55,63,0.725653,0.01,0.468559
55,64,0.725807,0.01,0.468559
55,65,0.722406,0.01,0.468559
55,66,0.726847,0.01,0.468559
55,67,0.727099,0.01,0.468559
55,68,0.727741,0.01,0.468559
55,69,0.727831,0.01,0.468559
55,70,0.732186,0.01,0.468559
55,71,0.732284,0.01,0.468559
55,72,0.736568,0.01,0.468559
55,73,0.740782,0.01,0.468559
55,74,0.74493,0.01,0.468559
55,75,0.749011,0.01,0.468559
55,76,0.753027,0.01,0.468559
55,77,0.756978,0.01,0.468559
55,78,0.756792,0.01,0.468559
55,79,0.760684,0.01,0.468559
55,80,0.764513,0.01,0.468559
55,81,0.764006,0.01,0.468559
55,82,0.767782,0.01,0.468559
55,83,0.771498,0.01,0.468559
55,84,0.775154,0.01,0.468559
55,85,0.778751,0.01,0.468559
55,86,0.778342,0.01,0.468559
55,87,0.781889,0.01,0.468559
55,88,0.785378,0.01,0.468559
55,89,0.784529,0.01,0.468559
55,90,0.787977,0.01,0.468559
55,91,0.791369,0.01,0.468559
55,92,0.794707,0.01,0.468559
55,93,0.797992,0.01,0.468559
55,94,0.801224,0.01,0.468559
55,95,0.804404,0.01,0.468559
55,96,0.807534,0.01,0.468559
55,97,0.810613,0.01,0.468559
55,98,0.813643,0.01,0.468559
55,99,0.812588,0.01,0.468559
55,100,0.806954,0.01,0.468559
55,101,0.810042,0.01,0.468559
55,102,0.808678,0.01,0.468559
55,103,0.807148,0.01,0.468559
55,104,0.806051,0.01,0.468559
55,105,0.809155,0.01,0.468559
55,106,0.812208,0.01,0.468559
55,107,0.810596,0.01,0.468559
55,108,0.809154,0.01,0.468559
55,109,0.812208,0.01,0.468559
55,110,0.815213,0.01,0.468559
55,111,0.818169,0.01,0.468559
55,112,0.821078,0.01,0.468559
55,113,0.819547,0.01,0.468559
55,114,0.818054,0.01,0.468559
55,115,0.812623,0.01,0.468559
55,116,0.811556,0.01,0.468559
55,117,0.814571,0.01,0.468559
55,118,0.817538,0.01,0.468559
55,119,0.811535,0.01,0.468559
55,120,0.81455,0.01,0.468559
55,121,0.817518,0.01,0.468559
55,122,0.820437,0.01,0.468559
55,123,0.82331,0.01,0.468559
55,124,0.826137,0.01,0.468559
55,125,0.824418,0.01,0.468559
55,126,0.827227,0.01,0.468559
55,127,0.825616,0.01,0.468559
55,128,0.823899,0.01,0.468559
55,129,0.822468,0.01,0.468559
55,130,0.816148,0.01,0.468559
55,131,0.81909,0.01,0.468559
55,132,0.817591,0.01,0.468559
55,133,0.816085,0.01,0.468559
55,134,0.819027,0.01,0.468559
55,135,0.821923,0.01,0.468559
55,136,0.820358,0.01,0.468559
55,137,0.818932,0.01,0.468559
55,138,0.821829,0.01,0.468559
55,139,0.820422,0.01,0.468559
55,140,0.823296,0.01,0.468559
55,141,0.821551,0.01,0.468559
55,142,0.824406,0.01,0.468559
55,143,0.827215,0.01,0.468559
55,144,0.825538,0.01,0.468559
55,145,0.828329,0.01,0.468559
55,146,0.822438,0.01,0.468559
55,147,0.816551,0.01,0.468559
55,148,0.819486,0.01,0.468559
55,149,0.822374,0.01,0.468559
55,150,0.820927,0.01,0.468559
55,151,0.819054,0.01,0.468559
55,152,0.817485,0.01,0.468559
55,153,0.811274,0.01,0.468559
55,154,0.814293,0.01,0.468559
55,155,0.812733,0.01,0.468559
55,156,0.815729,0.01,0.468559
55,157,0.818678,0.01,0.468559
55,158,0.821579,0.01,0.468559
55,159,0.824433,0.01,0.468559
55,160,0.827243,0.01,0.468559
55,161,0.830007,0.01,0.468559
55,162,0.832727,0.01,0.468559
55,163,0.835403,0.01,0.468559
55,164,0.838037,0.01,0.468559
55,165,0.840628,0.01,0.468559
55,166,0.843178,0.01,0.468559
55,167,0.845687,0.01,0.468559
55,168,0.848156,0.01,0.468559
55,169,0.850586,0.01,0.468559
55,170,0.848467,0.01,0.468559
55,171,0.841515,0.01,0.468559
55,172,0.839677,0.01,0.468559
55,173,0.842242,0.01,0.468559
55,174,0.844766,0.01,0.468559
55,175,0.84725,0.01,0.468559
55,176,0.849694,0.01,0.468559
55,177,0.852099,0.01,0.468559
55,178,0.854465,0.01,0.468559
55,179,0.856794,0.01,0.468559
55,180,0.850034,0.01,0.468559
55,181,0.852433,0.01,0.468559
55,182,0.854794,0.01,0.468559
55,183,0.857118,0.01,0.468559
55,184,0.854834,0.01,0.468559
55,185,0.852787,0.01,0.468559
55,186,0.850684,0.01,0.468559
55,187,0.853073,0.01,0.468559
55,188,0.846209,0.01,0.468559
55,189,0.848669,0.01,0.468559
55,190,0.851091,0.01,0.468559
55,191,0.853473,0.01,0.468559
55,192,0.855818,0.01,0.468559
55,193,0.858124,0.01,0.468559
55,194,0.860394,0.01,0.468559
55,195,0.862628,0.01,0.468559
55,196,0.864826,0.01,0.468559
55,197,0.862437,0.01,0.468559
55,198,0.864638,0.01,0.468559
55,199,0.862266,0.01,0.468559
55,200,0.859795,0.01,0.468559
56,1,0.5056,0.5056,0.0
56,2,0.51183,0.51183,0.0
56,3,0.51202,0.518465,0.0
56,4,0.518934,0.525346,0.0
56,5,0.522677,0.532365,0.0
56,6,0.52325,0.266182,0.1
56,7,0.523718,0.269062,0.1
56,8,0.531078,0.272154,0.1
56,9,0.538398,0.275378,0.1
56,10,0.542267,0.278677,0.1
56,11,0.549497,0.282011,0.1
56,12,0.55664,0.141005,0.19
56,13,0.563687,0.142339,0.19
56,14,0.570636,0.143774,0.19
56,15,0.57396,0.145272,0.19
56,16,0.580761,0.146807,0.19
56,17,0.587457,0.14836,0.19
56,18,0.590464,0.140942,0.19
56,19,0.597011,0.142617,0.19
56,20,0.599927,0.144287,0.19
56,21,0.60267,0.145945,0.19
56,22,0.605351,0.147586,0.19
56,23,0.611664,0.149208,0.19
56,24,0.610767,0.074604,0.271
56,25,0.613168,0.075226,0.271
56,26,0.619356,0.075894,0.271
56,27,0.625446,0.076589,0.271
56,28,0.631439,0.077301,0.271
56,29,0.637336,0.07802,0.271
56,30,0.643138,0.03901,0.3439
56,31,0.644913,0.039285,0.3439
56,32,0.650595,0.039586,0.3439
56,33,0.648365,0.039903,0.3439
56,34,0.653991,0.04023,0.3439
56,35,0.655659,0.040562,0.3439
56,36,0.657277,0.020281,0.40951
56,37,0.66276,0.020406,0.40951
56,38,0.668156,0.020543,0.40951
56,39,0.673465,0.02069,0.40951
56,40,0.674855,0.020841,0.40951
56,41,0.680058,0.020996,0.40951
56,42,0.681201,0.01,0.468559
56,43,0.686302,0.01,0.468559
56,44,0.691321,0.01,0.468559
56,45,0.692337,0.01,0.468559
56,46,0.689334,0.01,0.468559
56,47,0.686095,0.01,0.468559
56,48,0.687123,0.01,0.468559
56,49,0.688266,0.01,0.468559
56,50,0.689308,0.01,0.468559
56,51,0.694279,0.01,0.468559
56,52,0.699171,0.01,0.468559
56,53,0.699996,0.01,0.468559
56,54,0.700872,0.01,0.468559
56,55,0.705658,0.01,0.468559
56,56,0.706275,0.01,0.468559
56,57,0.706798,0.01,0.468559
56,58,0.711489,0.01,0.468559
56,59,0.716105,0.01,0.468559
56,60,0.720648,0.01,0.468559
56,61,0.725117,0.01,0.468559
56,62,0.729516,0.01,0.468559
56,63,0.733843,0.01,0.468559
56,64,0.738102,0.01,0.468559
56,65,0.742292,0.01,0.468559
56,66,0.742308,0.01,0.468559
56,67,0.742273,0.01,0.468559
56,68,0.746397,0.01,0.468559
56,69,0.746114,0.01,0.468559
56,70,0.750177,0.01,0.468559
56,71,0.754174,0.01,0.468559
56,72,0.758107,0.01,0.468559
56,73,0.753567,0.01,0.468559
56,74,0.75342,0.01,0.468559
56,75,0.757365,0.01,0.468559
56,76,0.761247,0.01,0.468559
56,77,0.765067,0.01,0.468559
56,78,0.768826,0.01,0.468559
56,79,0.772525,0.01,0.468559
56,80,0.776164,0.01,0.468559
56,81,0.779746,0.01,0.468559
56,82,0.779139,0.01,0.468559
56,83,0.782673,0.01,0.468559
56,84,0.781883,0.01,0.468559
56,85,0.785373,0.01,0.468559
56,86,0.788807,0.01,0.468559
56,87,0.792186,0.01,0.468559
56,88,0.795511,0.01,0.468559
56,89,0.798783,0.01,0.468559
56,90,0.79758,0.01,0.468559
56,91,0.800819,0.01,0.468559
56,92,0.799792,0.01,0.468559
56,93,0.802995,0.01,0.468559
56,94,0.806147,0.01,0.468559
56,95,0.804833,0.01,0.468559
56,96,0.807955,0.01,0.468559
56,97,0.806586,0.01,0.468559
56,98,0.80518,0.01,0.468559
56,99,0.808297,0.01,0.468559
56,100,0.811365,0.01,0.468559
56,101,0.81005,0.01,0.468559
56,102,0.813089,0.01,0.468559
56,103,0.816079,0.01,0.468559
56,104,0.810437,0.01,0.468559
56,105,0.81347,0.01,0.468559
56,106,0.816455,0.01,0.468559
56,107,0.810516,0.01,0.468559
56,108,0.809213,0.01,0.468559
56,109,0.812266,0.01,0.468559
56,110,0.81527,0.01,0.468559
56,111,0.818225,0.01,0.468559
56,112,0.816946,0.01,0.468559
56,113,0.819875,0.01,0.468559
56,114,0.818683,0.01,0.468559
56,115,0.817312,0.01,0.468559
56,116,0.820235,0.01,0.468559
56,117,0.819128,0.01,0.468559
56,118,0.817658,0.01,0.468559
56,119,0.820576,0.01,0.468559
56,120,0.823447,0.01,0.468559
56,121,0.826271,0.01,0.468559
56,122,0.829051,0.01,0.468559
56,123,0.831786,0.01,0.468559
56,124,0.826065,0.01,0.468559
56,125,0.828848,0.01,0.468559
56,126,0.831586,0.01,0.468559
56,127,0.834281,0.01,0.468559
56,128,0.836932,0.01,0.468559
56,129,0.8352,0.01,0.468559
56,130,0.837837,0.01,0.468559
56,131,0.840431,0.01,0.468559
56,132,0.842985,0.01,0.468559
56,133,0.840786,0.01,0.468559
56,134,0.843334,0.01,0.468559
56,135,0.841318,0.01,0.468559
56,136,0.826143,0.01,0.468559
56,137,0.828925,0.01,0.468559
56,138,0.831662,0.01,0.468559
56,139,0.834356,0.01,0.468559
56,140,0.837006,0.01,0.468559
56,141,0.835417,0.01,0.468559
56,142,0.833518,0.01,0.468559
56,143,0.831739,0.01,0.468559
56,144,0.830131,0.01,0.468559
56,145,0.832849,0.01,0.468559
56,146,0.835523,0.01,0.468559
56,147,0.838155,0.01,0.468559
56,148,0.836539,0.01,0.468559
56,149,0.834712,0.01,0.468559
56,150,0.837357,0.01,0.468559
56,151,0.839959,0.01,0.468559
56,152,0.837789,0.01,0.468559
56,153,0.836116,0.01,0.468559
56,154,0.838738,0.01,0.468559
56,155,0.841318,0.01,0.468559
56,156,0.839601,0.01,0.468559
56,157,0.838044,0.01,0.468559
56,158,0.840636,0.01,0.468559
56,159,0.843186,0.01,0.468559
56,160,0.845695,0.01,0.468559
56,161,0.84375,0.01,0.468559
56,162,0.837368,0.01,0.468559
56,163,0.830997,0.01,0.468559
56,164,0.82484,0.01,0.468559
56,165,0.827642,0.01,0.468559
56,166,0.8304,0.01,0.468559
56,167,0.833113,0.01,0.468559
56,168,0.835784,0.01,0.468559
56,169,0.834251,0.01,0.468559
56,170,0.832146,0.01,0.468559
56,171,0.834832,0.01,0.468559
56,172,0.837475,0.01,0.468559
56,173,0.840075,0.01,0.468559
56,174,0.833573,0.01,0.468559
56,175,0.836236,0.01,0.468559
56,176,0.838856,0.01,0.468559
56,177,0.841434,0.01,0.468559
56,178,0.843972,0.01,0.468559
56,179,0.846468,0.01,0.468559
56,180,0.844748,0.01,0.468559
56,181,0.847232,0.01,0.468559
56,182,0.845012,0.01,0.468559
56,183,0.847492,0.01,0.468559
56,184,0.845437,0.01,0.468559
56,185,0.84791,0.01,0.468559
56,186,0.841138,0.01,0.468559
56,187,0.839309,0.01,0.468559
56,188,0.837478,0.01,0.468559
56,189,0.835916,0.01,0.468559
56,190,0.838541,0.01,0.468559
56,191,0.836626,0.01,0.468559
56,192,0.83924,0.01,0.468559
56,193,0.841812,0.01,0.468559
56,194,0.839969,0.01,0.468559
56,195,0.837953,0.01,0.468559
56,196,0.840546,0.01,0.468559
56,197,0.843097,0.01,0.468559
56,198,0.845608,0.01,0.468559
56,199,0.848078,0.01,0.468559
56,200,0.846141,0.01,0.468559
57,1,0.5056,0.5056,0.0
57,2,0.51183,0.51183,0.0
57,3,0.508797,0.518465,0.0
57,4,0.512447,0.525346,0.0
57,5,0.519573,0.532365,0.0
57,6,0.526787,0.266182,0.1
57,7,0.534028,0.269062,0.1
57,8,0.541252,0.272154,0.1
57,9,0.54843,0.275378,0.1
57,10,0.555541,0.278677,0.1
57,11,0.562573,0.282011,0.1
57,12,0.565968,0.141005,0.19
57,13,0.572873,0.142339,0.19
57,14,0.579678,0.143774,0.19
57,15,0.586384,0.145272,0.19
57,16,0.585801,0.146807,0.19
57,17,0.585306,0.14836,0.19
57,18,0.591933,0.07418,0.271
57,19,0.59475,0.074789,0.271
57,20,0.597503,0.075449,0.271
57,21,0.600192,0.076142,0.271
57,22,0.606587,0.076854,0.271
57,23,0.609316,0.077575,0.271
57,24,0.61186,0.038788,0.3439
57,25,0.61807,0.039065,0.3439
57,26,0.616935,0.039368,0.3439
57,27,0.623064,0.039689,0.3439
57,28,0.629094,0.040019,0.3439
57,29,0.635028,0.040354,0.3439
57,30,0.637126,0.020177,0.40951
57,31,0.642932,0.020303,0.40951
57,32,0.648645,0.020443,0.40951
57,33,0.650298,0.02059,0.40951
57,34,0.655893,0.020743,0.40951
57,35,0.661399,0.019706,0.40951
57,36,0.666816,0.01,0.468559
57,37,0.672147,0.01,0.468559
57,38,0.677393,0.01,0.468559
57,39,0.682555,0.01,0.468559
57,40,0.687634,0.01,0.468559
57,41,0.692632,0.01,0.468559
57,42,0.693561,0.01,0.468559
57,43,0.698464,0.01,0.468559
57,44,0.699291,0.01,0.468559
57,45,0.704103,0.01,0.468559
57,46,0.701078,0.01,0.468559
57,47,0.70586,0.01,0.468559
57,48,0.710567,0.01,0.468559
57,49,0.715198,0.01,0.468559
57,50,0.719754,0.01,0.468559
57,51,0.724238,0.01,0.468559
57,52,0.72865,0.01,0.468559
57,53,0.732992,0.01,0.468559
57,54,0.737264,0.01,0.468559
57,55,0.737344,0.01,0.468559
57,56,0.741546,0.01,0.468559
57,57,0.745682,0.01,0.468559
57,58,0.74575,0.01,0.468559
57,59,0.741521,0.01,0.468559
57,60,0.745657,0.01,0.468559
57,61,0.749726,0.01,0.468559
57,62,0.749584,0.01,0.468559
57,63,0.753591,0.01,0.468559
57,64,0.757534,0.01,0.468559
57,65,0.757071,0.01,0.468559
57,66,0.752693,0.01,0.468559
57,67,0.75665,0.01,0.468559
57,68,0.748126,0.01,0.468559
57,69,0.747844,0.01,0.468559
57,70,0.747796,0.01,0.468559
57,71,0.747572,0.01,0.468559
57,72,0.747519,0.01,0.468559
57,73,0.751558,0.01,0.468559
57,74,0.755533,0.01,0.468559
57,75,0.759445,0.01,0.468559
57,76,0.763294,0.01,0.468559
57,77,0.767081,0.01,0.468559
57,78,0.766447,0.01,0.468559
57,79,0.770184,0.01,0.468559
57,80,0.769783,0.01,0.468559
57,81,0.773467,0.01,0.468559
57,82,0.772832,0.01,0.468559
57,83,0.776467,0.01,0.468559
57,84,0.775903,0.01,0.468559
57,85,0.779489,0.01,0.468559
57,86,0.783017,0.01,0.468559
57,87,0.777651,0.01,0.468559
57,88,0.781208,0.01,0.468559
57,89,0.780634,0.01,0.468559
57,90,0.784144,0.01,0.468559
57,91,0.783381,0.01,0.468559
57,92,0.786847,0.01,0.468559
57,93,0.786157,0.01,0.468559
57,94,0.785085,0.01,0.468559
57,95,0.788523,0.01,0.468559
57,96,0.787728,0.01,0.468559
57,97,0.787061,0.01,0.468559
57,98,0.790468,0.01,0.468559
57,99,0.789864,0.01,0.468559
57,100,0.793226,0.01,0.468559
57,101,0.796535,0.01,0.468559
57,102,0.79979,0.01,0.468559
57,103,0.802993,0.01,0.468559
57,104,0.79758,0.01,0.468559
57,105,0.800819,0.01,0.468559
57,106,0.804006,0.01,0.468559
57,107,0.802627,0.01,0.468559
57,108,0.801231,0.01,0.468559
57,109,0.799975,0.01,0.468559
57,110,0.803175,0.01,0.468559
57,111,0.806325,0.01,0.468559
57,112,0.805053,0.01,0.468559
57,113,0.808172,0.01,0.468559
57,114,0.811242,0.01,0.468559
57,115,0.814262,0.01,0.468559
57,116,0.817233,0.01,0.468559
57,117,0.820158,0.01,0.468559
57,118,0.818572,0.01,0.468559
57,119,0.821475,0.01,0.468559
57,120,0.819932,0.01,0.468559
57,121,0.822813,0.01,0.468559
57,122,0.821007,0.01,0.468559
57,123,0.819588,0.01,0.468559
57,124,0.822474,0.01,0.468559
57,125,0.82081,0.01,0.468559
57,126,0.823677,0.01,0.468559
57,127,0.826498,0.01,0.468559
57,128,0.820288,0.01,0.468559
57,129,0.823163,0.01,0.468559
57,130,0.821568,0.01,0.468559
57,131,0.82008,0.01,0.468559
57,132,0.818378,0.01,0.468559
57,133,0.817065,0.01,0.468559
57,134,0.815716,0.01,0.468559
57,135,0.818665,0.01,0.468559
57,136,0.821566,0.01,0.468559
57,137,0.819954,0.01,0.468559
57,138,0.81431,0.01,0.468559
57,139,0.817281,0.01,0.468559
57,140,0.815689,0.01,0.468559
57,141,0.818638,0.01,0.468559
57,142,0.82154,0.01,0.468559
57,143,0.815623,0.01,0.468559
57,144,0.818573,0.01,0.468559
57,145,0.821476,0.01,0.468559
57,146,0.819913,0.01,0.468559
57,147,0.818349,0.01,0.468559
57,148,0.821255,0.01,0.468559
57,149,0.815618,0.01,0.468559
57,150,0.81385,0.01,0.468559
57,151,0.816828,0.01,0.468559
57,152,0.819759,0.01,0.468559
57,153,0.822643,0.01,0.468559
57,154,0.82125,0.01,0.468559
57,155,0.82411,0.01,0.468559
57,156,0.826924,0.01,0.468559
57,157,0.829694,0.01,0.468559
57,158,0.827913,0.01,0.468559
57,159,0.830666,0.01,0.468559
57,160,0.833376,0.01,0.468559
57,161,0.836042,0.01,0.468559
57,162,0.838665,0.01,0.468559
57,163,0.841246,0.01,0.468559
57,164,0.843787,0.01,0.468559
57,165,0.846286,0.01,0.468559
57,166,0.848745,0.01,0.468559
57,167,0.851165,0.01,0.468559
57,168,0.853547,0.01,0.468559
57,169,0.851217,0.01,0.468559
57,170,0.853598,0.01,0.468559
57,171,0.851337,0.01,0.468559
57,172,0.853716,0.01,0.468559
57,173,0.856056,0.01,0.468559
57,174,0.85389,0.01,0.468559
57,175,0.851777,0.01,0.468559
57,176,0.854148,0.01,0.468559
57,177,0.852134,0.01,0.468559
57,178,0.8545,0.01,0.468559
57,179,0.852153,0.01,0.468559
57,180,0.849997,0.01,0.468559
57,181,0.847782,0.01,0.468559
57,182,0.850218,0.01,0.468559
57,183,0.848049,0.01,0.468559
57,184,0.845999,0.01,0.468559
57,185,0.848463,0.01,0.468559
57,186,0.846464,0.01,0.468559
57,187,0.839879,0.01,0.468559
57,188,0.838147,0.01,0.468559
57,189,0.840737,0.01,0.468559
57,190,0.839112,0.01,0.468559
57,191,0.832777,0.01,0.468559
57,192,0.835453,0.01,0.468559
57,193,0.838086,0.01,0.468559
57,194,0.840676,0.01,0.468559
57,195,0.843225,0.01,0.468559
57,196,0.845734,0.01,0.468559
57,197,0.848202,0.01,0.468559
57,198,0.846304,0.01,0.468559
57,199,0.848764,0.01,0.468559
57,200,0.851183,0.01,0.468559
58,1,0.5056,0.5056,0.0
58,2,0.508679,0.51183,0.0
58,3,0.512249,0.518465,0.0
58,4,0.519144,0.525346,0.0
58,5,0.526202,0.532365,0.0
58,6,0.523228,0.266182,0.1
58,7,0.530508,0.269062,0.1
58,8,0.53446,0.272154,0.1
58,9,0.541729,0.258547,0.1
58,10,0.548936,0.261988,0.1
58,11,0.556066,0.265501,0.1
58,12,0.559559,0.13275,0.19
58,13,0.566562,0.134194,0.19
58,14,0.569974,0.135744,0.19
58,15,0.576832,0.13736,0.19
58,16,0.583586,0.139014,0.19
58,17,0.583223,0.140686,0.19
58,18,0.589883,0.070343,0.271
58,19,0.5892,0.071012,0.271
58,20,0.595768,0.071732,0.271
58,21,0.598784,0.072484,0.271
58,22,0.605201,0.073254,0.271
58,23,0.607943,0.074032,0.271
58,24,0.606874,0.037016,0.3439
58,25,0.613163,0.037322,0.3439
58,26,0.619352,0.037653,0.3439
58,27,0.618408,0.038001,0.3439
58,28,0.620631,0.038358,0.3439
58,29,0.623169,0.038719,0.3439
58,30,0.6254,0.01936,0.40951
58,31,0.631394,0.019499,0.40951
58,32,0.637291,0.019651,0.40951
58,33,0.63925,0.019812,0.40951
58,34,0.641481,0.019977,0.40951
58,35,0.647217,0.020146,0.40951
58,36,0.645376,0.01,0.468559
58,37,0.65105,0.01,0.468559
58,38,0.656633,0.01,0.468559
58,39,0.650656,0.01,0.468559
58,40,0.652793,0.01,0.468559
58,41,0.6544,0.01,0.468559
58,42,0.65993,0.01,0.468559
58,43,0.661443,0.01,0.468559
58,44,0.66686,0.01,0.468559
58,45,0.672191,0.01,0.468559
58,46,0.673532,0.01,0.468559
58,47,0.674769,0.01,0.468559
58,48,0.679973,0.01,0.468559
58,49,0.685093,0.01,0.468559
58,50,0.686219,0.01,0.468559
58,51,0.69124,0.01,0.468559
58,52,0.69618,0.01,0.468559
58,53,0.697086,0.01,0.468559
58,54,0.701933,0.01,0.468559
58,55,0.702497,0.01,0.468559
58,56,0.699307,0.01,0.468559
58,57,0.704118,0.01,0.468559
58,58,0.704942,0.01,0.468559
58,59,0.709663,0.01,0.468559
58,60,0.714309,0.01,0.468559
58,61,0.71888,0.01,0.468559
58,62,0.723378,0.01,0.468559
58,63,0.727804,0.01,0.468559
58,64,0.732159,0.01,0.468559
58,65,0.736444,0.01,0.468559
58,66,0.736267,0.01,0.468559
58,67,0.740487,0.01,0.468559
58,68,0.740553,0.01,0.468559
58,69,0.744705,0.01,0.468559
58,70,0.740662,0.01,0.468559
58,71,0.740953,0.01,0.468559
58,72,0.745097,0.01,0.468559
58,73,0.745123,0.01,0.468559
58,74,0.749201,0.01,0.468559
58,75,0.753214,0.01,0.468559
58,76,0.752879,0.01,0.468559
58,77,0.756833,0.01,0.468559
58,78,0.760724,0.01,0.468559
58,79,0.764552,0.01,0.468559
58,80,0.768319,0.01,0.468559
58,81,0.772026,0.01,0.468559
58,82,0.775674,0.01,0.468559
58,83,0.775313,0.01,0.468559
58,84,0.778908,0.01,0.468559
58,85,0.778238,0.01,0.468559
58,86,0.781786,0.01,0.468559
58,87,0.785278,0.01,0.468559
58,88,0.788713,0.01,0.468559
58,89,0.787833,0.01,0.468559
58,90,0.791228,0.01,0.468559
58,91,0.794568,0.01,0.468559
58,92,0.797855,0.01,0.468559
58,93,0.796798,0.01,0.468559
58,94,0.80005,0.01,0.468559
58,95,0.803249,0.01,0.468559
58,96,0.806397,0.01,0.468559
58,97,0.809494,0.01,0.468559
58,98,0.812543,0.01,0.468559
58,99,0.815542,0.01,0.468559
58,100,0.814395,0.01,0.468559
58,101,0.817365,0.01,0.468559
58,102,0.815674,0.01,0.468559
58,103,0.814114,0.01,0.468559
58,104,0.812499,0.01,0.468559
58,105,0.815499,0.01,0.468559
58,106,0.818451,0.01,0.468559
58,107,0.816984,0.01,0.468559
58,108,0.819912,0.01,0.468559
58,109,0.818301,0.01,0.468559
58,110,0.821209,0.01,0.468559
58,111,0.8198,0.01,0.468559
58,112,0.822683,0.01,0.468559
58,113,0.821012,0.01,0.468559
58,114,0.815159,0.01,0.468559
58,115,0.81394,0.01,0.468559
58,116,0.816917,0.01,0.468559
58,117,0.819846,0.01,0.468559
58,118,0.822728,0.01,0.468559
58,119,0.825565,0.01,0.468559
58,120,0.828356,0.01,0.468559
58,121,0.831102,0.01,0.468559
58,122,0.833804,0.01,0.468559
58,123,0.836464,0.01,0.468559
58,124,0.83908,0.01,0.468559
58,125,0.841655,0.01,0.468559
58,126,0.839999,0.01,0.468559
58,127,0.837998,0.01,0.468559
58,128,0.84059,0.01,0.468559
58,129,0.84314,0.01,0.468559
58,130,0.841119,0.01,0.468559
58,131,0.834558,0.01,0.468559
58,132,0.837205,0.01,0.468559
58,133,0.835352,0.01,0.468559
58,134,0.833448,0.01,0.468559
58,135,0.818218,0.01,0.468559
58,136,0.821126,0.01,0.468559
58,137,0.819563,0.01,0.468559
58,138,0.817866,0.01,0.468559
58,139,0.816311,0.01,0.468559
58,140,0.81925,0.01,0.468559
58,141,0.817666,0.01,0.468559
58,142,0.8119,0.01,0.468559
58,143,0.810521,0.01,0.468559
58,144,0.813553,0.01,0.468559
58,145,0.812172,0.01,0.468559
58,146,0.815178,0.01,0.468559
58,147,0.813897,0.01,0.468559
58,148,0.816874,0.01,0.468559
58,149,0.811023,0.01,0.468559
58,150,0.809729,0.01,0.468559
58,151,0.808591,0.01,0.468559
58,152,0.811653,0.01,0.468559
58,153,0.814667,0.01,0.468559
58,154,0.817632,0.01,0.468559
58,155,0.815866,0.01,0.468559
58,156,0.818812,0.01,0.468559
58,157,0.821711,0.01,0.468559
58,158,0.824564,0.01,0.468559
58,159,0.823029,0.01,0.468559
58,160,0.825861,0.01,0.468559
58,161,0.828647,0.01,0.468559
58,162,0.831389,0.01,0.468559
58,163,0.834087,0.01,0.468559
58,164,0.836741,0.01,0.468559
58,165,0.839353,0.01,0.468559
58,166,0.841924,0.01,0.468559
58,167,0.844453,0.01,0.468559
58,168,0.842589,0.01,0.468559
58,169,0.845108,0.01,0.468559
58,170,0.842969,0.01,0.468559
58,171,0.841148,0.01,0.468559
58,172,0.834618,0.01,0.468559
58,173,0.837264,0.01,0.468559
58,174,0.839867,0.01,0.468559
58,175,0.837964,0.01,0.468559
58,176,0.836194,0.01,0.468559
58,177,0.838815,0.01,0.468559
58,178,0.83273,0.01,0.468559
58,179,0.835406,0.01,0.468559
58,180,0.833746,0.01,0.468559
58,181,0.836406,0.01,0.468559
58,182,0.830495,0.01,0.468559
58,183,0.833207,0.01,0.468559
58,184,0.83175,0.01,0.468559
58,185,0.834442,0.01,0.468559
58,186,0.832576,0.01,0.468559
58,187,0.830971,0.01,0.468559
58,188,0.833675,0.01,0.468559
58,189,0.836336,0.01,0.468559
58,190,0.838955,0.01,0.468559
58,191,0.841532,0.01,0.468559
58,192,0.844067,0.01,0.468559
58,193,0.842347,0.01,0.468559
58,194,0.840551,0.01,0.468559
58,195,0.843102,0.01,0.468559
58,196,0.841417,0.01,0.468559
58,197,0.843954,0.01,0.468559
58,198,0.846451,0.01,0.468559
58,199,0.848908,0.01,0.468559
58,200,0.851325,0.01,0.468559
59,1,0.5056,0.5056,0.0
59,2,0.51183,0.51183,0.0
59,3,0.518465,0.518465,0.0
59,4,0.525346,0.525346,0.0
59,5,0.532365,0.532365,0.0
59,6,0.532704,0.266182,0.1
59,7,0.539874,0.252873,0.1
59,8,0.547022,0.255966,0.1
59,9,0.554119,0.259268,0.1
59,10,0.557652,0.246304,0.1
59,11,0.56113,0.249942,0.1
59,12,0.568096,0.124971,0.19
59,13,0.571502,0.126508,0.19
59,14,0.578329,0.128159,0.19
59,15,0.585056,0.129882,0.19
59,16,0.591681,0.131645,0.19
59,17,0.598204,0.133427,0.19
59,18,0.601038,0.066714,0.271
59,19,0.607416,0.067439,0.271
59,20,0.613694,0.068215,0.271
59,21,0.619873,0.069022,0.271
59,22,0.625953,0.069846,0.271
59,23,0.631936,0.070679,0.271
59,24,0.634218,0.03534,0.3439
59,25,0.636244,0.035672,0.3439
59,26,0.638534,0.033888,0.3439
59,27,0.644317,0.032194,0.3439
59,28,0.646126,0.032607,0.3439
59,29,0.64798,0.033035,0.3439
59,30,0.653612,0.016518,0.40951
59,31,0.65522,0.016696,0.40951
59,32,0.656785,0.016889,0.40951
59,33,0.662276,0.017091,0.40951
59,34,0.660255,0.017298,0.40951
59,35,0.665691,0.017507,0.40951
59,36,0.671039,0.01,0.468559
59,37,0.672755,0.01,0.468559
59,38,0.674217,0.01,0.468559
59,39,0.675488,0.01,0.468559
59,40,0.672852,0.01,0.468559
59,41,0.678086,0.01,0.468559
59,42,0.683237,0.01,0.468559
59,43,0.688305,0.01,0.468559
59,44,0.693292,0.01,0.468559
59,45,0.690205,0.01,0.468559
59,46,0.687098,0.01,0.468559
59,47,0.692105,0.01,0.468559
59,48,0.684898,0.01,0.468559
59,49,0.686049,0.01,0.468559
59,50,0.691072,0.01,0.468559
59,51,0.696015,0.01,0.468559
59,52,0.700879,0.01,0.468559
59,53,0.705664,0.01,0.468559
59,54,0.710374,0.01,0.468559
59,55,0.711186,0.01,0.468559
59,56,0.707854,0.01,0.468559
59,57,0.712528,0.01,0.468559
59,58,0.717127,0.01,0.468559
59,59,0.721653,0.01,0.468559
59,60,0.726107,0.01,0.468559
59,61,0.730489,0.01,0.468559
59,62,0.730563,0.01,0.468559
59,63,0.734874,0.01,0.468559
59,64,0.739116,0.01,0.468559
59,65,0.74329,0.01,0.468559
59,66,0.743226,0.01,0.468559
59,67,0.743265,0.01,0.468559
59,68,0.743315,0.01,0.468559
59,69,0.747422,0.01,0.468559
59,70,0.751463,0.01,0.468559
59,71,0.751163,0.01,0.468559
59,72,0.75114,0.01,0.468559
59,73,0.750882,0.01,0.468559
59,74,0.754868,0.01,0.468559
59,75,0.754719,0.01,0.468559
59,76,0.754706,0.01,0.468559
59,77,0.758631,0.01,0.468559
59,78,0.762493,0.01,0.468559
59,79,0.762435,0.01,0.468559
59,80,0.76199,0.01,0.468559
59,81,0.765798,0.01,0.468559
59,82,0.769545,0.01,0.468559
59,83,0.76465,0.01,0.468559
59,84,0.768416,0.01,0.468559
59,85,0.772121,0.01,0.468559
59,86,0.771662,0.01,0.468559
59,87,0.767161,0.01,0.468559
59,88,0.766677,0.01,0.468559
59,89,0.770411,0.01,0.468559
59,90,0.774084,0.01,0.468559
59,91,0.773591,0.01,0.468559
59,92,0.777214,0.01,0.468559
59,93,0.776705,0.01,0.468559
59,94,0.780277,0.01,0.468559
59,95,0.771329,0.01,0.468559
59,96,0.770677,0.01,0.468559
59,97,0.774346,0.01,0.468559
59,98,0.777956,0.01,0.468559
59,99,0.781509,0.01,0.468559
59,100,0.785005,0.01,0.468559
59,101,0.784303,0.01,0.468559
59,102,0.787754,0.01,0.468559
59,103,0.79115,0.01,0.468559
59,104,0.794492,0.01,0.468559
59,105,0.79778,0.01,0.468559
59,106,0.79694,0.01,0.468559
59,107,0.796103,0.01,0.468559
59,108,0.799365,0.01,0.468559
59,109,0.802575,0.01,0.468559
59,110,0.80145,0.01,0.468559
59,111,0.804627,0.01,0.468559
59,112,0.807753,0.01,0.468559
59,113,0.810829,0.01,0.468559
59,114,0.813856,0.01,0.468559
59,115,0.816834,0.01,0.468559
59,116,0.819765,0.01,0.468559
59,117,0.814194,0.01,0.468559
59,118,0.812754,0.01,0.468559
59,119,0.811166,0.01,0.468559
59,120,0.814187,0.01,0.468559
59,121,0.81716,0.01,0.468559
59,122,0.820085,0.01,0.468559
59,123,0.822964,0.01,0.468559
59,124,0.825797,0.01,0.468559
59,125,0.828584,0.01,0.468559
59,126,0.822635,0.01,0.468559
59,127,0.816893,0.01,0.468559
59,128,0.819823,0.01,0.468559
59,129,0.822706,0.01,0.468559
59,130,0.825543,0.01,0.468559
59,131,0.828334,0.01,0.468559
59,132,0.831081,0.01,0.468559
59,133,0.833783,0.01,0.468559
59,134,0.831994,0.01,0.468559
59,135,0.821891,0.01,0.468559
59,136,0.820295,0.01,0.468559
59,137,0.819098,0.01,0.468559
59,138,0.817788,0.01,0.468559
59,139,0.81663,0.01,0.468559
59,140,0.815227,0.01,0.468559
59,141,0.813364,0.01,0.468559
59,142,0.812336,0.01,0.468559
59,143,0.815339,0.01,0.468559
59,144,0.818293,0.01,0.468559
59,145,0.821201,0.01,0.468559
59,146,0.824062,0.01,0.468559
59,147,0.826877,0.01,0.468559
59,148,0.829647,0.01,0.468559
59,149,0.827904,0.01,0.468559
59,150,0.826286,0.01,0.468559
59,151,0.829066,0.01,0.468559
59,152,0.831801,0.01,0.468559
59,153,0.83001,0.01,0.468559
59,154,0.83273,0.01,0.468559
59,155,0.835407,0.01,0.468559
59,156,0.833851,0.01,0.468559
59,157,0.832128,0.01,0.468559
59,158,0.834814,0.01,0.468559
59,159,0.837457,0.01,0.468559
59,160,0.840057,0.01,0.468559
59,161,0.842616,0.01,0.468559
59,162,0.840777,0.01,0.468559
59,163,0.843324,0.01,0.468559
59,164,0.845831,0.01,0.468559
59,165,0.848298,0.01,0.468559
59,166,0.846245,0.01,0.468559
59,167,0.848705,0.01,0.468559
59,168,0.851126,0.01,0.468559
59,169,0.853508,0.01,0.468559
59,170,0.855852,0.01,0.468559
59,171,0.853844,0.01,0.468559
59,172,0.856182,0.01,0.468559
59,173,0.858483,0.01,0.468559
59,174,0.860748,0.01,0.468559
59,175,0.858636,0.01,0.468559
59,176,0.847201,0.01,0.468559
59,177,0.849646,0.01,0.468559
59,178,0.847482,0.01,0.468559
59,179,0.841229,0.01,0.468559
59,180,0.84377,0.01,0.468559
59,181,0.846269,0.01,0.468559
59,182,0.848729,0.01,0.468559
59,183,0.851149,0.01,0.468559
59,184,0.853531,0.01,0.468559
59,185,0.846684,0.01,0.468559
59,186,0.840245,0.01,0.468559
59,187,0.842801,0.01,0.468559
59,188,0.845317,0.01,0.468559
59,189,0.843416,0.01,0.468559
59,190,0.845921,0.01,0.468559
59,191,0.844152,0.01,0.468559
59,192,0.842214,0.01,0.468559
59,193,0.844739,0.01,0.468559
59,194,0.842646,0.01,0.468559
59,195,0.845164,0.01,0.468559
59,196,0.838348,0.01,0.468559
59,197,0.836425,0.01,0.468559
59,198,0.839042,0.01,0.468559
59,199,0.841617,0.01,0.468559
59,200,0.844152,0.01,0.468559
60,1,0.50254,0.5056,0.0
60,2,0.508747,0.51183,0.0
60,3,0.515381,0.518465,0.0
60,4,0.512435,0.525346,0.0
60,5,0.519561,0.532365,0.0
60,6,0.523534,0.266182,0.1
60,7,0.527403,0.269062,0.1
60,8,0.534713,0.272154,0.1
60,9,0.535164,0.275378,0.1
60,10,0.539074,0.278677,0.1
60,11,0.546352,0.282011,0.1
60,12,0.553542,0.141005,0.19
60,13,0.557166,0.142339,0.19
60,14,0.55723,0.143774,0.19
60,15,0.564287,0.145272,0.19
60,16,0.57124,0.146807,0.19
60,17,0.578087,0.14836,0.19
60,18,0.584829,0.07418,0.271
60,19,0.587959,0.074789,0.271
60,20,0.594547,0.075449,0.271
60,21,0.597395,0.076142,0.271
60,22,0.603834,0.076854,0.271
60,23,0.599086,0.077575,0.271
60,24,0.601692,0.038788,0.3439
60,25,0.604365,0.039065,0.3439
60,26,0.60351,0.039368,0.3439
60,27,0.609853,0.039689,0.3439
60,28,0.616095,0.040019,0.3439
60,29,0.622237,0.040354,0.3439
60,30,0.621067,0.020177,0.40951
60,31,0.627129,0.020303,0.40951
60,32,0.629456,0.020443,0.40951
60,33,0.631498,0.02059,0.40951
60,34,0.633749,0.020743,0.40951
60,35,0.635715,0.020899,0.40951
60,36,0.641544,0.01,0.468559
60,37,0.647279,0.01,0.468559
60,38,0.64932,0.01,0.468559
60,39,0.654931,0.01,0.468559
60,40,0.660452,0.01,0.468559
60,41,0.658177,0.01,0.468559
60,42,0.663646,0.01,0.468559
60,43,0.669028,0.01,0.468559
60,44,0.674323,0.01,0.468559
60,45,0.675607,0.01,0.468559
60,46,0.680798,0.01,0.468559
60,47,0.685905,0.01,0.468559
60,48,0.686937,0.01,0.468559
60,49,0.691946,0.01,0.468559
60,50,0.692983,0.01,0.468559
60,51,0.689847,0.01,0.468559
60,52,0.694809,0.01,0.468559
60,53,0.699692,0.01,0.468559
60,54,0.700474,0.01,0.468559
60,55,0.701395,0.01,0.468559
60,56,0.702301,0.01,0.468559
60,57,0.707064,0.01,0.468559
60,58,0.707538,0.01,0.468559
60,59,0.712218,0.01,0.468559
60,60,0.716822,0.01,0.468559
60,61,0.717425,0.01,0.468559
60,62,0.721946,0.01,0.468559
60,63,0.726395,0.01,0.468559
60,64,0.726619,0.01,0.468559
60,65,0.730993,0.01,0.468559
60,66,0.735298,0.01,0.468559
60,67,0.735629,0.01,0.468559
60,68,0.735749,0.01,0.468559
60,69,0.736169,0.01,0.468559
60,70,0.73629,0.01,0.468559
60,71,0.740509,0.01,0.468559
60,72,0.736174,0.01,0.468559
60,73,0.740395,0.01,0.468559
60,74,0.740309,0.01,0.468559
60,75,0.744464,0.01,0.468559
60,76,0.748552,0.01,0.468559
60,77,0.744398,0.01,0.468559
60,78,0.744372,0.01,0.468559
60,79,0.744057,0.01,0.468559
60,80,0.743995,0.01,0.468559
60,81,0.748091,0.01,0.468559
60,82,0.752121,0.01,0.468559
60,83,0.756088,0.01,0.468559
60,84,0.75556,0.01,0.468559
60,85,0.755183,0.01,0.468559
60,86,0.755002,0.01,0.468559
60,87,0.754578,0.01,0.468559
60,88,0.754228,0.01,0.468559
60,89,0.758161,0.01,0.468559
60,90,0.753594,0.01,0.468559
60,91,0.753637,0.01,0.468559
60,92,0.757579,0.01,0.468559
60,93,0.757257,0.01,0.468559
60,94,0.757025,0.01,0.468559
60,95,0.760913,0.01,0.468559
60,96,0.760432,0.01,0.468559
60,97,0.760094,0.01,0.468559
60,98,0.763932,0.01,0.468559
60,99,0.767709,0.01,0.468559
60,100,0.771426,0.01,0.468559
60,101,0.775083,0.01,0.468559
60,102,0.778682,0.01,0.468559
60,103,0.782223,0.01,0.468559
60,104,0.785707,0.01,0.468559
60,105,0.789136,0.01,0.468559
60,106,0.79251,0.01,0.468559
60,107,0.791468,0.01,0.468559
60,108,0.794805,0.01,0.468559
60,109,0.798088,0.01,0.468559
60,110,0.801318,0.01,0.468559
60,111,0.800116,0.01,0.468559
60,112,0.798852,0.01,0.468559
60,113,0.802071,0.01,0.468559
60,114,0.800911,0.01,0.468559
60,115,0.799828,0.01,0.468559
60,116,0.803031,0.01,0.468559
60,117,0.806182,0.01,0.468559
60,118,0.809283,0.01,0.468559
60,119,0.807832,0.01,0.468559
60,120,0.810906,0.01,0.468559
60,121,0.809531,0.01,0.468559
60,122,0.812578,0.01,0.468559
60,123,0.811212,0.01,0.468559
60,124,0.814232,0.01,0.468559
60,125,0.817204,0.01,0.468559
60,126,0.815542,0.01,0.468559
60,127,0.818493,0.01,0.468559
60,128,0.812835,0.01,0.468559
60,129,0.815829,0.01,0.468559
60,130,0.81462,0.01,0.468559
60,131,0.817586,0.01,0.468559
60,132,0.816032,0.01,0.468559
60,133,0.818976,0.01,0.468559
60,134,0.817468,0.01,0.468559
60,135,0.816125,0.01,0.468559
60,136,0.819067,0.01,0.468559
60,137,0.81295,0.01,0.468559
60,138,0.815943,0.01,0.468559
60,139,0.818888,0.01,0.468559
60,140,0.821786,0.01,0.468559
60,141,0.824637,0.01,0.468559
60,142,0.827443,0.01,0.468559
60,143,0.82588,0.01,0.468559
60,144,0.824454,0.01,0.468559
60,145,0.827263,0.01,0.468559
60,146,0.82131,0.01,0.468559
60,147,0.824169,0.01,0.468559
60,148,0.82254,0.01,0.468559
60,149,0.82538,0.01,0.468559
60,150,0.828173,0.01,0.468559
60,151,0.830923,0.01,0.468559
60,152,0.833628,0.01,0.468559
60,153,0.82789,0.01,0.468559
60,154,0.830644,0.01,0.468559
60,155,0.833353,0.01,0.468559
60,156,0.83602,0.01,0.468559
60,157,0.834536,0.01,0.468559
60,158,0.837184,0.01,0.468559
60,159,0.839789,0.01,0.468559
60,160,0.837758,0.01,0.468559
60,161,0.83593,0.01,0.468559
60,162,0.838555,0.01,0.468559
60,163,0.841138,0.01,0.468559
60,164,0.84368,0.01,0.468559
60,165,0.841492,0.01,0.468559
60,166,0.839788,0.01,0.468559
60,167,0.842352,0.01,0.468559
60,168,0.844874,0.01,0.468559
60,169,0.842838,0.01,0.468559
60,170,0.845352,0.01,0.468559
60,171,0.847827,0.01,0.468559
60,172,0.850262,0.01,0.468559
60,173,0.852657,0.01,0.468559
60,174,0.855015,0.01,0.468559
60,175,0.857335,0.01,0.468559
60,176,0.855187,0.01,0.468559
60,177,0.852837,0.01,0.468559
60,178,0.855191,0.01,0.468559
60,179,0.857508,0.01,0.468559
60,180,0.859788,0.01,0.468559
60,181,0.862032,0.01,0.468559
60,182,0.864239,0.01,0.468559
60,183,0.861844,0.01,0.468559
60,184,0.864055,0.01,0.468559
60,185,0.857102,0.01,0.468559
60,186,0.859389,0.01,0.468559
60,187,0.861638,0.01,0.468559
60,188,0.863852,0.01,0.468559
60,189,0.866031,0.01,0.468559
60,190,0.863342,0.01,0.468559
60,191,0.865529,0.01,0.468559
60,192,0.86768,0.01,0.468559
60,193,0.865384,0.01,0.468559
60,194,0.867538,0.01,0.468559
60,195,0.869657,0.01,0.468559
60,196,0.871743,0.01,0.468559
60,197,0.873795,0.01,0.468559
60,198,0.875814,0.01,0.468559
60,199,0.877801,0.01,0.468559
60,200,0.875247,0.01,0.468559
61,1,0.50254,0.5056,0.0
61,2,0.505596,0.48032,0.0
61,3,0.51223,0.486955,0.0
61,4,0.51586,0.493988,0.0
61,5,0.519627,0.501261,0.0
61,6,0.523471,0.25063,0.1
61,7,0.530753,0.253699,0.1
61,8,0.531256,0.256994,0.1
61,9,0.538573,0.260431,0.1
61,10,0.545828,0.263948,0.1
61,11,0.553006,0.267503,0.1
61,12,0.560095,0.133752,0.19
61,13,0.56709,0.135197,0.19
61,14,0.570492,0.136744,0.19
61,15,0.577341,0.138353,0.19
61,16,0.580446,0.139998,0.19
61,17,0.587148,0.132998,0.19
61,18,0.593746,0.066499,0.271
61,19,0.60024,0.06722,0.271
61,20,0.603023,0.067994,0.271
61,21,0.609372,0.068801,0.271
61,22,0.612047,0.069627,0.271
61,23,0.618253,0.070461,0.271
61,24,0.62436,0.03523,0.3439
61,25,0.63037,0.035564,0.3439
61,26,0.632603,0.035923,0.3439
61,27,0.634835,0.036298,0.3439
61,28,0.633251,0.036682,0.3439
61,29,0.639119,0.037071,0.3439
61,30,0.644893,0.018535,0.40951
61,31,0.650575,0.018688,0.40951
61,32,0.656165,0.018853,0.40951
61,33,0.661667,0.019026,0.40951
61,34,0.66708,0.019204,0.40951
61,35,0.668483,0.019385,0.40951
61,36,0.673787,0.01,0.468559
61,37,0.679007,0.01,0.468559
61,38,0.684142,0.01,0.468559
61,39,0.685199,0.01,0.468559
61,40,0.68639,0.01,0.468559
61,41,0.691408,0.01,0.468559
61,42,0.688325,0.01,0.468559
61,43,0.689248,0.01,0.468559
61,44,0.690427,0.01,0.468559
61,45,0.691544,0.01,0.468559
61,46,0.692505,0.01,0.468559
61,47,0.697425,0.01,0.468559
61,48,0.702267,0.01,0.468559
61,49,0.703246,0.01,0.468559
61,50,0.707994,0.01,0.468559
61,51,0.708438,0.01,0.468559
61,52,0.708954,0.01,0.468559
61,53,0.70559,0.01,0.468559
61,54,0.706263,0.01,0.468559
61,55,0.707101,0.01,0.468559
61,56,0.699987,0.01,0.468559
61,57,0.704787,0.01,0.468559
61,58,0.70951,0.01,0.468559
61,59,0.710337,0.01,0.468559
61,60,0.714971,0.01,0.468559
61,61,0.719532,0.01,0.468559
61,62,0.724019,0.01,0.468559
61,63,0.728435,0.01,0.468559
61,64,0.73278,0.01,0.468559
61,65,0.733096,0.01,0.468559
61,66,0.728924,0.01,0.468559
61,67,0.728984,0.01,0.468559
61,68,0.733321,0.01,0.468559
61,69,0.737587,0.01,0.468559
61,70,0.741786,0.01,0.468559
61,71,0.745917,0.01,0.468559
61,72,0.749983,0.01,0.468559
61,73,0.749774,0.01,0.468559
61,74,0.753777,0.01,0.468559
61,75,0.75328,0.01,0.468559
61,76,0.757227,0.01,0.468559
61,77,0.756824,0.01,0.468559
61,78,0.748199,0.01,0.468559
61,79,0.748061,0.01,0.468559
61,80,0.752092,0.01,0.468559
61,81,0.747816,0.01,0.468559
61,82,0.751851,0.01,0.468559
61,83,0.755822,0.01,0.468559
61,84,0.759729,0.01,0.468559
61,85,0.763573,0.01,0.468559
61,86,0.767356,0.01,0.468559
61,87,0.771078,0.01,0.468559
61,88,0.770562,0.01,0.468559
61,89,0.774233,0.01,0.468559
61,90,0.777845,0.01,0.468559
61,91,0.77732,0.01,0.468559
61,92,0.776427,0.01,0.468559
61,93,0.775753,0.01,0.468559
61,94,0.762273,0.01,0.468559
61,95,0.766076,0.01,0.468559
61,96,0.769819,0.01,0.468559
61,97,0.773502,0.01,0.468559
61,98,0.772703,0.01,0.468559
61,99,0.77634,0.01,0.468559
61,100,0.779919,0.01,0.468559
61,101,0.774957,0.01,0.468559
61,102,0.778558,0.01,0.468559
61,103,0.777765,0.01,0.468559
61,104,0.777156,0.01,0.468559
61,105,0.780722,0.01,0.468559
61,106,0.77994,0.01,0.468559
61,107,0.783461,0.01,0.468559
61,108,0.782676,0.01,0.468559
61,109,0.786153,0.01,0.468559
61,110,0.789575,0.01,0.468559
61,111,0.792941,0.01,0.468559
61,112,0.796254,0.01,0.468559
61,113,0.795012,0.01,0.468559
61,114,0.793856,0.01,0.468559
61,115,0.792684,0.01,0.468559
61,116,0.796001,0.01,0.468559
61,117,0.799265,0.01,0.468559
61,118,0.793836,0.01,0.468559
61,119,0.792904,0.01,0.468559
61,120,0.796217,0.01,0.468559
61,121,0.799478,0.01,0.468559
61,122,0.798172,0.01,0.468559
61,123,0.801401,0.01,0.468559
61,124,0.804579,0.01,0.468559
61,125,0.803316,0.01,0.468559
61,126,0.806463,0.01,0.468559
61,127,0.8053,0.01,0.468559
61,128,0.808415,0.01,0.468559
61,129,0.81148,0.01,0.468559
61,130,0.805684,0.01,0.468559
61,131,0.808793,0.01,0.468559
61,132,0.811852,0.01,0.468559
61,133,0.81042,0.01,0.468559
61,134,0.813453,0.01,0.468559
61,135,0.81203,0.01,0.468559
61,136,0.815038,0.01,0.468559
61,137,0.817997,0.01,0.468559
61,138,0.820909,0.01,0.468559
61,139,0.823775,0.01,0.468559
61,140,0.826594,0.01,0.468559
61,141,0.829369,0.01,0.468559
61,142,0.827795,0.01,0.468559
61,143,0.830551,0.01,0.468559
61,144,0.828704,0.01,0.468559
61,145,0.826939,0.01,0.468559
61,146,0.825251,0.01,0.468559
61,147,0.828047,0.01,0.468559
61,148,0.830799,0.01,0.468559
61,149,0.833506,0.01,0.468559
61,150,0.83617,0.01,0.468559
61,151,0.838791,0.01,0.468559
61,152,0.836893,0.01,0.468559
61,153,0.839503,0.01,0.468559
61,154,0.842071,0.01,0.468559
61,155,0.835384,0.01,0.468559
61,156,0.838018,0.01,0.468559
61,157,0.84061,0.01,0.468559
61,158,0.84316,0.01,0.468559
61,159,0.84567,0.01,0.468559
61,160,0.843594,0.01,0.468559
61,161,0.846096,0.01,0.468559
61,162,0.844053,0.01,0.468559
61,163,0.842187,0.01,0.468559
61,164,0.844712,0.01,0.468559
61,165,0.842717,0.01,0.468559
61,166,0.845234,0.01,0.468559
61,167,0.843124,0.01,0.468559
61,168,0.841073,0.01,0.468559
61,169,0.843616,0.01,0.468559
61,170,0.84152,0.01,0.468559
61,171,0.830438,0.01,0.468559
61,172,0.828764,0.01,0.468559
61,173,0.831503,0.01,0.468559
61,174,0.834199,0.01,0.468559
61,175,0.832503,0.01,0.468559
61,176,0.835183,0.01,0.468559
61,177,0.833307,0.01,0.468559
61,178,0.831522,0.01,0.468559
61,179,0.834217,0.01,0.468559
61,180,0.832542,0.01,0.468559
61,181,0.830824,0.01,0.468559
61,182,0.833531,0.01,0.468559
61,183,0.836194,0.01,0.468559
61,184,0.825462,0.01,0.468559
61,185,0.819838,0.01,0.468559
61,186,0.822721,0.01,0.468559
61,187,0.825557,0.01,0.468559
61,188,0.828348,0.01,0.468559
61,189,0.826682,0.01,0.468559
61,190,0.829455,0.01,0.468559
61,191,0.832184,0.01,0.468559
61,192,0.830574,0.01,0.468559
61,193,0.833285,0.01,0.468559
61,194,0.835952,0.01,0.468559
61,195,0.838577,0.01,0.468559
61,196,0.836544,0.01,0.468559
61,197,0.839159,0.01,0.468559
61,198,0.83709,0.01,0.468559
61,199,0.835529,0.01,0.468559
61,200,0.83816,0.01,0.468559
62,1,0.50254,0.5056,0.0
62,2,0.502621,0.51183,0.0
62,3,0.506165,0.518465,0.0
62,4,0.513072,0.525346,0.0
62,5,0.520167,0.532365,0.0
62,6,0.523987,0.266182,0.1
62,7,0.527844,0.269062,0.1
62,8,0.535143,0.272154,0.1
62,9,0.539054,0.275378,0.1
62,10,0.546297,0.278677,0.1
62,11,0.553465,0.282011,0.1
62,12,0.560545,0.141005,0.19
62,13,0.563959,0.142339,0.19
62,14,0.570903,0.143774,0.19
62,15,0.577746,0.145272,0.19
62,16,0.580962,0.146807,0.19
62,17,0.584172,0.14836,0.19
62,18,0.590817,0.07418,0.271
62,19,0.597357,0.074789,0.271
62,20,0.603795,0.075449,0.271
62,21,0.610132,0.076142,0.271
62,22,0.6126,0.076854,0.271
62,23,0.615223,0.077575,0.271
62,24,0.621378,0.038788,0.3439
62,25,0.627436,0.039065,0.3439
62,26,0.633396,0.039368,0.3439
62,27,0.639261,0.039689,0.3439
62,28,0.645033,0.040019,0.3439
62,29,0.646894,0.040354,0.3439
62,30,0.648836,0.020177,0.40951
62,31,0.654455,0.020303,0.40951
62,32,0.656032,0.020443,0.40951
62,33,0.654118,0.02059,0.40951
62,34,0.655667,0.020743,0.40951
62,35,0.661177,0.020899,0.40951
62,36,0.666598,0.019854,0.40951
62,37,0.668002,0.020028,0.40951
62,38,0.673314,0.020202,0.40951
62,39,0.678541,0.020374,0.40951
62,40,0.683684,0.020545,0.40951
62,41,0.68477,0.020715,0.40951
62,42,0.689814,0.01,0.468559
62,43,0.694777,0.01,0.468559
62,44,0.69966,0.01,0.468559
62,45,0.700316,0.01,0.468559
62,46,0.705111,0.01,0.468559
62,47,0.705884,0.01,0.468559
62,48,0.71059,0.01,0.468559
62,49,0.715221,0.01,0.468559
62,50,0.719777,0.01,0.468559
62,51,0.724261,0.01,0.468559
62,52,0.728672,0.01,0.468559
62,53,0.724968,0.01,0.468559
62,54,0.729369,0.01,0.468559
62,55,0.729648,0.01,0.468559
62,56,0.733974,0.01,0.468559
62,57,0.734023,0.01,0.468559
62,58,0.734317,0.01,0.468559
62,59,0.738568,0.01,0.468559
62,60,0.734732,0.01,0.468559
62,61,0.734794,0.01,0.468559
62,62,0.735221,0.01,0.468559
62,63,0.7314,0.01,0.468559
62,64,0.735697,0.01,0.468559
62,65,0.739926,0.01,0.468559
62,66,0.744087,0.01,0.468559
62,67,0.748182,0.01,0.468559
62,68,0.748009,0.01,0.468559
62,69,0.747696,0.01,0.468559
62,70,0.751733,0.01,0.468559
62,71,0.751525,0.01,0.468559
62,72,0.7555,0.01,0.468559
62,73,0.759412,0.01,0.468559
62,74,0.759088,0.01,0.468559
62,75,0.754551,0.01,0.468559
62,76,0.754367,0.01,0.468559
62,77,0.758298,0.01,0.468559
62,78,0.762165,0.01,0.468559
62,79,0.761679,0.01,0.468559
62,80,0.765492,0.01,0.468559
62,81,0.769244,0.01,0.468559
62,82,0.772936,0.01,0.468559
62,83,0.772212,0.01,0.468559
62,84,0.767361,0.01,0.468559
62,85,0.771083,0.01,0.468559
62,86,0.774746,0.01,0.468559
62,87,0.77835,0.01,0.468559
62,88,0.781896,0.01,0.468559
62,89,0.781106,0.01,0.468559
62,90,0.784608,0.01,0.468559
62,91,0.783937,0.01,0.468559
62,92,0.783217,0.01,0.468559
62,93,0.777891,0.01,0.468559
62,94,0.781445,0.01,0.468559
62,95,0.780714,0.01,0.468559
62,96,0.776042,0.01,0.468559
62,97,0.779626,0.01,0.468559
62,98,0.783152,0.01,0.468559
62,99,0.786621,0.01,0.468559
62,100,0.790035,0.01,0.468559
62,101,0.788949,0.01,0.468559
62,102,0.783588,0.01,0.468559
62,103,0.787051,0.01,0.468559
62,104,0.790458,0.01,0.468559
62,105,0.789628,0.01,0.468559
62,106,0.792994,0.01,0.468559
62,107,0.796306,0.01,0.468559
62,108,0.799565,0.01,0.468559
62,109,0.798378,0.01,0.468559
62,110,0.797349,0.01,0.468559
62,111,0.800592,0.01,0.468559
62,112,0.799437,0.01,0.468559
62,113,0.802646,0.01,0.468559
62,114,0.797027,0.01,0.468559
62,115,0.800275,0.01,0.468559
62,116,0.794864,0.01,0.468559
62,117,0.798146,0.01,0.468559
62,118,0.801376,0.01,0.468559
62,119,0.804554,0.01,0.468559
62,120,0.807681,0.01,0.468559
62,121,0.810758,0.01,0.468559
62,122,0.804884,0.01,0.468559
62,123,0.808006,0.01,0.468559
62,124,0.806909,0.01,0.468559
62,125,0.80141,0.01,0.468559
62,126,0.804588,0.01,0.468559
62,127,0.807714,0.01,0.468559
62,128,0.806104,0.01,0.468559
62,129,0.809207,0.01,0.468559
62,130,0.812259,0.01,0.468559
62,131,0.815263,0.01,0.468559
62,132,0.813631,0.01,0.468559
62,133,0.812174,0.01,0.468559
62,134,0.815179,0.01,0.468559
62,135,0.813859,0.01,0.468559
62,136,0.816837,0.01,0.468559
62,137,0.819768,0.01,0.468559
62,138,0.822652,0.01,0.468559
62,139,0.821031,0.01,0.468559
62,140,0.815141,0.01,0.468559
62,141,0.813984,0.01,0.468559
62,142,0.816961,0.01,0.468559
62,143,0.811116,0.01,0.468559
62,144,0.814138,0.01,0.468559
62,145,0.808598,0.01,0.468559
62,146,0.81166,0.01,0.468559
62,147,0.814674,0.01,0.468559
62,148,0.808545,0.01,0.468559
62,149,0.811608,0.01,0.468559
62,150,0.814623,0.01,0.468559
62,151,0.813399,0.01,0.468559
62,152,0.816384,0.01,0.468559
62,153,0.819322,0.01,0.468559
62,154,0.822213,0.01,0.468559
62,155,0.820953,0.01,0.468559
62,156,0.819561,0.01,0.468559
62,157,0.822448,0.01,0.468559
62,158,0.820886,0.01,0.468559
62,159,0.819256,0.01,0.468559
62,160,0.822147,0.01,0.468559
62,161,0.820815,0.01,0.468559
62,162,0.823682,0.01,0.468559
62,163,0.826503,0.01,0.468559
62,164,0.829279,0.01,0.468559
62,165,0.83201,0.01,0.468559
62,166,0.830589,0.01,0.468559
62,167,0.8333,0.01,0.468559
62,168,0.831217,0.01,0.468559
62,169,0.829478,0.01,0.468559
62,170,0.832207,0.01,0.468559
62,171,0.834891,0.01,0.468559
62,172,0.837533,0.01,0.468559
62,173,0.840132,0.01,0.468559
62,174,0.833644,0.01,0.468559
62,175,0.836306,0.01,0.468559
62,176,0.838925,0.01,0.468559
62,177,0.832511,0.01,0.468559
62,178,0.835191,0.01,0.468559
62,179,0.837828,0.01,0.468559
62,180,0.840422,0.01,0.468559
62,181,0.838706,0.01,0.468559
62,182,0.827964,0.01,0.468559
62,183,0.830716,0.01,0.468559
62,184,0.833425,0.01,0.468559
62,185,0.831702,0.01,0.468559
62,186,0.830144,0.01,0.468559
62,187,0.828742,0.01,0.468559
62,188,0.831482,0.01,0.468559
62,189,0.834179,0.01,0.468559
62,190,0.83227,0.01,0.468559
62,191,0.834953,0.01,0.468559
62,192,0.837594,0.01,0.468559
62,193,0.835637,0.01,0.468559
62,194,0.838267,0.01,0.468559
62,195,0.836142,0.01,0.468559
62,196,0.829877,0.01,0.468559
62,197,0.828229,0.01,0.468559
62,198,0.830977,0.01,0.468559
62,199,0.833681,0.01,0.468559
62,200,0.836343,0.01,0.468559
63,1,0.50254,0.5056,0.0
63,2,0.505596,0.51183,0.0
63,3,0.509007,0.518465,0.0
63,4,0.515934,0.525346,0.0
63,5,0.523029,0.532365,0.0
63,6,0.526959,0.266182,0.1
63,7,0.534191,0.269062,0.1
63,8,0.537971,0.272154,0.1
63,9,0.541724,0.275378,0.1
63,10,0.548933,0.278677,0.1
63,11,0.556064,0.282011,0.1
63,12,0.563106,0.141005,0.19
63,13,0.570054,0.142339,0.19
63,14,0.576904,0.143774,0.19
63,15,0.58014,0.145272,0.19
63,16,0.579844,0.146807,0.19
63,17,0.586554,0.14836,0.19
63,18,0.58958,0.07418,0.271
63,19,0.596141,0.074789,0.271
63,20,0.602598,0.075449,0.271
63,21,0.608954,0.076142,0.271
63,22,0.615208,0.076854,0.271
63,23,0.613982,0.077575,0.271
63,24,0.616479,0.038788,0.3439
63,25,0.622614,0.039065,0.3439
63,26,0.628652,0.039368,0.3439
63,27,0.634593,0.039689,0.3439
63,28,0.640439,0.040019,0.3439
63,29,0.646192,0.040354,0.3439
63,30,0.651853,0.020177,0.40951
63,31,0.657423,0.020303,0.40951
63,32,0.662904,0.020443,0.40951
63,33,0.668298,0.02059,0.40951
63,34,0.669688,0.020743,0.40951
63,35,0.674973,0.020899,0.40951
63,36,0.676367,0.01,0.468559
63,37,0.677512,0.01,0.468559
63,38,0.682672,0.01,0.468559
63,39,0.687749,0.01,0.468559
63,40,0.692745,0.01,0.468559
63,41,0.697661,0.01,0.468559
63,42,0.702499,0.01,0.468559
63,43,0.707259,0.01,0.468559
63,44,0.707807,0.01,0.468559
63,45,0.708628,0.01,0.468559
63,46,0.709549,0.01,0.468559
63,47,0.710184,0.01,0.468559
63,48,0.710929,0.01,0.468559
63,49,0.707712,0.01,0.468559
63,50,0.712388,0.01,0.468559
63,51,0.71699,0.01,0.468559
63,52,0.713362,0.01,0.468559
63,53,0.709776,0.01,0.468559
63,54,0.70657,0.01,0.468559
63,55,0.711265,0.01,0.468559
63,56,0.707411,0.01,0.468559
63,57,0.712092,0.01,0.468559
63,58,0.716699,0.01,0.468559
63,59,0.721232,0.01,0.468559
63,60,0.725692,0.01,0.468559
63,61,0.730081,0.01,0.468559
63,62,0.7344,0.01,0.468559
63,63,0.734508,0.01,0.468559
63,64,0.734774,0.01,0.468559
63,65,0.739017,0.01,0.468559
63,66,0.739312,0.01,0.468559
63,67,0.743483,0.01,0.468559
63,68,0.743381,0.01,0.468559
63,69,0.747487,0.01,0.468559
63,70,0.751527,0.01,0.468559
63,71,0.755503,0.01,0.468559
63,72,0.759415,0.01,0.468559
63,73,0.75913,0.01,0.468559
63,74,0.758977,0.01,0.468559
63,75,0.762833,0.01,0.468559
63,76,0.766628,0.01,0.468559
63,77,0.770362,0.01,0.468559
63,78,0.769745,0.01,0.468559
63,79,0.773429,0.01,0.468559
63,80,0.772633,0.01,0.468559
63,81,0.77627,0.01,0.468559
63,82,0.77985,0.01,0.468559
63,83,0.783373,0.01,0.468559
63,84,0.782367,0.01,0.468559
63,85,0.785849,0.01,0.468559
63,86,0.784867,0.01,0.468559
63,87,0.784118,0.01,0.468559
63,88,0.787572,0.01,0.468559
63,89,0.790971,0.01,0.468559
63,90,0.789812,0.01,0.468559
63,91,0.784673,0.01,0.468559
63,92,0.788118,0.01,0.468559
63,93,0.791508,0.01,0.468559
63,94,0.794844,0.01,0.468559
63,95,0.798127,0.01,0.468559
63,96,0.801357,0.01,0.468559
63,97,0.804535,0.01,0.468559
63,98,0.807662,0.01,0.468559
63,99,0.81074,0.01,0.468559
63,100,0.813768,0.01,0.468559
63,101,0.808032,0.01,0.468559
63,102,0.811103,0.01,0.468559
63,103,0.800933,0.01,0.468559
63,104,0.804118,0.01,0.468559
63,105,0.798688,0.01,0.468559
63,106,0.801909,0.01,0.468559
63,107,0.805078,0.01,0.468559
63,108,0.808197,0.01,0.468559
63,109,0.811266,0.01,0.468559
63,110,0.810024,0.01,0.468559
63,111,0.813063,0.01,0.468559
63,112,0.816054,0.01,0.468559
63,113,0.814683,0.01,0.468559
63,114,0.817648,0.01,0.468559
63,115,0.820566,0.01,0.468559
63,116,0.823437,0.01,0.468559
63,117,0.821719,0.01,0.468559
63,118,0.819966,0.01,0.468559
63,119,0.822846,0.01,0.468559
63,120,0.825681,0.01,0.468559
63,121,0.82847,0.01,0.468559
63,122,0.826781,0.01,0.468559
63,123,0.82506,0.01,0.468559
63,124,0.823558,0.01,0.468559
63,125,0.821885,0.01,0.468559
63,126,0.824735,0.01,0.468559
63,127,0.823018,0.01,0.468559
63,128,0.821478,0.01,0.468559
63,129,0.824334,0.01,0.468559
63,130,0.827145,0.01,0.468559
63,131,0.825331,0.01,0.468559
63,132,0.823711,0.01,0.468559
63,133,0.821858,0.01,0.468559
63,134,0.824708,0.01,0.468559
63,135,0.827513,0.01,0.468559
63,136,0.825806,0.01,0.468559
63,137,0.828593,0.01,0.468559
63,138,0.831336,0.01,0.468559
63,139,0.834035,0.01,0.468559
63,140,0.83669,0.01,0.468559
63,141,0.839303,0.01,0.468559
63,142,0.841874,0.01,0.468559
63,143,0.844404,0.01,0.468559
63,144,0.842398,0.01,0.468559
63,145,0.84492,0.01,0.468559
63,146,0.847401,0.01,0.468559
63,147,0.849843,0.01,0.468559
63,148,0.852245,0.01,0.468559
63,149,0.854609,0.01,0.468559
63,150,0.852365,0.01,0.468559
63,151,0.850271,0.01,0.468559
63,152,0.852666,0.01,0.468559
63,153,0.855024,0.01,0.468559
63,154,0.843677,0.01,0.468559
63,155,0.837455,0.01,0.468559
63,156,0.835547,0.01,0.468559
63,157,0.838179,0.01,0.468559
63,158,0.836258,0.01,0.468559
63,159,0.838877,0.01,0.468559
63,160,0.836922,0.01,0.468559
63,161,0.839532,0.01,0.468559
63,162,0.837757,0.01,0.468559
63,163,0.840353,0.01,0.468559
63,164,0.842907,0.01,0.468559
63,165,0.840997,0.01,0.468559
63,166,0.838897,0.01,0.468559
63,167,0.841475,0.01,0.468559
63,168,0.83942,0.01,0.468559
63,169,0.841989,0.01,0.468559
63,170,0.844517,0.01,0.468559
63,171,0.847005,0.01,0.468559
63,172,0.849453,0.01,0.468559
63,173,0.851862,0.01,0.468559
63,174,0.854232,0.01,0.468559
63,175,0.856564,0.01,0.468559
63,176,0.854299,0.01,0.468559
63,177,0.85663,0.01,0.468559
63,178,0.858924,0.01,0.468559
63,179,0.856441,0.01,0.468559
63,180,0.858738,0.01,0.468559
63,181,0.856408,0.01,0.468559
63,182,0.85425,0.01,0.468559
63,183,0.852132,0.01,0.468559
63,184,0.841434,0.01,0.468559
63,185,0.843971,0.01,0.468559
63,186,0.846467,0.01,0.468559
63,187,0.848924,0.01,0.468559
63,188,0.846833,0.01,0.468559
63,189,0.840724,0.01,0.468559
63,190,0.83867,0.01,0.468559
63,191,0.841252,0.01,0.468559
63,192,0.843792,0.01,0.468559
63,193,0.846291,0.01,0.468559
63,194,0.84875,0.01,0.468559
63,195,0.85117,0.01,0.468559
63,196,0.853552,0.01,0.468559
63,197,0.851227,0.01,0.468559
63,198,0.844649,0.01,0.468559
63,199,0.84292,0.01,0.468559
63,200,0.845433,0.01,0.468559
64,1,0.5056,0.5056,0.0
64,2,0.505528,0.48032,0.0
64,3,0.50894,0.486955,0.0
64,4,0.512588,0.493988,0.0
64,5,0.519711,0.501261,0.0
64,6,0.526924,0.25063,0.1
64,7,0.534162,0.253699,0.1
64,8,0.534738,0.256994,0.1
64,9,0.542003,0.260431,0.1
64,10,0.535445,0.263948,0.1
64,11,0.539588,0.267503,0.1
64,12,0.543329,0.133752,0.19
64,13,0.55058,0.135197,0.19
64,14,0.557731,0.136744,0.19
64,15,0.561573,0.138353,0.19
64,16,0.568567,0.139998,0.19
64,17,0.571791,0.141658,0.19
64,18,0.574947,0.070829,0.271
64,19,0.58174,0.071491,0.271
64,20,0.581179,0.067917,0.271
64,21,0.587876,0.068687,0.271
64,22,0.594467,0.069488,0.271
64,23,0.600954,0.070306,0.271
64,24,0.607337,0.035153,0.3439
64,25,0.609964,0.035483,0.3439
64,26,0.609042,0.035841,0.3439
64,27,0.615297,0.036215,0.3439
64,28,0.617661,0.036599,0.3439
64,29,0.619968,0.036987,0.3439
64,30,0.626048,0.018494,0.40951
64,31,0.632031,0.018646,0.40951
64,32,0.630782,0.018812,0.40951
64,33,0.632929,0.018986,0.40951
64,34,0.634903,0.019165,0.40951
64,35,0.640745,0.019346,0.40951
64,36,0.646493,0.01,0.468559
64,37,0.652149,0.01,0.468559
64,38,0.657714,0.01,0.468559
64,39,0.663191,0.01,0.468559
64,40,0.664684,0.01,0.468559
64,41,0.670049,0.01,0.468559
64,42,0.671281,0.01,0.468559
64,43,0.672609,0.01,0.468559
64,44,0.677848,0.01,0.468559
64,45,0.678935,0.01,0.468559
64,46,0.676218,0.01,0.468559
64,47,0.673777,0.01,0.468559
64,48,0.678997,0.01,0.468559
64,49,0.684133,0.01,0.468559
64,50,0.685435,0.01,0.468559
64,51,0.690468,0.01,0.468559
64,52,0.695421,0.01,0.468559
64,53,0.700294,0.01,0.468559
64,54,0.705089,0.01,0.468559
64,55,0.697725,0.01,0.468559
64,56,0.702562,0.01,0.468559
64,57,0.703284,0.01,0.468559
64,58,0.708031,0.01,0.468559
64,59,0.708603,0.01,0.468559
64,60,0.709061,0.01,0.468559
64,61,0.713716,0.01,0.468559
64,62,0.706135,0.01,0.468559
64,63,0.710837,0.01,0.468559
64,64,0.715464,0.01,0.468559
64,65,0.720016,0.01,0.468559
64,66,0.724496,0.01,0.468559
64,67,0.725075,0.01,0.468559
64,68,0.725756,0.01,0.468559
64,69,0.730144,0.01,0.468559
64,70,0.734462,0.01,0.468559
64,71,0.73871,0.01,0.468559
64,72,0.730462,0.01,0.468559
64,73,0.734774,0.01,0.468559
64,74,0.739018,0.01,0.468559
64,75,0.739018,0.01,0.468559
64,76,0.743194,0.01,0.468559
64,77,0.743241,0.01,0.468559
64,78,0.739447,0.01,0.468559
64,79,0.743616,0.01,0.468559
64,80,0.747718,0.01,0.468559
64,81,0.751755,0.01,0.468559
64,82,0.747399,0.01,0.468559
64,83,0.751441,0.01,0.468559
64,84,0.755418,0.01,0.468559
64,85,0.759331,0.01,0.468559
64,86,0.763182,0.01,0.468559
64,87,0.766971,0.01,0.468559
64,88,0.770699,0.01,0.468559
64,89,0.774368,0.01,0.468559
64,90,0.777978,0.01,0.468559
64,91,0.781531,0.01,0.468559
64,92,0.785026,0.01,0.468559
64,93,0.788466,0.01,0.468559
64,94,0.787443,0.01,0.468559
64,95,0.790844,0.01,0.468559
64,96,0.79419,0.01,0.468559
64,97,0.797483,0.01,0.468559
64,98,0.796476,0.01,0.468559
64,99,0.799732,0.01,0.468559
64,100,0.802937,0.01,0.468559
64,101,0.80609,0.01,0.468559
64,102,0.804847,0.01,0.468559
64,103,0.803678,0.01,0.468559
64,104,0.806819,0.01,0.468559
64,105,0.80991,0.01,0.468559
64,106,0.812952,0.01,0.468559
64,107,0.815944,0.01,0.468559
64,108,0.814417,0.01,0.468559
64,109,0.817386,0.01,0.468559
64,110,0.815886,0.01,0.468559
64,111,0.810281,0.01,0.468559
64,112,0.80917,0.01,0.468559
64,113,0.812224,0.01,0.468559
64,114,0.815228,0.01,0.468559
64,115,0.818184,0.01,0.468559
64,116,0.821094,0.01,0.468559
64,117,0.819554,0.01,0.468559
64,118,0.817798,0.01,0.468559
64,119,0.812127,0.01,0.468559
64,120,0.815133,0.01,0.468559
64,121,0.813585,0.01,0.468559
64,122,0.816567,0.01,0.468559
64,123,0.819502,0.01,0.468559
64,124,0.82239,0.01,0.468559
64,125,0.825232,0.01,0.468559
64,126,0.828028,0.01,0.468559
64,127,0.83078,0.01,0.468559
64,128,0.828769,0.01,0.468559
64,129,0.831508,0.01,0.468559
64,130,0.834204,0.01,0.468559
64,131,0.836857,0.01,0.468559
64,132,0.839467,0.01,0.468559
64,133,0.842036,0.01,0.468559
64,134,0.844563,0.01,0.468559
64,135,0.833598,0.01,0.468559
64,136,0.836261,0.01,0.468559
64,137,0.834506,0.01,0.468559
64,138,0.837154,0.01,0.468559
64,139,0.83976,0.01,0.468559
64,140,0.837759,0.01,0.468559
64,141,0.840355,0.01,0.468559
64,142,0.829164,0.01,0.468559
64,143,0.831897,0.01,0.468559
64,144,0.834587,0.01,0.468559
64,145,0.837233,0.01,0.468559
64,146,0.839837,0.01,0.468559
64,147,0.837827,0.01,0.468559
64,148,0.840422,0.01,0.468559
64,149,0.842975,0.01,0.468559
64,150,0.845487,0.01,0.468559
64,151,0.847959,0.01,0.468559
64,152,0.84583,0.01,0.468559
64,153,0.848297,0.01,0.468559
64,154,0.850724,0.01,0.468559
64,155,0.844077,0.01,0.468559
64,156,0.846572,0.01,0.468559
64,157,0.844447,0.01,0.468559
64,158,0.846935,0.01,0.468559
64,159,0.849384,0.01,0.468559
64,160,0.851794,0.01,0.468559
64,161,0.854166,0.01,0.468559
64,162,0.851936,0.01,0.468559
64,163,0.849637,0.01,0.468559
64,164,0.847567,0.01,0.468559
64,165,0.850006,0.01,0.468559
64,166,0.852406,0.01,0.468559
64,167,0.850259,0.01,0.468559
64,168,0.852655,0.01,0.468559
64,169,0.850445,0.01,0.468559
64,170,0.848418,0.01,0.468559
64,171,0.846292,0.01,0.468559
64,172,0.848752,0.01,0.468559
64,173,0.851172,0.01,0.468559
64,174,0.853553,0.01,0.468559
64,175,0.855896,0.01,0.468559
64,176,0.853761,0.01,0.468559
64,177,0.856101,0.01,0.468559
64,178,0.858403,0.01,0.468559
64,179,0.851399,0.01,0.468559
64,180,0.849278,0.01,0.468559
64,181,0.847099,0.01,0.468559
64,182,0.849546,0.01,0.468559
64,183,0.851953,0.01,0.468559
64,184,0.849907,0.01,0.468559
64,185,0.852308,0.01,0.468559
64,186,0.854671,0.01,0.468559
64,187,0.847855,0.01,0.468559
64,188,0.850289,0.01,0.468559
64,189,0.843752,0.01,0.468559
64,190,0.846252,0.01,0.468559
64,191,0.844158,0.01,0.468559
64,192,0.846651,0.01,0.468559
64,193,0.849105,0.01,0.468559
64,194,0.847147,0.01,0.468559
64,195,0.849592,0.01,0.468559
64,196,0.847555,0.01,0.468559
64,197,0.849994,0.01,0.468559
64,198,0.852394,0.01,0.468559
64,199,0.854756,0.01,0.468559
64,200,0.852564,0.01,0.468559
65,1,0.50254,0.5056,0.0
65,2,0.508747,0.51183,0.0
65,3,0.515381,0.518465,0.0
65,4,0.518996,0.525346,0.0
65,5,0.526066,0.499079,0.0
65,6,0.529842,0.24954,0.1
65,7,0.53364,0.252625,0.1
65,8,0.537556,0.255938,0.1
65,9,0.544784,0.259391,0.1
65,10,0.551948,0.262925,0.1
65,11,0.559034,0.266497,0.1
65,12,0.566031,0.133248,0.19
65,13,0.572933,0.134702,0.19
65,14,0.579738,0.127967,0.19
65,15,0.586442,0.12963,0.19
65,16,0.589403,0.131353,0.19
65,17,0.595962,0.133109,0.19
65,18,0.595234,0.066554,0.271
65,19,0.601704,0.067275,0.271
65,20,0.604464,0.068048,0.271
65,21,0.607253,0.068854,0.271
65,22,0.609854,0.069679,0.271
65,23,0.616095,0.070512,0.271
65,24,0.622236,0.035256,0.3439
65,25,0.62828,0.035589,0.3439
65,26,0.634227,0.035948,0.3439
65,27,0.636215,0.036323,0.3439
65,28,0.638154,0.036706,0.3439
65,29,0.636354,0.037094,0.3439
65,30,0.638256,0.018547,0.40951
65,31,0.63649,0.018699,0.40951
65,32,0.638613,0.018864,0.40951
65,33,0.640592,0.017921,0.40951
65,34,0.646343,0.018109,0.40951
65,35,0.652001,0.018302,0.40951
65,36,0.65367,0.01,0.468559
65,37,0.659212,0.01,0.468559
65,38,0.660897,0.01,0.468559
65,39,0.662369,0.01,0.468559
65,40,0.667771,0.01,0.468559
65,41,0.669327,0.01,0.468559
65,42,0.674618,0.01,0.468559
65,43,0.679824,0.01,0.468559
65,44,0.684947,0.01,0.468559
65,45,0.689988,0.01,0.468559
65,46,0.694948,0.01,0.468559
65,47,0.695755,0.01,0.468559
65,48,0.696433,0.01,0.468559
65,49,0.70129,0.01,0.468559
65,50,0.706069,0.01,0.468559
65,51,0.706742,0.01,0.468559
65,52,0.703566,0.01,0.468559
65,53,0.704414,0.01,0.468559
65,54,0.705072,0.01,0.468559
65,55,0.705827,0.01,0.468559
65,56,0.70657,0.01,0.468559
65,57,0.70718,0.01,0.468559
65,58,0.711865,0.01,0.468559
65,59,0.716475,0.01,0.468559
65,60,0.717094,0.01,0.468559
65,61,0.717611,0.01,0.468559
65,62,0.722129,0.01,0.468559
65,63,0.722489,0.01,0.468559
65,64,0.726929,0.01,0.468559
65,65,0.731298,0.01,0.468559
65,66,0.727009,0.01,0.468559
65,67,0.731377,0.01,0.468559
65,68,0.73143,0.01,0.468559
65,69,0.735728,0.01,0.468559
65,70,0.739956,0.01,0.468559
65,71,0.740078,0.01,0.468559
65,72,0.740149,0.01,0.468559
65,73,0.744307,0.01,0.468559
65,74,0.748398,0.01,0.468559
65,75,0.752423,0.01,0.468559
65,76,0.756385,0.01,0.468559
65,77,0.747757,0.01,0.468559
65,78,0.743463,0.01,0.468559
65,79,0.743538,0.01,0.468559
65,80,0.747641,0.01,0.468559
65,81,0.747547,0.01,0.468559
65,82,0.751586,0.01,0.468559
65,83,0.74306,0.01,0.468559
65,84,0.747171,0.01,0.468559
65,85,0.751216,0.01,0.468559
65,86,0.751051,0.01,0.468559
65,87,0.755034,0.01,0.468559
65,88,0.754857,0.01,0.468559
65,89,0.750494,0.01,0.468559
65,90,0.754486,0.01,0.468559
65,91,0.754471,0.01,0.468559
65,92,0.758399,0.01,0.468559
65,93,0.762265,0.01,0.468559
65,94,0.761704,0.01,0.468559
65,95,0.765517,0.01,0.468559
65,96,0.76479,0.01,0.468559
65,97,0.768553,0.01,0.468559
65,98,0.772256,0.01,0.468559
65,99,0.771709,0.01,0.468559
65,100,0.771394,0.01,0.468559
65,101,0.770801,0.01,0.468559
65,102,0.774468,0.01,0.468559
65,103,0.778076,0.01,0.468559
65,104,0.781627,0.01,0.468559
65,105,0.785121,0.01,0.468559
65,106,0.788559,0.01,0.468559
65,107,0.791942,0.01,0.468559
65,108,0.790828,0.01,0.468559
65,109,0.789919,0.01,0.468559
65,110,0.793281,0.01,0.468559
65,111,0.792452,0.01,0.468559
65,112,0.791439,0.01,0.468559
65,113,0.794776,0.01,0.468559
65,114,0.793849,0.01,0.468559
65,115,0.797148,0.01,0.468559
65,116,0.796067,0.01,0.468559
65,117,0.79933,0.01,0.468559
65,118,0.80254,0.01,0.468559
65,119,0.8057,0.01,0.468559
65,120,0.80458,0.01,0.468559
65,121,0.807707,0.01,0.468559
65,122,0.810784,0.01,0.468559
65,123,0.813811,0.01,0.468559
65,124,0.81679,0.01,0.468559
65,125,0.819721,0.01,0.468559
65,126,0.822606,0.01,0.468559
65,127,0.821051,0.01,0.468559
65,128,0.823915,0.01,0.468559
65,129,0.826732,0.01,0.468559
65,130,0.825227,0.01,0.468559
65,131,0.823881,0.01,0.468559
65,132,0.826699,0.01,0.468559
65,133,0.829472,0.01,0.468559
65,134,0.82287,0.01,0.468559
65,135,0.825704,0.01,0.468559
65,136,0.828493,0.01,0.468559
65,137,0.831237,0.01,0.468559
65,138,0.833937,0.01,0.468559
65,139,0.836594,0.01,0.468559
65,140,0.834623,0.01,0.468559
65,141,0.828684,0.01,0.468559
65,142,0.826852,0.01,0.468559
65,143,0.829622,0.01,0.468559
65,144,0.832348,0.01,0.468559
65,145,0.83503,0.01,0.468559
65,146,0.83767,0.01,0.468559
65,147,0.840267,0.01,0.468559
65,148,0.842823,0.01,0.468559
65,149,0.845338,0.01,0.468559
65,150,0.843326,0.01,0.468559
65,151,0.845833,0.01,0.468559
65,152,0.839326,0.01,0.468559
65,153,0.841896,0.01,0.468559
65,154,0.844426,0.01,0.468559
65,155,0.842277,0.01,0.468559
65,156,0.844801,0.01,0.468559
65,157,0.847284,0.01,0.468559
65,158,0.840683,0.01,0.468559
65,159,0.838874,0.01,0.468559
65,160,0.837233,0.01,0.468559
65,161,0.839837,0.01,0.468559
65,162,0.838108,0.01,0.468559
65,163,0.836581,0.01,0.468559
65,164,0.839196,0.01,0.468559
65,165,0.841768,0.01,0.468559
65,166,0.839737,0.01,0.468559
65,167,0.838262,0.01,0.468559
65,168,0.836361,0.01,0.468559
65,169,0.83898,0.01,0.468559
65,170,0.841556,0.01,0.468559
65,171,0.83959,0.01,0.468559
65,172,0.842157,0.01,0.468559
65,173,0.844682,0.01,0.468559
65,174,0.847167,0.01,0.468559
65,175,0.849613,0.01,0.468559
65,176,0.852019,0.01,0.468559
65,177,0.849788,0.01,0.468559
65,178,0.84745,0.01,0.468559
65,179,0.849891,0.01,0.468559
65,180,0.848184,0.01,0.468559
65,181,0.842262,0.01,0.468559
65,182,0.844786,0.01,0.468559
65,183,0.842456,0.01,0.468559
65,184,0.844977,0.01,0.468559
65,185,0.847457,0.01,0.468559
65,186,0.845235,0.01,0.468559
65,187,0.843201,0.01,0.468559
65,188,0.841409,0.01,0.468559
65,189,0.843946,0.01,0.468559
65,190,0.846443,0.01,0.468559
65,191,0.8489,0.01,0.468559
65,192,0.846655,0.01,0.468559
65,193,0.849108,0.01,0.468559
65,194,0.851522,0.01,0.468559
65,195,0.853898,0.01,0.468559
65,196,0.856236,0.01,0.468559
65,197,0.858536,0.01,0.468559
65,198,0.860799,0.01,0.468559
65,199,0.858443,0.01,0.468559
65,200,0.860708,0.01,0.468559
66,1,0.5056,0.5056,0.0
66,2,0.508679,0.48032,0.0
66,3,0.512091,0.456304,0.0
66,4,0.515724,0.433489,0.0
66,5,0.522822,0.440873,0.0
66,6,0.526632,0.220436,0.1
66,7,0.533875,0.223778,0.1
66,8,0.541101,0.227405,0.1
66,9,0.548282,0.231212,0.1
66,10,0.551899,0.219652,0.1
66,11,0.558987,0.223749,0.1
66,12,0.565985,0.111875,0.19
66,13,0.569317,0.11363,0.19
66,14,0.572697,0.115493,0.19
66,15,0.579512,0.117422,0.19
66,16,0.582677,0.111551,0.19
66,17,0.585893,0.11361,0.19
66,18,0.592511,0.056805,0.271
66,19,0.599025,0.057678,0.271
66,20,0.605436,0.058602,0.271
66,21,0.611747,0.059558,0.271
66,22,0.617957,0.06053,0.271
66,23,0.624068,0.061509,0.271
66,24,0.630082,0.030755,0.3439
66,25,0.636,0.03116,0.3439
66,26,0.641824,0.031589,0.3439
66,27,0.647554,0.032033,0.3439
66,28,0.649408,0.032485,0.3439
66,29,0.6512,0.032941,0.3439
66,30,0.65678,0.01647,0.40951
66,31,0.658515,0.016656,0.40951
66,32,0.663979,0.016854,0.40951
66,33,0.669355,0.017059,0.40951
66,34,0.670661,0.017269,0.40951
66,35,0.668352,0.01748,0.40951
66,36,0.669711,0.01,0.468559
66,37,0.674995,0.01,0.468559
66,38,0.680195,0.01,0.468559
66,39,0.685312,0.01,0.468559
66,40,0.690347,0.01,0.468559
66,41,0.695302,0.01,0.468559
66,42,0.700177,0.01,0.468559
66,43,0.704974,0.01,0.468559
66,44,0.709695,0.01,0.468559
66,45,0.714339,0.01,0.468559
66,46,0.71891,0.01,0.468559
66,47,0.719231,0.01,0.468559
66,48,0.719698,0.01,0.468559
66,49,0.720134,0.01,0.468559
66,50,0.720691,0.01,0.468559
66,51,0.72516,0.01,0.468559
66,52,0.725597,0.01,0.468559
66,53,0.726047,0.01,0.468559
66,54,0.73043,0.01,0.468559
66,55,0.730618,0.01,0.468559
66,56,0.734928,0.01,0.468559
66,57,0.730933,0.01,0.468559
66,58,0.735238,0.01,0.468559
66,59,0.739475,0.01,0.468559
66,60,0.739711,0.01,0.468559
66,61,0.739892,0.01,0.468559
66,62,0.74019,0.01,0.468559
66,63,0.74027,0.01,0.468559
66,64,0.740161,0.01,0.468559
66,65,0.744319,0.01,0.468559
66,66,0.744262,0.01,0.468559
66,67,0.739929,0.01,0.468559
66,68,0.744091,0.01,0.468559
66,69,0.744151,0.01,0.468559
66,70,0.744125,0.01,0.468559
66,71,0.744227,0.01,0.468559
66,72,0.748319,0.01,0.468559
66,73,0.74018,0.01,0.468559
66,74,0.744337,0.01,0.468559
66,75,0.748428,0.01,0.468559
66,76,0.752453,0.01,0.468559
66,77,0.752297,0.01,0.468559
66,78,0.751887,0.01,0.468559
66,79,0.755857,0.01,0.468559
66,80,0.755445,0.01,0.468559
66,81,0.755099,0.01,0.468559
66,82,0.754485,0.01,0.468559
66,83,0.754344,0.01,0.468559
66,84,0.753759,0.01,0.468559
66,85,0.753616,0.01,0.468559
66,86,0.757558,0.01,0.468559
66,87,0.757462,0.01,0.468559
66,88,0.761343,0.01,0.468559
66,89,0.765161,0.01,0.468559
66,90,0.768919,0.01,0.468559
66,91,0.768558,0.01,0.468559
66,92,0.772261,0.01,0.468559
66,93,0.771773,0.01,0.468559
66,94,0.775425,0.01,0.468559
66,95,0.779018,0.01,0.468559
66,96,0.782554,0.01,0.468559
66,97,0.777426,0.01,0.468559
66,98,0.776954,0.01,0.468559
66,99,0.776334,0.01,0.468559
66,100,0.779913,0.01,0.468559
66,101,0.783434,0.01,0.468559
66,102,0.782482,0.01,0.468559
66,103,0.785962,0.01,0.468559
66,104,0.785099,0.01,0.468559
66,105,0.788538,0.01,0.468559
66,106,0.791921,0.01,0.468559
66,107,0.791092,0.01,0.468559
66,108,0.794435,0.01,0.468559
66,109,0.797724,0.01,0.468559
66,110,0.792372,0.01,0.468559
66,111,0.79159,0.01,0.468559
66,112,0.794925,0.01,0.468559
66,113,0.79395,0.01,0.468559
66,114,0.793134,0.01,0.468559
66,115,0.796444,0.01,0.468559
66,116,0.78644,0.01,0.468559
66,117,0.789857,0.01,0.468559
66,118,0.793219,0.01,0.468559
66,119,0.796528,0.01,0.468559
66,120,0.799783,0.01,0.468559
66,121,0.802987,0.01,0.468559
66,122,0.806139,0.01,0.468559
66,123,0.809241,0.01,0.468559
66,124,0.808135,0.01,0.468559
66,125,0.811205,0.01,0.468559
66,126,0.814225,0.01,0.468559
66,127,0.817198,0.01,0.468559
66,128,0.820123,0.01,0.468559
66,129,0.823001,0.01,0.468559
66,130,0.825833,0.01,0.468559
66,131,0.828619,0.01,0.468559
66,132,0.826752,0.01,0.468559
66,133,0.829524,0.01,0.468559
66,134,0.832251,0.01,0.468559
66,135,0.830563,0.01,0.468559
66,136,0.833274,0.01,0.468559
66,137,0.831439,0.01,0.468559
66,138,0.834136,0.01,0.468559
66,139,0.836789,0.01,0.468559
66,140,0.839401,0.01,0.468559
66,141,0.837433,0.01,0.468559
66,142,0.835501,0.01,0.468559
66,143,0.838133,0.01,0.468559
66,144,0.836446,0.01,0.468559
66,145,0.839063,0.01,0.468559
66,146,0.836971,0.01,0.468559
66,147,0.83496,0.01,0.468559
66,148,0.837601,0.01,0.468559
66,149,0.835698,0.01,0.468559
66,150,0.833856,0.01,0.468559
66,151,0.836514,0.01,0.468559
66,152,0.83913,0.01,0.468559
66,153,0.841704,0.01,0.468559
66,154,0.844237,0.01,0.468559
66,155,0.846729,0.01,0.468559
66,156,0.844603,0.01,0.468559
66,157,0.842579,0.01,0.468559
66,158,0.840667,0.01,0.468559
66,159,0.838745,0.01,0.468559
66,160,0.841325,0.01,0.468559
66,161,0.839437,0.01,0.468559
66,162,0.837536,0.01,0.468559
66,163,0.840136,0.01,0.468559
66,164,0.842694,0.01,0.468559
66,165,0.84521,0.01,0.468559
66,166,0.847687,0.01,0.468559
66,167,0.845515,0.01,0.468559
66,168,0.847987,0.01,0.468559
66,169,0.845641,0.01,0.468559
66,170,0.848111,0.01,0.468559
66,171,0.850541,0.01,0.468559
66,172,0.852932,0.01,0.468559
66,173,0.846324,0.01,0.468559
66,174,0.848783,0.01,0.468559
66,175,0.851202,0.01,0.468559
66,176,0.844404,0.01,0.468559
66,177,0.846894,0.01,0.468559
66,178,0.840559,0.01,0.468559
66,179,0.84311,0.01,0.468559
66,180,0.84095,0.01,0.468559
66,181,0.839296,0.01,0.468559
66,182,0.837503,0.01,0.468559
66,183,0.835668,0.01,0.468559
66,184,0.838297,0.01,0.468559
66,185,0.836634,0.01,0.468559
66,186,0.834713,0.01,0.468559
66,187,0.828231,0.01,0.468559
66,188,0.826642,0.01,0.468559
66,189,0.829416,0.01,0.468559
66,190,0.832145,0.01,0.468559
66,191,0.834831,0.01,0.468559
66,192,0.837474,0.01,0.468559
66,193,0.835612,0.01,0.468559
66,194,0.838242,0.01,0.468559
66,195,0.836355,0.01,0.468559
66,196,0.834687,0.01,0.468559
66,197,0.832702,0.01,0.468559
66,198,0.835379,0.01,0.468559
66,199,0.838013,0.01,0.468559
66,200,0.840605,0.01,0.468559
67,1,0.50254,0.5056,0.0
67,2,0.502621,0.51183,0.0
67,3,0.509231,0.518465,0.0
67,4,0.513001,0.525346,0.0
67,5,0.516768,0.532365,0.0
67,6,0.523995,0.266182,0.1
67,7,0.524446,0.269062,0.1
67,8,0.531791,0.272154,0.1
67,9,0.532281,0.275378,0.1
67,10,0.539625,0.278677,0.1
67,11,0.54337,0.282011,0.1
67,12,0.547169,0.26791,0.1
67,13,0.554363,0.271479,0.1
67,14,0.561457,0.275034,0.1
67,15,0.565019,0.278563,0.1
67,16,0.568533,0.282056,0.1
67,17,0.571936,0.267953,0.1
67,18,0.571404,0.254556,0.1
67,19,0.57465,0.258448,0.1
67,20,0.581451,0.262288,0.1
67,21,0.588144,0.266075,0.1
67,22,0.587417,0.269806,0.1
67,23,0.586784,0.27348,0.1
67,24,0.593394,0.13674,0.19
67,25,0.599898,0.13819,0.19
67,26,0.606299,0.139726,0.19
67,27,0.612598,0.141313,0.19
67,28,0.615137,0.142928,0.19
67,29,0.621295,0.144554,0.19
67,30,0.623655,0.072277,0.271
67,31,0.629676,0.072919,0.271
67,32,0.631834,0.073612,0.271
67,33,0.637725,0.074335,0.271
67,34,0.643521,0.075077,0.271
67,35,0.649225,0.075827,0.271
67,36,0.654837,0.037914,0.3439
67,37,0.656542,0.038205,0.3439
67,38,0.662037,0.038523,0.3439
67,39,0.66365,0.038856,0.3439
67,40,0.661167,0.0392,0.3439
67,41,0.659115,0.03724,0.3439
67,42,0.660969,0.01862,0.40951
67,43,0.662545,0.018768,0.40951
67,44,0.664085,0.018931,0.40951
67,45,0.665911,0.019101,0.40951
67,46,0.671257,0.019277,0.40951
67,47,0.676517,0.019456,0.40951
67,48,0.681692,0.01,0.468559
67,49,0.686785,0.01,0.468559
67,50,0.683539,0.01,0.468559
67,51,0.688603,0.01,0.468559
67,52,0.693585,0.01,0.468559
67,53,0.690373,0.01,0.468559
67,54,0.695327,0.01,0.468559
67,55,0.696261,0.01,0.468559
67,56,0.697178,0.01,0.468559
67,57,0.702023,0.01,0.468559
67,58,0.706791,0.01,0.468559
67,59,0.707425,0.01,0.468559
67,60,0.712106,0.01,0.468559
67,61,0.71264,0.01,0.468559
67,62,0.712982,0.01,0.468559
67,63,0.717574,0.01,0.468559
67,64,0.722093,0.01,0.468559
67,65,0.718713,0.01,0.468559
67,66,0.723214,0.01,0.468559
67,67,0.727642,0.01,0.468559
67,68,0.727821,0.01,0.468559
67,69,0.728115,0.01,0.468559
67,70,0.732465,0.01,0.468559
67,71,0.732408,0.01,0.468559
67,72,0.73669,0.01,0.468559
67,73,0.736797,0.01,0.468559
67,74,0.73711,0.01,0.468559
67,75,0.741316,0.01,0.468559
67,76,0.745455,0.01,0.468559
67,77,0.749528,0.01,0.468559
67,78,0.753535,0.01,0.468559
67,79,0.757479,0.01,0.468559
67,80,0.761359,0.01,0.468559
67,81,0.765177,0.01,0.468559
67,82,0.768934,0.01,0.468559
67,83,0.772631,0.01,0.468559
67,84,0.776269,0.01,0.468559
67,85,0.779849,0.01,0.468559
67,86,0.783371,0.01,0.468559
67,87,0.786837,0.01,0.468559
67,88,0.790248,0.01,0.468559
67,89,0.793604,0.01,0.468559
67,90,0.796906,0.01,0.468559
67,91,0.800156,0.01,0.468559
67,92,0.799009,0.01,0.468559
67,93,0.802225,0.01,0.468559
67,94,0.801285,0.01,0.468559
67,95,0.800034,0.01,0.468559
67,96,0.803234,0.01,0.468559
67,97,0.801969,0.01,0.468559
67,98,0.805137,0.01,0.468559
67,99,0.808255,0.01,0.468559
67,100,0.811323,0.01,0.468559
67,101,0.814342,0.01,0.468559
67,102,0.817312,0.01,0.468559
67,103,0.815871,0.01,0.468559
67,104,0.818817,0.01,0.468559
67,105,0.821716,0.01,0.468559
67,106,0.824569,0.01,0.468559
67,107,0.827375,0.01,0.468559
67,108,0.830137,0.01,0.468559
67,109,0.832855,0.01,0.468559
67,110,0.830963,0.01,0.468559
67,111,0.833667,0.01,0.468559
67,112,0.836329,0.01,0.468559
67,113,0.838947,0.01,0.468559
67,114,0.837086,0.01,0.468559
67,115,0.839693,0.01,0.468559
67,116,0.842258,0.01,0.468559
67,117,0.844782,0.01,0.468559
67,118,0.847265,0.01,0.468559
67,119,0.845402,0.01,0.468559
67,120,0.847875,0.01,0.468559
67,121,0.850309,0.01,0.468559
67,122,0.852704,0.01,0.468559
67,123,0.855061,0.01,0.468559
67,124,0.852861,0.01,0.468559
67,125,0.855215,0.01,0.468559
67,126,0.852989,0.01,0.468559
67,127,0.855341,0.01,0.468559
67,128,0.853181,0.01,0.468559
67,129,0.85553,0.01,0.468559
67,130,0.84883,0.01,0.468559
67,131,0.846896,0.01,0.468559
67,132,0.849346,0.01,0.468559
67,133,0.851757,0.01,0.468559
67,134,0.854128,0.01,0.468559
67,135,0.852211,0.01,0.468559
67,136,0.854575,0.01,0.468559
67,137,0.856902,0.01,0.468559
67,138,0.859192,0.01,0.468559
67,139,0.861445,0.01,0.468559
67,140,0.863662,0.01,0.468559
67,141,0.865843,0.01,0.468559
67,142,0.86799,0.01,0.468559
67,143,0.870102,0.01,0.468559
67,144,0.87218,0.01,0.468559
67,145,0.874225,0.01,0.468559
67,146,0.871549,0.01,0.468559
67,147,0.873604,0.01,0.468559
67,148,0.871085,0.01,0.468559
67,149,0.873148,0.01,0.468559
67,150,0.875178,0.01,0.468559
67,151,0.877175,0.01,0.468559
67,152,0.87914,0.01,0.468559
67,153,0.867366,0.01,0.468559
67,154,0.869488,0.01,0.468559
67,155,0.871576,0.01,0.468559
67,156,0.869009,0.01,0.468559
67,157,0.871105,0.01,0.468559
67,158,0.873167,0.01,0.468559
67,159,0.875196,0.01,0.468559
67,160,0.877193,0.01,0.468559
67,161,0.874339,0.01,0.468559
67,162,0.871973,0.01,0.468559
67,163,0.874021,0.01,0.468559
67,164,0.876037,0.01,0.468559
67,165,0.873344,0.01,0.468559
67,166,0.87537,0.01,0.468559
67,167,0.877364,0.01,0.468559
67,168,0.879326,0.01,0.468559
67,169,0.876562,0.01,0.468559
67,170,0.869259,0.01,0.468559
67,171,0.871351,0.01,0.468559
67,172,0.868767,0.01,0.468559
67,173,0.870867,0.01,0.468559
67,174,0.872933,0.01,0.468559
67,175,0.874966,0.01,0.468559
67,176,0.876967,0.01,0.468559
67,177,0.878935,0.01,0.468559
67,178,0.880872,0.01,0.468559
67,179,0.882778,0.01,0.468559
67,180,0.884654,0.01,0.468559
67,181,0.877329,0.01,0.468559
67,182,0.874888,0.01,0.468559
67,183,0.87689,0.01,0.468559
67,184,0.86976,0.01,0.468559
67,185,0.871843,0.01,0.468559
67,186,0.873894,0.01,0.468559
67,187,0.871576,0.01,0.468559
67,188,0.873631,0.01,0.468559
67,189,0.875653,0.01,0.468559
67,190,0.877642,0.01,0.468559
67,191,0.8796,0.01,0.468559
67,192,0.881526,0.01,0.468559
67,193,0.883422,0.01,0.468559
67,194,0.885287,0.01,0.468559
67,195,0.887123,0.01,0.468559
67,196,0.884633,0.01,0.468559
67,197,0.881803,0.01,0.468559
67,198,0.883694,0.01,0.468559
67,199,0.885555,0.01,0.468559
67,200,0.887386,0.01,0.468559
68,1,0.50254,0.5056,0.0
68,2,0.505596,0.51183,0.0
68,3,0.51223,0.518465,0.0
68,4,0.516,0.525346,0.0
68,5,0.519755,0.499079,0.0
68,6,0.52372,0.24954,0.1
68,7,0.530987,0.252625,0.1
68,8,0.534805,0.255938,0.1
68,9,0.538818,0.259391,0.1
68,10,0.542567,0.262925,0.1
68,11,0.542744,0.266497,0.1
68,12,0.549988,0.133248,0.19
68,13,0.557138,0.134702,0.19
68,14,0.564189,0.136257,0.19
68,15,0.564121,0.137874,0.19
68,16,0.560553,0.139526,0.19
68,17,0.564014,0.141194,0.19
68,18,0.567294,0.070597,0.271
68,19,0.574209,0.071263,0.271
68,20,0.581017,0.07198,0.271
68,21,0.587717,0.072728,0.271
68,22,0.594311,0.073494,0.271
68,23,0.597012,0.074269,0.271
68,24,0.599856,0.037135,0.3439
68,25,0.606257,0.037438,0.3439
68,26,0.612556,0.037768,0.3439
68,27,0.614891,0.038114,0.3439
68,28,0.617292,0.038469,0.3439
68,29,0.615905,0.038829,0.3439
68,30,0.62205,0.019414,0.40951
68,31,0.628097,0.019553,0.40951
68,32,0.634048,0.019704,0.40951
68,33,0.632326,0.019864,0.40951
68,34,0.638209,0.020029,0.40951
68,35,0.643998,0.020196,0.40951
68,36,0.649694,0.01,0.468559
68,37,0.655299,0.01,0.468559
68,38,0.660814,0.01,0.468559
68,39,0.666241,0.01,0.468559
68,40,0.671581,0.01,0.468559
68,41,0.672938,0.01,0.468559
68,42,0.674218,0.01,0.468559
68,43,0.67943,0.01,0.468559
68,44,0.684559,0.01,0.468559
68,45,0.68576,0.01,0.468559
68,46,0.686897,0.01,0.468559
68,47,0.68813,0.01,0.468559
68,48,0.69312,0.01,0.468559
68,49,0.69803,0.01,0.468559
68,50,0.698862,0.01,0.468559
68,51,0.70368,0.01,0.468559
68,52,0.708421,0.01,0.468559
68,53,0.709217,0.01,0.468559
68,54,0.709873,0.01,0.468559
68,55,0.710416,0.01,0.468559
68,56,0.710963,0.01,0.468559
68,57,0.715587,0.01,0.468559
68,58,0.720138,0.01,0.468559
68,59,0.724616,0.01,0.468559
68,60,0.729022,0.01,0.468559
68,61,0.733357,0.01,0.468559
68,62,0.737624,0.01,0.468559
68,63,0.733809,0.01,0.468559
68,64,0.738068,0.01,0.468559
68,65,0.742259,0.01,0.468559
68,66,0.746383,0.01,0.468559
68,67,0.742096,0.01,0.468559
68,68,0.746223,0.01,0.468559
68,69,0.746121,0.01,0.468559
68,70,0.750183,0.01,0.468559
68,71,0.741434,0.01,0.468559
68,72,0.745571,0.01,0.468559
68,73,0.749642,0.01,0.468559
68,74,0.749638,0.01,0.468559
68,75,0.753644,0.01,0.468559
68,76,0.757586,0.01,0.468559
68,77,0.753235,0.01,0.468559
68,78,0.757183,0.01,0.468559
68,79,0.761068,0.01,0.468559
68,80,0.764891,0.01,0.468559
68,81,0.760143,0.01,0.468559
68,82,0.759649,0.01,0.468559
68,83,0.759172,0.01,0.468559
68,84,0.754475,0.01,0.468559
68,85,0.758403,0.01,0.468559
68,86,0.762268,0.01,0.468559
68,87,0.766072,0.01,0.468559
68,88,0.765644,0.01,0.468559
68,89,0.769394,0.01,0.468559
68,90,0.773084,0.01,0.468559
68,91,0.772432,0.01,0.468559
68,92,0.776073,0.01,0.468559
68,93,0.775341,0.01,0.468559
68,94,0.778935,0.01,0.468559
68,95,0.782472,0.01,0.468559
68,96,0.785953,0.01,0.468559
68,97,0.789378,0.01,0.468559
68,98,0.792748,0.01,0.468559
68,99,0.791825,0.01,0.468559
68,100,0.795155,0.01,0.468559
68,101,0.798433,0.01,0.468559
68,102,0.79733,0.01,0.468559
68,103,0.800573,0.01,0.468559
68,104,0.803764,0.01,0.468559
68,105,0.806903,0.01,0.468559
68,106,0.809993,0.01,0.468559
68,107,0.804496,0.01,0.468559
68,108,0.807624,0.01,0.468559
68,109,0.806307,0.01,0.468559
68,110,0.805182,0.01,0.468559
68,111,0.808299,0.01,0.468559
68,112,0.806966,0.01,0.468559
68,113,0.810054,0.01,0.468559
68,114,0.808595,0.01,0.468559
68,115,0.811657,0.01,0.468559
68,116,0.814671,0.01,0.468559
68,117,0.800537,0.01,0.468559
68,118,0.803729,0.01,0.468559
68,119,0.798544,0.01,0.468559
68,120,0.801767,0.01,0.468559
68,121,0.804939,0.01,0.468559
68,122,0.80806,0.01,0.468559
68,123,0.806699,0.01,0.468559
68,124,0.809792,0.01,0.468559
68,125,0.808551,0.01,0.468559
68,126,0.811614,0.01,0.468559
68,127,0.806125,0.01,0.468559
68,128,0.809227,0.01,0.468559
68,129,0.80785,0.01,0.468559
68,130,0.806594,0.01,0.468559
68,131,0.801174,0.01,0.468559
68,132,0.80027,0.01,0.468559
68,133,0.803466,0.01,0.468559
68,134,0.802215,0.01,0.468559
68,135,0.801135,0.01,0.468559
68,136,0.804317,0.01,0.468559
68,137,0.807448,0.01,0.468559
68,138,0.801606,0.01,0.468559
68,139,0.800421,0.01,0.468559
68,140,0.803614,0.01,0.468559
68,141,0.802479,0.01,0.468559
68,142,0.801413,0.01,0.468559
68,143,0.80459,0.01,0.468559
68,144,0.803073,0.01,0.468559
68,145,0.802099,0.01,0.468559
68,146,0.800759,0.01,0.468559
68,147,0.799737,0.01,0.468559
68,148,0.802941,0.01,0.468559
68,149,0.806094,0.01,0.468559
68,150,0.79622,0.01,0.468559
68,151,0.79948,0.01,0.468559
68,152,0.802688,0.01,0.468559
68,153,0.801598,0.01,0.468559
68,154,0.804773,0.01,0.468559
68,155,0.807896,0.01,0.468559
68,156,0.81097,0.01,0.468559
68,157,0.809918,0.01,0.468559
68,158,0.808619,0.01,0.468559
68,159,0.811681,0.01,0.468559
68,160,0.814694,0.01,0.468559
68,161,0.813445,0.01,0.468559
68,162,0.807893,0.01,0.468559
68,163,0.807069,0.01,0.468559
68,164,0.810156,0.01,0.468559
68,165,0.813194,0.01,0.468559
68,166,0.807772,0.01,0.468559
68,167,0.810848,0.01,0.468559
68,168,0.813874,0.01,0.468559
68,169,0.816852,0.01,0.468559
68,170,0.819783,0.01,0.468559
68,171,0.818245,0.01,0.468559
68,172,0.817064,0.01,0.468559
68,173,0.811335,0.01,0.468559
68,174,0.810197,0.01,0.468559
68,175,0.80864,0.01,0.468559
68,176,0.803123,0.01,0.468559
68,177,0.806273,0.01,0.468559
68,178,0.809373,0.01,0.468559
68,179,0.808134,0.01,0.468559
68,180,0.80668,0.01,0.468559
68,181,0.809773,0.01,0.468559
68,182,0.808382,0.01,0.468559
68,183,0.811448,0.01,0.468559
68,184,0.814465,0.01,0.468559
68,185,0.817433,0.01,0.468559
68,186,0.81546,0.01,0.468559
68,187,0.81433,0.01,0.468559
68,188,0.812918,0.01,0.468559
68,189,0.815911,0.01,0.468559
68,190,0.818857,0.01,0.468559
68,191,0.821755,0.01,0.468559
68,192,0.815833,0.01,0.468559
68,193,0.818779,0.01,0.468559
68,194,0.813052,0.01,0.468559
68,195,0.816043,0.01,0.468559
68,196,0.814475,0.01,0.468559
68,197,0.817443,0.01,0.468559
68,198,0.820364,0.01,0.468559
68,199,0.819235,0.01,0.468559
68,200,0.822127,0.01,0.468559
69,1,0.5056,0.5056,0.0
69,2,0.51183,0.51183,0.0
69,3,0.518465,0.518465,0.0
69,4,0.525346,0.525346,0.0
69,5,0.529036,0.532365,0.0
69,6,0.536151,0.266182,0.1
69,7,0.543278,0.269062,0.1
69,8,0.546941,0.255609,0.1
69,9,0.55404,0.258917,0.1
69,10,0.56107,0.262352,0.1
69,11,0.568019,0.265859,0.1
69,12,0.571331,0.132929,0.19
69,13,0.578152,0.13437,0.19
69,14,0.584876,0.135918,0.19
69,15,0.591499,0.137531,0.19
69,16,0.598023,0.139182,0.19
69,17,0.597118,0.132223,0.19
69,18,0.603557,0.066112,0.271
69,19,0.609895,0.066837,0.271
69,20,0.608771,0.067617,0.271
69,21,0.615028,0.068429,0.271
69,22,0.617543,0.06926,0.271
69,23,0.623661,0.0701,0.271
69,24,0.622067,0.03505,0.3439
69,25,0.624399,0.035386,0.3439
69,26,0.630408,0.035748,0.3439
69,27,0.636321,0.036126,0.3439
69,28,0.638449,0.036513,0.3439
69,29,0.644234,0.034687,0.3439
69,30,0.638487,0.017344,0.40951
69,31,0.644271,0.017512,0.40951
69,32,0.642389,0.017695,0.40951
69,33,0.648111,0.017885,0.40951
69,34,0.653741,0.018081,0.40951
69,35,0.655607,0.018279,0.40951
69,36,0.661118,0.01,0.468559
69,37,0.66654,0.01,0.468559
69,38,0.671875,0.01,0.468559
69,39,0.677125,0.01,0.468559
69,40,0.682291,0.01,0.468559
69,41,0.679473,0.01,0.468559
69,42,0.684601,0.01,0.468559
69,43,0.681936,0.01,0.468559
69,44,0.687025,0.01,0.468559
69,45,0.692033,0.01,0.468559
69,46,0.693163,0.01,0.468559
69,47,0.689809,0.01,0.468559
69,48,0.694772,0.01,0.468559
69,49,0.69583,0.01,0.468559
69,50,0.700696,0.01,0.468559
69,51,0.705485,0.01,0.468559
69,52,0.706052,0.01,0.468559
69,53,0.710755,0.01,0.468559
69,54,0.715383,0.01,0.468559
69,55,0.719937,0.01,0.468559
69,56,0.724418,0.01,0.468559
69,57,0.728827,0.01,0.468559
69,58,0.733166,0.01,0.468559
69,59,0.733547,0.01,0.468559
69,60,0.73781,0.01,0.468559
69,61,0.742005,0.01,0.468559
69,62,0.746133,0.01,0.468559
69,63,0.750195,0.01,0.468559
69,64,0.754192,0.01,0.468559
69,65,0.758125,0.01,0.468559
69,66,0.761995,0.01,0.468559
69,67,0.765803,0.01,0.468559
69,68,0.765272,0.01,0.468559
69,69,0.769027,0.01,0.468559
69,70,0.772723,0.01,0.468559
69,71,0.776359,0.01,0.468559
69,72,0.779938,0.01,0.468559
69,73,0.779051,0.01,0.468559
69,74,0.782586,0.01,0.468559
69,75,0.786065,0.01,0.468559
69,76,0.789488,0.01,0.468559
69,77,0.792856,0.01,0.468559
69,78,0.791911,0.01,0.468559
69,79,0.79524,0.01,0.468559
69,80,0.798516,0.01,0.468559
69,81,0.80174,0.01,0.468559
69,82,0.800593,0.01,0.468559
69,83,0.803784,0.01,0.468559
69,84,0.802456,0.01,0.468559
69,85,0.805616,0.01,0.468559
69,86,0.804507,0.01,0.468559
69,87,0.807634,0.01,0.468559
69,88,0.80639,0.01,0.468559
69,89,0.809487,0.01,0.468559
69,90,0.808265,0.01,0.468559
69,91,0.811333,0.01,0.468559
69,92,0.814352,0.01,0.468559
69,93,0.817322,0.01,0.468559
69,94,0.815752,0.01,0.468559
69,95,0.814397,0.01,0.468559
69,96,0.808649,0.01,0.468559
69,97,0.807494,0.01,0.468559
69,98,0.810574,0.01,0.468559
69,99,0.813605,0.01,0.468559
69,100,0.816587,0.01,0.468559
69,101,0.819522,0.01,0.468559
69,102,0.817924,0.01,0.468559
69,103,0.820837,0.01,0.468559
69,104,0.819267,0.01,0.468559
69,105,0.817572,0.01,0.468559
69,106,0.816118,0.01,0.468559
69,107,0.814878,0.01,0.468559
69,108,0.804235,0.01,0.468559
69,109,0.807367,0.01,0.468559
69,110,0.810449,0.01,0.468559
69,111,0.813482,0.01,0.468559
69,112,0.816467,0.01,0.468559
69,113,0.819403,0.01,0.468559
69,114,0.822293,0.01,0.468559
69,115,0.820716,0.01,0.468559
69,116,0.819199,0.01,0.468559
69,117,0.813474,0.01,0.468559
69,118,0.811956,0.01,0.468559
69,119,0.806525,0.01,0.468559
69,120,0.801268,0.01,0.468559
69,121,0.799933,0.01,0.468559
69,122,0.794301,0.01,0.468559
69,123,0.797593,0.01,0.468559
69,124,0.800831,0.01,0.468559
69,125,0.79946,0.01,0.468559
69,126,0.798539,0.01,0.468559
69,127,0.797484,0.01,0.468559
69,128,0.800724,0.01,0.468559
69,129,0.803913,0.01,0.468559
69,130,0.802657,0.01,0.468559
69,131,0.805814,0.01,0.468559
69,132,0.804687,0.01,0.468559
69,133,0.807812,0.01,0.468559
69,134,0.806509,0.01,0.468559
69,135,0.805369,0.01,0.468559
69,136,0.79958,0.01,0.468559
69,137,0.798628,0.01,0.468559
69,138,0.80185,0.01,0.468559
69,139,0.80502,0.01,0.468559
69,140,0.799061,0.01,0.468559
69,141,0.802276,0.01,0.468559
69,142,0.805439,0.01,0.468559
69,143,0.808552,0.01,0.468559
69,144,0.811615,0.01,0.468559
69,145,0.81463,0.01,0.468559
69,146,0.817595,0.01,0.468559
69,147,0.820514,0.01,0.468559
69,148,0.823386,0.01,0.468559
69,149,0.826212,0.01,0.468559
69,150,0.820174,0.01,0.468559
69,151,0.823052,0.01,0.468559
69,152,0.825883,0.01,0.468559
69,153,0.828669,0.01,0.468559
69,154,0.822284,0.01,0.468559
69,155,0.825128,0.01,0.468559
69,156,0.82341,0.01,0.468559
69,157,0.826236,0.01,0.468559
69,158,0.824664,0.01,0.468559
69,159,0.818872,0.01,0.468559
69,160,0.82177,0.01,0.468559
69,161,0.824622,0.01,0.468559
69,162,0.827428,0.01,0.468559
69,163,0.830189,0.01,0.468559
69,164,0.832906,0.01,0.468559
69,165,0.83558,0.01,0.468559
69,166,0.83361,0.01,0.468559
69,167,0.827263,0.01,0.468559
69,168,0.825437,0.01,0.468559
69,169,0.82823,0.01,0.468559
69,170,0.830979,0.01,0.468559
69,171,0.829226,0.01,0.468559
69,172,0.831958,0.01,0.468559
69,173,0.830202,0.01,0.468559
69,174,0.828649,0.01,0.468559
69,175,0.826985,0.01,0.468559
69,176,0.829754,0.01,0.468559
69,177,0.832478,0.01,0.468559
69,178,0.835158,0.01,0.468559
69,179,0.837795,0.01,0.468559
69,180,0.831516,0.01,0.468559
69,181,0.825582,0.01,0.468559
69,182,0.828372,0.01,0.468559
69,183,0.817875,0.01,0.468559
69,184,0.816113,0.01,0.468559
69,185,0.814969,0.01,0.468559
69,186,0.813967,0.01,0.468559
69,187,0.808178,0.01,0.468559
69,188,0.80674,0.01,0.468559
69,189,0.809832,0.01,0.468559
69,190,0.812875,0.01,0.468559
69,191,0.815869,0.01,0.468559
69,192,0.818815,0.01,0.468559
69,193,0.821714,0.01,0.468559
69,194,0.820159,0.01,0.468559
69,195,0.823037,0.01,0.468559
69,196,0.817437,0.01,0.468559
69,197,0.820358,0.01,0.468559
69,198,0.818918,0.01,0.468559
69,199,0.817408,0.01,0.468559
69,200,0.820329,0.01,0.468559
70,1,0.5056,0.5056,0.0
70,2,0.508679,0.51183,0.0
70,3,0.512249,0.518465,0.0
70,4,0.515864,0.525346,0.0
70,5,0.522949,0.532365,0.0
70,6,0.530119,0.266182,0.1
70,7,0.537313,0.269062,0.1
70,8,0.541051,0.272154,0.1
70,9,0.544761,0.275378,0.1
70,10,0.551926,0.278677,0.1
70,11,0.555489,0.282011,0.1
70,12,0.559096,0.141005,0.19
70,13,0.566106,0.142339,0.19
70,14,0.573018,0.143774,0.19
70,15,0.572696,0.145272,0.19
70,16,0.572454,0.138009,0.19
70,17,0.575619,0.13966,0.19
70,18,0.5824,0.06983,0.271
70,19,0.589075,0.070498,0.271
70,20,0.592034,0.07122,0.271
70,21,0.598558,0.071975,0.271
70,22,0.6014,0.07275,0.271
70,23,0.604151,0.073535,0.271
70,24,0.610484,0.036767,0.3439
70,25,0.609483,0.037076,0.3439
70,26,0.615731,0.037411,0.3439
70,27,0.618015,0.037762,0.3439
70,28,0.620245,0.038123,0.3439
70,29,0.622725,0.038488,0.3439
70,30,0.628761,0.019244,0.40951
70,31,0.630943,0.019385,0.40951
70,32,0.636848,0.019539,0.40951
70,33,0.638814,0.019702,0.40951
70,34,0.644592,0.019869,0.40951
70,35,0.650279,0.020039,0.40951
70,36,0.655874,0.01,0.468559
70,37,0.66138,0.01,0.468559
70,38,0.666798,0.01,0.468559
70,39,0.67213,0.01,0.468559
70,40,0.677376,0.01,0.468559
70,41,0.682538,0.01,0.468559
70,42,0.687617,0.01,0.468559
70,43,0.692615,0.01,0.468559
70,44,0.697533,0.01,0.468559
70,45,0.702373,0.01,0.468559
70,46,0.703297,0.01,0.468559
70,47,0.704076,0.01,0.468559
70,48,0.70881,0.01,0.468559
70,49,0.713469,0.01,0.468559
70,50,0.718054,0.01,0.468559
70,51,0.722565,0.01,0.468559
70,52,0.727004,0.01,0.468559
70,53,0.731372,0.01,0.468559
70,54,0.73567,0.01,0.468559
70,55,0.735795,0.01,0.468559
70,56,0.731637,0.01,0.468559
70,57,0.727889,0.01,0.468559
70,58,0.732242,0.01,0.468559
70,59,0.736526,0.01,0.468559
70,60,0.732445,0.01,0.468559
70,61,0.732576,0.01,0.468559
70,62,0.732833,0.01,0.468559
70,63,0.732744,0.01,0.468559
70,64,0.73702,0.01,0.468559
70,65,0.741227,0.01,0.468559
70,66,0.741155,0.01,0.468559
70,67,0.741215,0.01,0.468559
70,68,0.745355,0.01,0.468559
70,69,0.74943,0.01,0.468559
70,70,0.753439,0.01,0.468559
70,71,0.757384,0.01,0.468559
70,72,0.761266,0.01,0.468559
70,73,0.765085,0.01,0.468559
70,74,0.768844,0.01,0.468559
70,75,0.772543,0.01,0.468559
70,76,0.776182,0.01,0.468559
70,77,0.775562,0.01,0.468559
70,78,0.770413,0.01,0.468559
70,79,0.774087,0.01,0.468559
70,80,0.773305,0.01,0.468559
70,81,0.776932,0.01,0.468559
70,82,0.780501,0.01,0.468559
70,83,0.784013,0.01,0.468559
70,84,0.78317,0.01,0.468559
70,85,0.782336,0.01,0.468559
70,86,0.781651,0.01,0.468559
70,87,0.785145,0.01,0.468559
70,88,0.784281,0.01,0.468559
70,89,0.787732,0.01,0.468559
70,90,0.791128,0.01,0.468559
70,91,0.79447,0.01,0.468559
70,92,0.793447,0.01,0.468559
70,93,0.796752,0.01,0.468559
70,94,0.800004,0.01,0.468559
70,95,0.803204,0.01,0.468559
70,96,0.806353,0.01,0.468559
70,97,0.809451,0.01,0.468559
70,98,0.808173,0.01,0.468559
70,99,0.811242,0.01,0.468559
70,100,0.814262,0.01,0.468559
70,101,0.817234,0.01,0.468559
70,102,0.820158,0.01,0.468559
70,103,0.818482,0.01,0.468559
70,104,0.821386,0.01,0.468559
70,105,0.824244,0.01,0.468559
70,106,0.822652,0.01,0.468559
70,107,0.821226,0.01,0.468559
70,108,0.824086,0.01,0.468559
70,109,0.822537,0.01,0.468559
70,110,0.825377,0.01,0.468559
70,111,0.828171,0.01,0.468559
70,112,0.83092,0.01,0.468559
70,113,0.833625,0.01,0.468559
70,114,0.831739,0.01,0.468559
70,115,0.834431,0.01,0.468559
70,116,0.832682,0.01,0.468559
70,117,0.835359,0.01,0.468559
70,118,0.829054,0.01,0.468559
70,119,0.827517,0.01,0.468559
70,120,0.830277,0.01,0.468559
70,121,0.828841,0.01,0.468559
70,122,0.82728,0.01,0.468559
70,123,0.825717,0.01,0.468559
70,124,0.828505,0.01,0.468559
70,125,0.82661,0.01,0.468559
70,126,0.829384,0.01,0.468559
70,127,0.832114,0.01,0.468559
70,128,0.830571,0.01,0.468559
70,129,0.829184,0.01,0.468559
70,130,0.827348,0.01,0.468559
70,131,0.816675,0.01,0.468559
70,132,0.819609,0.01,0.468559
70,133,0.822495,0.01,0.468559
70,134,0.825335,0.01,0.468559
70,135,0.814993,0.01,0.468559
70,136,0.817953,0.01,0.468559
70,137,0.816286,0.01,0.468559
70,138,0.819226,0.01,0.468559
70,139,0.822118,0.01,0.468559
70,140,0.824964,0.01,0.468559
70,141,0.827765,0.01,0.468559
70,142,0.826347,0.01,0.468559
70,143,0.820492,0.01,0.468559
70,144,0.818884,0.01,0.468559
70,145,0.821782,0.01,0.468559
70,146,0.824633,0.01,0.468559
70,147,0.827439,0.01,0.468559
70,148,0.825832,0.01,0.468559
70,149,0.824389,0.01,0.468559
70,150,0.822605,0.01,0.468559
70,151,0.821,0.01,0.468559
70,152,0.823864,0.01,0.468559
70,153,0.817595,0.01,0.468559
70,154,0.815889,0.01,0.468559
70,155,0.81429,0.01,0.468559
70,156,0.817261,0.01,0.468559
70,157,0.820185,0.01,0.468559
70,158,0.823062,0.01,0.468559
70,159,0.825893,0.01,0.468559
70,160,0.828679,0.01,0.468559
70,161,0.83142,0.01,0.468559
70,162,0.834117,0.01,0.468559
70,163,0.836772,0.01,0.468559
70,164,0.839383,0.01,0.468559
70,165,0.837661,0.01,0.468559
70,166,0.840259,0.01,0.468559
70,167,0.838363,0.01,0.468559
70,168,0.840949,0.01,0.468559
70,169,0.843494,0.01,0.468559
70,170,0.845998,0.01,0.468559
70,171,0.843869,0.01,0.468559
70,172,0.846367,0.01,0.468559
70,173,0.848825,0.01,0.468559
70,174,0.851244,0.01,0.468559
70,175,0.853624,0.01,0.468559
70,176,0.855966,0.01,0.468559
70,177,0.853784,0.01,0.468559
70,178,0.856123,0.01,0.468559
70,179,0.858425,0.01,0.468559
70,180,0.8561,0.01,0.468559
70,181,0.854064,0.01,0.468559
70,182,0.851702,0.01,0.468559
70,183,0.854075,0.01,0.468559
70,184,0.85641,0.01,0.468559
70,185,0.858707,0.01,0.468559
70,186,0.851847,0.01,0.468559
70,187,0.854217,0.01,0.468559
70,188,0.85655,0.01,0.468559
70,189,0.858845,0.01,0.468559
70,190,0.856468,0.01,0.468559
70,191,0.854168,0.01,0.468559
70,192,0.856501,0.01,0.468559
70,193,0.858797,0.01,0.468559
70,194,0.861056,0.01,0.468559
70,195,0.863279,0.01,0.468559
70,196,0.865467,0.01,0.468559
70,197,0.867619,0.01,0.468559
70,198,0.869737,0.01,0.468559
70,199,0.871822,0.01,0.468559
70,200,0.869358,0.01,0.468559
71,1,0.5056,0.5056,0.0
71,2,0.51183,0.51183,0.0
71,3,0.515242,0.518465,0.0
71,4,0.52214,0.525346,0.0
71,5,0.525856,0.532365,0.0
71,6,0.533005,0.266182,0.1
71,7,0.54017,0.269062,0.1
71,8,0.547313,0.272154,0.1
71,9,0.554406,0.275378,0.1
71,10,0.557934,0.278677,0.1
71,11,0.56493,0.282011,0.1
71,12,0.571838,0.141005,0.19
71,13,0.578651,0.142339,0.19
71,14,0.578288,0.143774,0.19
71,15,0.581628,0.145272,0.19
71,16,0.588307,0.146807,0.19
71,17,0.594883,0.14836,0.19
71,18,0.597673,0.07418,0.271
71,19,0.604105,0.070471,0.271
71,20,0.610435,0.071139,0.271
71,21,0.613039,0.071858,0.271
71,22,0.619229,0.072608,0.271
71,23,0.62532,0.073376,0.271
71,24,0.627589,0.036688,0.3439
71,25,0.633547,0.036994,0.3439
71,26,0.63172,0.035144,0.3439
71,27,0.637612,0.035507,0.3439
71,28,0.639528,0.035886,0.3439
71,29,0.645296,0.036275,0.3439
71,30,0.650971,0.018138,0.40951
71,31,0.648875,0.018294,0.40951
71,32,0.654493,0.018463,0.40951
71,33,0.660021,0.018641,0.40951
71,34,0.661779,0.018824,0.40951
71,35,0.663304,0.01901,0.40951
71,36,0.668691,0.01,0.468559
71,37,0.673992,0.01,0.468559
71,38,0.679208,0.01,0.468559
71,39,0.684341,0.01,0.468559
71,40,0.689392,0.01,0.468559
71,41,0.694361,0.01,0.468559
71,42,0.69532,0.01,0.468559
71,43,0.696073,0.01,0.468559
71,44,0.700935,0.01,0.468559
71,45,0.705721,0.01,0.468559
71,46,0.710429,0.01,0.468559
71,47,0.715062,0.01,0.468559
71,48,0.715503,0.01,0.468559
71,49,0.715948,0.01,0.468559
71,50,0.716367,0.01,0.468559
71,51,0.720905,0.01,0.468559
71,52,0.725371,0.01,0.468559
71,53,0.729765,0.01,0.468559
71,54,0.730007,0.01,0.468559
71,55,0.730242,0.01,0.468559
71,56,0.734558,0.01,0.468559
71,57,0.738805,0.01,0.468559
71,58,0.742984,0.01,0.468559
71,59,0.742885,0.01,0.468559
71,60,0.746999,0.01,0.468559
71,61,0.742773,0.01,0.468559
71,62,0.746889,0.01,0.468559
71,63,0.746951,0.01,0.468559
71,64,0.747132,0.01,0.468559
71,65,0.751178,0.01,0.468559
71,66,0.755159,0.01,0.468559
71,67,0.746513,0.01,0.468559
71,68,0.750569,0.01,0.468559
71,69,0.750479,0.01,0.468559
71,70,0.754472,0.01,0.468559
71,71,0.754427,0.01,0.468559
71,72,0.758356,0.01,0.468559
71,73,0.757993,0.01,0.468559
71,74,0.757649,0.01,0.468559
71,75,0.757206,0.01,0.468559
71,76,0.757165,0.01,0.468559
71,77,0.756832,0.01,0.468559
71,78,0.760723,0.01,0.468559
71,79,0.764552,0.01,0.468559
71,80,0.764162,0.01,0.468559
71,81,0.767936,0.01,0.468559
71,82,0.771649,0.01,0.468559
71,83,0.770796,0.01,0.468559
71,84,0.774464,0.01,0.468559
71,85,0.76979,0.01,0.468559
71,86,0.773473,0.01,0.468559
71,87,0.777098,0.01,0.468559
71,88,0.780664,0.01,0.468559
71,89,0.780027,0.01,0.468559
71,90,0.779244,0.01,0.468559
71,91,0.782776,0.01,0.468559
71,92,0.777779,0.01,0.468559
71,93,0.776887,0.01,0.468559
71,94,0.776362,0.01,0.468559
71,95,0.775845,0.01,0.468559
71,96,0.779432,0.01,0.468559
71,97,0.778957,0.01,0.468559
71,98,0.782494,0.01,0.468559
71,99,0.781705,0.01,0.468559
71,100,0.785198,0.01,0.468559
71,101,0.788635,0.01,0.468559
71,102,0.779099,0.01,0.468559
71,103,0.77832,0.01,0.468559
71,104,0.777605,0.01,0.468559
71,105,0.776975,0.01,0.468559
71,106,0.780544,0.01,0.468559
71,107,0.784055,0.01,0.468559
71,108,0.783421,0.01,0.468559
71,109,0.786886,0.01,0.468559
71,110,0.790296,0.01,0.468559
71,111,0.793651,0.01,0.468559
71,112,0.796953,0.01,0.468559
71,113,0.800202,0.01,0.468559
71,114,0.799354,0.01,0.468559
71,115,0.798642,0.01,0.468559
71,116,0.801863,0.01,0.468559
71,117,0.805034,0.01,0.468559
71,118,0.803766,0.01,0.468559
71,119,0.806906,0.01,0.468559
71,120,0.809995,0.01,0.468559
71,121,0.813035,0.01,0.468559
71,122,0.816027,0.01,0.468559
71,123,0.81897,0.01,0.468559
71,124,0.817351,0.01,0.468559
71,125,0.820274,0.01,0.468559
71,126,0.823149,0.01,0.468559
71,127,0.82164,0.01,0.468559
71,128,0.824494,0.01,0.468559
71,129,0.827302,0.01,0.468559
71,130,0.830065,0.01,0.468559
71,131,0.823697,0.01,0.468559
71,132,0.822266,0.01,0.468559
71,133,0.82511,0.01,0.468559
71,134,0.827908,0.01,0.468559
71,135,0.830662,0.01,0.468559
71,136,0.833371,0.01,0.468559
71,137,0.836037,0.01,0.468559
71,138,0.834396,0.01,0.468559
71,139,0.837045,0.01,0.468559
71,140,0.839653,0.01,0.468559
71,141,0.842218,0.01,0.468559
71,142,0.844743,0.01,0.468559
71,143,0.847227,0.01,0.468559
71,144,0.849671,0.01,0.468559
71,145,0.847802,0.01,0.468559
71,146,0.850237,0.01,0.468559
71,147,0.852634,0.01,0.468559
71,148,0.854992,0.01,0.468559
71,149,0.857312,0.01,0.468559
71,150,0.859595,0.01,0.468559
71,151,0.861841,0.01,0.468559
71,152,0.850915,0.01,0.468559
71,153,0.8533,0.01,0.468559
71,154,0.851544,0.01,0.468559
71,155,0.849194,0.01,0.468559
71,156,0.846957,0.01,0.468559
71,157,0.849406,0.01,0.468559
71,158,0.842387,0.01,0.468559
71,159,0.840395,0.01,0.468559
71,160,0.842949,0.01,0.468559
71,161,0.841389,0.01,0.468559
71,162,0.839653,0.01,0.468559
71,163,0.842218,0.01,0.468559
71,164,0.840336,0.01,0.468559
71,165,0.838365,0.01,0.468559
71,166,0.836273,0.01,0.468559
71,167,0.834213,0.01,0.468559
71,168,0.836865,0.01,0.468559
71,169,0.839475,0.01,0.468559
71,170,0.842044,0.01,0.468559
71,171,0.84048,0.01,0.468559
71,172,0.843032,0.01,0.468559
71,173,0.845544,0.01,0.468559
71,174,0.848015,0.01,0.468559
71,175,0.846071,0.01,0.468559
71,176,0.848534,0.01,0.468559
71,177,0.846362,0.01,0.468559
71,178,0.848821,0.01,0.468559
71,179,0.846903,0.01,0.468559
71,180,0.844645,0.01,0.468559
71,181,0.842618,0.01,0.468559
71,182,0.845136,0.01,0.468559
71,183,0.847614,0.01,0.468559
71,184,0.845331,0.01,0.468559
71,185,0.839036,0.01,0.468559
71,186,0.833065,0.01,0.468559
71,187,0.835736,0.01,0.468559
71,188,0.838365,0.01,0.468559
71,189,0.840951,0.01,0.468559
71,190,0.843496,0.01,0.468559
71,191,0.841395,0.01,0.468559
71,192,0.839471,0.01,0.468559
71,193,0.838027,0.01,0.468559
71,194,0.840618,0.01,0.468559
71,195,0.843168,0.01,0.468559
71,196,0.845678,0.01,0.468559
71,197,0.848147,0.01,0.468559
71,198,0.850577,0.01,0.468559
71,199,0.852967,0.01,0.468559
71,200,0.850568,0.01,0.468559
