seed,round,honest_c
100,1,0.5063200000000001
100,2,0.5130428800000001
100,3,0.5200109939199999
100,4,0.5271145780172798
100,5,0.5007588491164159
100,6,0.5083433395305532
100,7,0.5159274884980645
100,8,0.5234749983620953
100,9,0.5309610431643018
100,10,0.5383688178168728
100,11,0.5456871226720429
100,12,0.5529086728674584
100,13,0.5600289150122965
100,14,0.5670451990096022
100,15,0.5739561984717001
100,16,0.5807615051485293
100,17,0.5874613451628161
100,18,0.5940563805078753
100,19,0.6005475702271142
100,20,0.606936073368636
100,21,0.6132231811803466
100,22,0.6194102697713874
100,23,0.6254987670979932
100,24,0.6314901299744893
100,25,0.6373858280999423
100,26,0.6431873329938746
100,27,0.6110279663441809
100,28,0.6172512935831456
100,29,0.6233751151761456
100,30,0.5922063594173383
100,31,0.5987309472698923
100,32,0.6051511748358357
100,33,0.6114687019440457
100,34,0.6176851648468491
100,35,0.5868009066045067
100,36,0.5934120655925703
100,37,0.5999174539887042
100,38,0.6063187617368155
100,39,0.6126176524573778
100,40,0.6188157636539058
100,41,0.6249147069805353
100,42,0.6309160685504113
100,43,0.6368214092707001
100,44,0.604980338807165
100,45,0.6113006518582169
100,46,0.617519840358862
100,47,0.6236395221643838
100,48,0.6296612892856382
100,49,0.6355867082901873
100,50,0.6414173207007275
100,51,0.6471546433897443
100,52,0.6528001689696682
100,53,0.6583553661780657
100,54,0.663821680257555
100,55,0.6692005333302709
100,56,0.6744933247667722
100,57,0.6797014315493539
100,58,0.6848262086297594
100,59,0.6505848981982714
100,60,0.6561755398167357
100,61,0.6616767311724133
100,62,0.6670899034685767
100,63,0.6724164650095246
100,64,0.6776578015668839
100,65,0.682815276740072
100,66,0.6878902323110114
100,67,0.6928839885931819
100,68,0.6977978447750935
100,69,0.7026330792582736
100,70,0.7073909499898485
100,71,0.712072694789806
100,72,0.7166795316730259
100,73,0.721212659166157
100,74,0.7256732566194282
100,75,0.730062484513468
100,76,0.7343814847612182
100,77,0.7386313810050145
100,78,0.7428132789089175
100,79,0.7469282664463628
100,80,0.7509774141832127
100,81,0.7549617755562754
100,82,0.7588823871473711
100,83,0.7627402689530102
100,84,0.7665364246497599
100,85,0.7702718418553622
100,86,0.7739474923856755
100,87,0.7775643325075041
100,88,0.7811233031873837
100,89,0.7846253303363853
100,90,0.7880713250510029
100,91,0.7914621838501864
100,92,0.7947987889085834
100,93,0.7980820082860461
100,94,0.8013126961534691
100,95,0.8044916930150137
100,96,0.8076198259267734
100,97,0.8106979087119452
100,98,0.8137267421725539
100,99,0.8167071142977932
100,100,0.8196398004690286
100,101,0.822525563661524
100,102,0.8253651546429397
100,103,0.8281593121686527
100,104,0.8309087631739545
100,105,0.833614222963171
100,106,0.8362763953957602
100,107,0.8388959730694282
100,108,0.8414736375003173
100,109,0.8440100593003124
100,110,0.8465058983515071
100,111,0.8041806034339316
100,112,0.8073137137789889
100,113,0.810396694358525
100,114,0.8134303472487886
100,115,0.816415461692808
100,116,0.819352814305723
100,117,0.8222431692768314
100,118,0.8250872785684022
100,119,0.827885882111308
100,120,0.830639707997527
100,121,0.8333494726695664
100,122,0.8360158811068533
100,123,0.8386396270091436
100,124,0.7967076456586867
100,125,0.7999603233281475
100,126,0.8031609581548972
100,127,0.8063103828244188
100,128,0.8094094166992282
100,129,0.8124588660320404
100,130,0.8154595241755279
100,131,0.8184121717887193
100,132,0.8213175770401
100,133,0.8241764958074583
100,134,0.7829676710170853
100,135,0.743819287466231
100,136,0.7479181788667717
100,137,0.751951488004903
100,138,0.7559202641968247
100,139,0.7598255399696756
100,140,0.7636683313301608
100,141,0.7674496380288783
100,142,0.7711704438204163
100,143,0.7748317167192894
100,144,0.778434409251781
100,145,0.7819794587037523
100,146,0.7854677873644924
100,147,0.7889003027666603
100,148,0.7922778979223941
100,149,0.7956014515556356
100,150,0.7988718283307457
100,151,0.8020898790774537
100,152,0.8052564410122145
100,153,0.8083723379560188
100,154,0.8114383805487225
100,155,0.8144553664599432
100,156,0.8174240805965841
100,157,0.8203452953070387
100,158,0.823219770582126
100,159,0.8260482542528121
100,160,0.8288314821847671
100,161,0.8315701784698109
100,162,0.8342650556142936
100,163,0.836916814724465
100,164,0.8395261456888736
100,165,0.8420937273578517
100,166,0.8446202277201259
100,167,0.847106304076604
100,168,0.8495526032113784
100,169,0.8519597615599963
100,170,0.8543284053750362
100,171,0.8566591508890358
100,172,0.8589526044748114
100,173,0.8612093628032144
100,174,0.8634300129983629
100,175,0.865615132790389
100,176,0.8677652906657428
100,177,0.8698810460150911
100,178,0.8719629492788495
100,179,0.874011542090388
100,180,0.8760273574169417
100,181,0.8780109196982707
100,182,0.8799627449830985
100,183,0.8818833410633686
100,184,0.8837732076063547
100,185,0.8856328362846531
100,186,0.8874627109040988
100,187,0.8892633075296329
100,188,0.8910350946091589
100,189,0.8927785330954124
100,190,0.8944940765658856
100,191,0.8961821713408318
100,192,0.8978432565993785
100,193,0.8994777644937884
100,194,0.9010861202618876
100,195,0.9026687423376977
100,196,0.9042260424602944
100,197,0.9057584257809298
100,198,0.9072662909684347
100,199,0.9087500303129399
100,200,0.9102100298279329
101,1,0.5063200000000001
101,2,0.5130428800000001
101,3,0.48739073599999994
101,4,0.494769284224
101,5,0.5022767356764158
101,6,0.5098369399055932
101,7,0.5173971912671038
101,8,0.5249211858868301
101,9,0.5323840916886409
101,10,0.5397690975648224
101,11,0.5470649979440254
101,12,0.5542645021350892
101,13,0.5613630510116452
101,14,0.5683579888329613
101,15,0.5752479836578854
101,16,0.5820326217717356
101,17,0.588712123920051
101,18,0.5952871468049945
101,19,0.6017586442634798
101,20,0.6081277702204193
101,21,0.6143958108825014
101,22,0.6205641373983076
101,23,0.5895359305283921
101,24,0.5961024172828862
101,25,0.6025641217564239
101,26,0.6089226360133658
101,27,0.6151795519806831
101,28,0.6213364538494641
101,29,0.6273949128782028
101,30,0.633356483875383
101,31,0.6392227028556385
101,32,0.6449950855155318
101,33,0.6506751262811914
101,34,0.6562642977544281
101,35,0.6617640504359723
101,36,0.6671758126409274
101,37,0.6725009905470238
101,38,0.6777409683341173
101,39,0.6828971083858638
101,40,0.6879707515332545
101,41,0.6929632173258173
101,42,0.6978758043205711
101,43,0.7027097903818187
101,44,0.707466432986973
101,45,0.7121469695350661
101,46,0.7167526176556241
101,47,0.7212845755163177
101,48,0.725744022128285
101,49,0.7301321176483921
101,50,0.7344500036779299
101,51,0.7386988035574212
101,52,0.7428796226573394
101,53,0.7057356415244727
101,54,0.7104438712298666
101,55,0.715076769269039
101,56,0.7196355409459294
101,57,0.7241213722804309
101,58,0.7285354303166897
101,59,0.7328788634265444
101,60,0.737152801608165
101,61,0.7413583567799462
101,62,0.7454966230697251
101,63,0.7495686770993902
101,64,0.7535755782649466
101,65,0.7575183690121101
101,66,0.7613980751074981
101,67,0.7652157059054852
101,68,0.7689722546107925
101,69,0.7726686985368764
101,70,0.7763059993601861
101,71,0.7798851033703527
101,72,0.7834069417163777
101,73,0.7868724306488812
101,74,0.7902824717584752
101,75,0.7936379522103229
101,76,0.7969397449749457
101,77,0.8001887090553381
101,78,0.8033856897104471
101,79,0.8065315186750759
101,80,0.8096270143762718
101,81,0.8126729821462495
101,82,0.815670214431908
101,83,0.8186194910009965
101,84,0.8215215791449799
101,85,0.8243772338786599
101,86,0.827187198136601
101,87,0.8299522029664151
101,88,0.8326729677189523
101,89,0.7910393193330044
101,90,0.7943826902236764
101,91,0.7976725671800973
101,92,0.8009098061052157
101,93,0.804095249207532
101,94,0.8072297252202117
101,95,0.7668682389592011
101,96,0.7705983471358537
101,97,0.77426877358168
101,98,0.7778804732043733
101,99,0.7814343856331033
101,100,0.7849314354629737
101,101,0.7883725324955662
101,102,0.7917585719756369
101,103,0.795090434824027
101,104,0.7983689878668424
101,105,0.8015950840609728
101,106,0.8047695627159973
101,107,0.8078932497125415
101,108,0.810966957717141
101,109,0.8139914863936666
101,110,0.816967622611368
101,111,0.8198961406495859
101,112,0.8227778023991925
101,113,0.8256133575608053
101,114,0.8284035438398327
101,115,0.8311490871383954
101,116,0.833850701744181
101,117,0.8365090905162742
101,118,0.8391249450680137
101,119,0.8416989459469255
101,120,0.8442317628117747
101,121,0.8467240546067863
101,122,0.8491764697330778
101,123,0.8515896462173485
101,124,0.8539642118778709
101,125,0.856300784487825
101,126,0.8585999719360198
101,127,0.8608623723850434
101,128,0.8630885744268827
101,129,0.8652791572360525
101,130,0.8674346907202757
101,131,0.8695557356687512
101,132,0.8716428438980512
101,133,0.8736965583956826
101,134,0.8757174134613516
101,135,0.831931542788284
101,136,0.8346206381036716
101,137,0.8372667078940127
101,138,0.8398704405677083
101,139,0.8424325135186251
101,140,0.8449535933023272
101,141,0.8474343358094899
101,142,0.849875386436538
101,143,0.8522773802535536
101,144,0.8546409421694966
101,145,0.8569666870947847
101,146,0.8592552201012682
101,147,0.8615071365796478
101,148,0.8637230223943735
101,149,0.8659034540360636
101,150,0.8680489987714864
101,151,0.8701602147911427
101,152,0.8722376513544845
101,153,0.82862576878676
101,154,0.8313677564861719
101,155,0.8340658723823932
101,156,0.836720818424275
101,157,0.8393332853294865
101,158,0.8419039527642147
101,159,0.8444334895199873
101,160,0.8469225536876677
101,161,0.8493717928286649
101,162,0.8517818441434063
101,163,0.8541533346371117
101,164,0.8564868812829183
101,165,0.8587830911823915
101,166,0.861042561723473
101,167,0.8632658807358975
101,168,0.8654536266441232
101,169,0.8676063686178173
101,170,0.8697246667199323
101,171,0.8718090720524134
101,172,0.8738601268995747
101,173,0.8758783648691816
101,174,0.8778643110312746
101,175,0.8798184820547743
101,176,0.8817413863418977
101,177,0.8836335241604274
101,178,0.8854953877738609
101,179,0.887327461569479
101,180,0.8891302221843672
101,181,0.8909041386294174
101,182,0.892649672411347
101,183,0.8943672776527652
101,184,0.8960574012103211
101,185,0.8977204827909558
101,186,0.8528344586514081
101,187,0.8551891073129856
101,188,0.8575060815959776
101,189,0.8597859842904422
101,190,0.862029408541795
101,191,0.8642369380051264
101,192,0.8664091469970442
101,193,0.8685466006450916
101,194,0.87064985503477
101,195,0.8727194573542137
101,196,0.8747559460365462
101,197,0.8767598508999616
101,198,0.8787316932855622
101,199,0.8347951086212839
101,200,0.8374383868833435
102,1,0.5063200000000001
102,2,0.5130428800000001
102,3,0.5200109939199999
102,4,0.5271145780172798
102,5,0.5342773767690033
102,6,0.5414465811406992
102,7,0.5485857855224482
102,8,0.5556700577300889
102,9,0.5626824881496078
102,10,0.5696117742794538
102,11,0.5764505300491506
102,12,0.5831941024790818
102,13,0.5898397434769188
102,14,0.5963860302275398
102,15,0.6028324595962752
102,16,0.6091791643393981
102,17,0.6154267145776321
102,18,0.621575978951755
102,19,0.6276280275536823
102,20,0.6335840640984324
102,21,0.6394453785627835
102,22,0.6074731096346445
102,23,0.6137526015234385
102,24,0.619931903049127
102,25,0.626012532805386
102,26,0.6319960104240309
102,27,0.6378838489577184
102,28,0.6436775496647251
102,29,0.6493785984733209
102,30,0.6549884636200095
102,31,0.6605085941076727
102,32,0.6659404187358581
102,33,0.6712853455298203
102,34,0.6765447614469583
102,35,0.6817200322757374
102,36,0.6868125026676767
102,37,0.6918234962608398
102,38,0.6967543158657585
102,39,0.7016062436934709
102,40,0.7063805416114703
102,41,0.7110784514176538
102,42,0.7157011951253478
102,43,0.7202499752546061
102,44,0.7247259751264167
102,45,0.7291303591575133
102,46,0.7334642731541765
102,47,0.737728844603938
102,48,0.741925182964435
102,49,0.746054379948916
102,50,0.7501175098080715
102,51,0.7541156296079793
102,52,0.7580497795040375
102,53,0.7619209830108228
102,54,0.7657302472678447
102,55,0.7694785633011956
102,56,0.7731669062811223
102,57,0.776796235775546
102,58,0.7803674959995825
102,59,0.7838816160611011
102,60,0.7873395102023814
102,61,0.7907420780379242
102,62,0.7940902047884638
102,63,0.797384761511251
102,64,0.8006266053266525
102,65,0.8038165796411333
102,66,0.8069555143666702
102,67,0.8100442261366603
102,68,0.8130835185183732
102,69,0.8160741822220089
102,70,0.7752704731109084
102,71,0.7788661455410846
102,72,0.7824042872123933
102,73,0.7858858186169706
102,74,0.7893116455190821
102,75,0.7926826591907651
102,76,0.7530485262312269
102,77,0.7569997498115187
102,78,0.7608877538145289
102,79,0.7647135497534924
102,80,0.7684781329574335
102,81,0.7721824828301126
102,82,0.7758275631048295
102,83,0.7794143220951512
102,84,0.7829436929416282
102,85,0.7864165938545614
102,86,0.7898339283528881
102,87,0.7931965854992418
102,88,0.7965054401312537
102,89,0.7997613530891534
102,90,0.802965171439727
102,91,0.8061177286966913
102,92,0.8092198450375442
102,93,0.8122723275169434
102,94,0.8152759702766724
102,95,0.8182315547522455
102,96,0.8211398498762096
102,97,0.8240016122781902
102,98,0.8268175864817392
102,99,0.8295885050980315
102,100,0.8323150890164628
102,101,0.8349980475921995
102,102,0.8376380788307245
102,103,0.8402358695694329
102,104,0.8427920956563218
102,105,0.8453074221258208
102,106,0.8477825033718075
102,107,0.8502179833178586
102,108,0.8526144955847729
102,109,0.8099837708055342
102,110,0.8130240304726456
102,111,0.8160156459850831
102,112,0.8189593956493221
102,113,0.8218560453189327
102,114,0.82470634859383
102,115,0.8275110470163286
102,116,0.8302708702640673
102,117,0.8329865363398422
102,118,0.835658751758405
102,119,0.8382882117302705
102,120,0.7963738011437568
102,121,0.7996318203254568
102,122,0.8028377112002494
102,123,0.8059923078210453
102,124,0.8090964308959088
102,125,0.8121508880015741
102,126,0.8151564737935489
102,127,0.8181139702128523
102,128,0.8210241466894465
102,129,0.8238877603424154
102,130,0.8267055561769366
102,131,0.8294782672781057
102,132,0.8322066150016563
102,133,0.8348913091616298
102,134,0.8375330482150435
102,135,0.840132519443603
102,136,0.8426903991325052
102,137,0.845207352746385
102,138,0.8476840351024431
102,139,0.8501210905408036
102,140,0.8525191530921509
102,141,0.8548788466426765
102,142,0.8572007850963936
102,143,0.8594855725348515
102,144,0.8617338033742937
102,145,0.8639460625203051
102,146,0.8661229255199803
102,147,0.8682649587116605
102,148,0.870372719372274
102,149,0.8724467558623175
102,150,0.8744876077685205
102,151,0.8764958060442242
102,152,0.8784718731475166
102,153,0.8804163231771562
102,154,0.8823296620063218
102,155,0.8842123874142207
102,156,0.886064989215593
102,157,0.8878879493881436
102,158,0.8896817421979332
102,159,0.8914468343227664
102,160,0.8931836849736022
102,161,0.8948927460140247
102,162,0.8965744620778002
102,163,0.8982292706845554
102,164,0.8998576023536022
102,165,0.9014598807159446
102,166,0.9030365226244896
102,167,0.9045879382624978
102,168,0.906114531250298
102,169,0.8608088046877829
102,170,0.8630358638127783
102,171,0.865227289991774
102,172,0.8673836533519055
102,173,0.869505514898275
102,174,0.8715934266599026
102,175,0.8736479318333441
102,176,0.8756695649240106
102,177,0.8776588518852263
102,178,0.8796163102550627
102,179,0.881542449290982
102,180,0.883437770102326
102,181,0.8853027657806887
102,182,0.8871379215281976
102,183,0.8889437147837466
102,184,0.8907206153472066
102,185,0.8924690855016515
102,186,0.8941895801336248
102,187,0.8958825468514867
102,188,0.8975484261018633
102,189,0.8991876512842334
102,190,0.9008006488636857
102,191,0.9023878384818668
102,192,0.903949633066157
102,193,0.9054864389370986
102,194,0.9069986559141048
102,195,0.908486677419479
102,196,0.9099508905807673
102,197,0.9113916763314751
102,198,0.9128094095101714
102,199,0.9142044589580086
102,200,0.9155771876146807
103,1,0.5063200000000001
103,2,0.5130428800000001
103,3,0.5200109939199999
103,4,0.5271145780172798
103,5,0.5342773767690033
103,6,0.5414465811406992
103,7,0.5485857855224482
103,8,0.5556700577300889
103,9,0.5626824881496078
103,10,0.5696117742794538
103,11,0.5764505300491506
103,12,0.5831941024790818
103,13,0.5898397434769188
103,14,0.5963860302275398
103,15,0.6028324595962752
103,16,0.5726908366164614
103,17,0.5795198073272612
103,18,0.5862419072776893
103,19,0.5928581285686114
103,20,0.599369662776669
103,21,0.6057778331578514
103,22,0.6120840473172519
103,23,0.6182897642031242
103,24,0.6243964711259378
103,25,0.6304056677929675
103,26,0.6363188552518115
103,27,0.6421375282682542
103,28,0.6478631701062926
103,29,0.6534972489878228
103,30,0.6590412157262796
103,31,0.6644965021802423
103,32,0.6698645202792669
103,33,0.6751466614485344
103,34,0.6803442963109727
103,35,0.6854587745819278
103,36,0.6904914250969684
103,37,0.6954435559312627
103,38,0.7003164545814545
103,39,0.7051113881897157
103,40,0.6698558187802299
103,41,0.6751381234968415
103,42,0.6803359119928588
103,43,0.6854505363313497
103,44,0.6904833270013115
103,45,0.6954355932451752
103,46,0.7003086233863715
103,47,0.705103685155373
103,48,0.7098220260131154
103,49,0.7144648734710655
103,50,0.7190334354074401
103,51,0.7235289003792594
103,52,0.7279524379300283
103,53,0.7323051988929337
103,54,0.7365883156894968
103,55,0.7408029026236598
103,56,0.7449500561713177
103,57,0.7490308552653223
103,58,0.7530463615759989
103,59,0.7569976197872281
103,60,0.7608856578681442
103,61,0.7647114873405123
103,62,0.7684761035418448
103,63,0.7721804858843218
103,64,0.7335714615901058
103,65,0.7378343182040666
103,66,0.7420289691123831
103,67,0.7461565056062922
103,68,0.7502180015163868
103,69,0.7127071014405675
103,70,0.6770717463685388
103,71,0.682238598426499
103,72,0.6873227808515743
103,73,0.692325616357879
103,74,0.6972484064961039
103,75,0.6623859861712984
103,76,0.6677878103925233
103,77,0.6731032054262189
103,78,0.6783335541393823
103,79,0.6834802172731406
103,80,0.6885445337967618
103,81,0.693527821256008
103,82,0.6984313761159077
103,83,0.7032564740980505
103,84,0.7080043705124796
103,85,0.7126763005842782
103,86,0.717273479774929
103,87,0.7217971040985293
103,88,0.6857072488936029
103,89,0.690735932911305
103,90,0.6956841579847236
103,91,0.7005532114569675
103,92,0.7053443600736561
103,93,0.7100588503124776
103,94,0.7146979087074777
103,95,0.719262742168158
103,96,0.7237545382934675
103,97,0.7281744656807718
103,98,0.7325236742298796
103,99,0.7368032954422017
103,100,0.7410144427151264
103,101,0.7451582116316844
103,102,0.7492356802455775
103,103,0.753247909361648
103,104,0.7571959428118619
103,105,0.761080807726872
103,106,0.764903514803242
103,107,0.76866505856639
103,108,0.772366417629328
103,109,0.7760085549472586
103,110,0.7795924180681024
103,111,0.783118939379013
103,112,0.7865890363489486
103,113,0.7900036117673657
103,114,0.7933635539790878
103,115,0.7966697371154223
103,116,0.7999230213215756
103,117,0.8031242529804302
103,118,0.8062742649327432
103,119,0.8093738766938194
103,120,0.8124238946667186
103,121,0.815425112352051
103,122,0.8183783105544181
103,123,0.8212842575855476
103,124,0.8241437094641787
103,125,0.8269574101127517
103,126,0.8297260915509478
103,127,0.8324504740861325
103,128,0.8351312665007546
103,129,0.8377691662367426
103,130,0.8403648595769546
103,131,0.8429190218237232
103,132,0.8454323174745438
103,133,0.8479054003949511
103,134,0.8503389139886319
103,135,0.8527334913648138
103,136,0.8550897555029768
103,137,0.8574083194149292
103,138,0.8596897863042903
103,139,0.8619347497234215
103,140,0.864143793727847
103,141,0.8663174930282015
103,142,0.8684564131397503
103,143,0.8705611105295145
103,144,0.8726321327610421
103,145,0.8746700186368657
103,146,0.8766752983386755
103,147,0.8786484935652569
103,148,0.8805901176682127
103,149,0.8825006757855214
103,150,0.884380664972953
103,151,0.8862305743333858
103,152,0.8880508851440515
103,153,0.8898420709817467
103,154,0.8916045978460388
103,155,0.8933389242805022
103,156,0.8950455014920141
103,157,0.8967247734681422
103,158,0.8518885347947348
103,159,0.8542583182380191
103,160,0.8565901851462107
103,161,0.8588847421838712
103,162,0.8611425863089293
103,163,0.8633643049279864
103,164,0.8655504760491389
103,165,0.8677016684323527
103,166,0.8698184417374349
103,167,0.871901346669636
103,168,0.8739509251229218
103,169,0.8759677103209551
103,170,0.8779522269558198
103,171,0.8799049913245266
103,172,0.8818265114633344
103,173,0.8837172872799209
103,174,0.8855778106834423
103,175,0.8874085657125071
103,176,0.889210028661107
103,177,0.8909826682025292
103,178,0.8927269455112887
103,179,0.8944433143831081
103,180,0.8961322213529783
103,181,0.8977941058113309
103,182,0.8994294001183494
103,183,0.9010385297164557
103,184,0.9026219132409924
103,185,0.9041799626291367
103,186,0.9057130832270704
103,187,0.9072216738954374
103,188,0.9087061271131102
103,189,0.8632708207574546
103,190,0.8654584876253356
103,191,0.8676111518233303
103,192,0.8697293733941571
103,193,0.8718137034198504
103,194,0.873864684165133
103,195,0.8758828492184907
103,196,0.8778687236309949
103,197,0.879822824052899
103,198,0.8817456588680527
103,199,0.8836377283261638
103,200,0.8854995246729451
104,1,0.5063200000000001
104,2,0.5130428800000001
104,3,0.5200109939199999
104,4,0.5271145780172798
104,5,0.5342773767690033
104,6,0.5414465811406992
104,7,0.5485857855224482
104,8,0.5556700577300889
104,9,0.5626824881496078
104,10,0.5696117742794538
104,11,0.5764505300491506
104,12,0.547628003546693
104,13,0.5548327364006637
104,14,0.5619321592557555
104,15,0.568924967353915
104,16,0.5758107737286283
104,17,0.5825898254456338
104,18,0.5892628051061679
104,19,0.5958306920318341
104,20,0.6022946652244803
104,21,0.6086560355664974
104,22,0.6149161984873595
104,23,0.62107660095451
104,24,0.6271387184893018
104,25,0.6331040391985175
104,26,0.6389740527148724
104,27,0.6447502425719064
104,28,0.6504340809810862
104,29,0.6560270252886202
104,30,0.6615305156062641
104,31,0.6669459732621469
104,32,0.6722747998238608
104,33,0.6386610598326679
104,34,0.644442456369081
104,35,0.6501313585127908
104,36,0.6557292437885167
104,37,0.6612375667962518
104,38,0.6666577593633575
104,39,0.6719912307586359
104,40,0.6772393679480622
104,41,0.6824035358779883
104,42,0.6874850777759073
104,43,0.6924853154618694
104,44,0.6974055496657432
104,45,0.7022470603469757
104,46,0.7070111070145433
104,47,0.7116989290454943
104,48,0.7163117460009947
104,49,0.7208507579391388
104,50,0.7253171457240242
104,51,0.7297120713307783
104,52,0.7340366781463226
104,53,0.7382920912657672
104,54,0.7424794177843649
104,55,0.7465997470850102
104,56,0.7506541511212865
104,57,0.7546436846960914
104,58,0.758569385735876
104,59,0.7624322755605472
104,60,0.7662333591490903
104,61,0.769973625400963
104,62,0.7736540473933284
104,63,0.7772755826341816
104,64,0.780839173311437
104,65,0.7843457465380361
104,66,0.7877962145931345
104,67,0.7911914751594396
104,68,0.7516319014014673
104,69,0.7556057909789006
104,70,0.7595160983231376
104,71,0.763363840749897
104,72,0.7671500192978497
104,73,0.7708756189890498
104,74,0.7745416090852009
104,75,0.7781489433398205
104,76,0.7816985602463717
104,77,0.7851913832824214
104,78,0.7886283211498968
104,79,0.7920102680114944
104,80,0.7953381037233076
104,81,0.7986126940637327
104,82,0.8018348909587113
104,83,0.805005532703371
104,84,0.8081254441801166
104,85,0.8111954370732342
104,86,0.8142163100800623
104,87,0.7735054945760589
104,88,0.7771294066628419
104,89,0.7806953361562362
104,90,0.784204210777736
104,91,0.7876569434052921
104,92,0.7910544323108073
104,93,0.7943975613938344
104,94,0.797687200411533
104,95,0.8009242052049486
104,96,0.8041094179216695
104,97,0.8072436672349227
104,98,0.8103277685591639
104,99,0.8133625242622171
104,100,0.8163487238740219
104,101,0.8192871442920374
104,102,0.8221785499833649
104,103,0.825023693183631
104,104,0.827823314092693
104,105,0.8305781410672098
104,106,0.8332888908101344
104,107,0.8359562685571722
104,108,0.8385809682602575
104,109,0.8411636727680933
104,110,0.8437050540038038
104,111,0.8462057731397431
104,112,0.8486664807695071
104,113,0.8510878170771953
104,114,0.8085334262233352
104,115,0.8115968914037619
104,116,0.8146113411413017
104,117,0.817577559683041
104,118,0.8204963187281124
104,119,0.8233683776284625
104,120,0.8261944835864072
104,121,0.8289753718490246
104,122,0.8317117658994404
104,123,0.8344043776450493
104,124,0.8370539076027285
104,125,0.8396610450810849
104,126,0.8422264683597873
104,127,0.844750844866031
104,128,0.8472348313481743
104,129,0.8496790740466038
104,130,0.8520842088618579
104,131,0.8544508615200682
104,132,0.8567796477357472
104,133,0.8590711733719752
104,134,0.8613260345980235
104,135,0.8635448180444552
104,136,0.8657281009557438
104,137,0.867876451340452
104,138,0.8699904281190047
104,139,0.8720705812691006
104,140,0.8284670522056455
104,141,0.8312115793703553
104,142,0.8339121941004295
104,143,0.8365695989948227
104,144,0.8391844854109054
104,145,0.8417575336443311
104,146,0.8442894131060218
104,147,0.8467807824963256
104,148,0.8492322899763843
104,149,0.8516445733367621
104,150,0.854018260163374
104,151,0.8563539680007601
104,152,0.8586523045127479
104,153,0.8609138676405438
104,154,0.8631392457582951
104,155,0.8653290178261624
104,156,0.8674837535409438
104,157,0.8696040134842885
104,158,0.87169034926854
104,159,0.8737433036802434
104,160,0.8757634108213596
104,161,0.877751196248218
104,162,0.8338636364358069
104,163,0.836521818252834
104,164,0.8391374691607888
104,165,0.841711269654216
104,166,0.8442438893397485
104,167,0.8467359871103127
104,168,0.8491882113165478
104,169,0.8516011999354831
104,170,0.8539755807365152
104,171,0.856311971444731
104,172,0.8586109799016153
104,173,0.8608732042231895
104,174,0.8630992329556186
104,175,0.8652896452283286
104,176,0.8674450109046752
104,177,0.8695658907302006
104,178,0.8716528364785173
104,179,0.873706391094861
104,180,0.8757270888373434
104,181,0.8777154554159458
104,182,0.8796720081292906
104,183,0.8815972559992218
104,184,0.8834916999032345
104,185,0.8853558327047827
104,186,0.8871901393815061
104,187,0.8889950971514018
104,188,0.8907711755969796
104,189,0.8925188367874279
104,190,0.8942385353988292
104,191,0.895930718832448
104,192,0.8975958273311285
104,193,0.8992342940938306
104,194,0.9008465453883294
104,195,0.9024330006621163
104,196,0.9039940726515223
104,197,0.9055301674890979
104,198,0.9070416848092723
104,199,0.908529017852324
104,200,0.909992553566687
105,1,0.5063200000000001
105,2,0.5130428800000001
105,3,0.5200109939199999
105,4,0.5271145780172798
105,5,0.5342773767690033
105,6,0.5414465811406992
105,7,0.5485857855224482
105,8,0.5211564962463257
105,9,0.5286796370823847
105,10,0.5361239142322665
105,11,0.5434781375447902
105,12,0.5507350315022418
105,13,0.5578900519089235
105,14,0.5649405577158828
105,15,0.5718852314386803
105,16,0.5787236735880376
105,17,0.5854561189072923
105,18,0.5920832378724402
105,19,0.5986059978738463
105,20,0.6050255661730202
105,21,0.6113432420998605
105,22,0.617560409716189
105,23,0.6236785048036781
105,24,0.6296989918768829
105,25,0.6356233482118976
105,26,0.6414530527840386
105,27,0.6471895786399657
105,28,0.6528343876720567
105,29,0.6583889270725349
105,30,0.6638546269616363
105,31,0.6692328988358334
105,32,0.6745251345883683
105,33,0.6797327059286904
105,34,0.6848569640794462
105,35,0.6898992396661058
105,36,0.6948608427397994
105,37,0.6997430628918085
105,38,0.7045471694306314
105,39,0.7092744116013061
105,40,0.7139260188327802
105,41,0.7185032010034224
105,42,0.7230071487177444
105,43,0.7274390335895241
105,44,0.7318000085279762
105,45,0.7360912080246479
105,46,0.7403137484394369
105,47,0.7444687282846342
105,48,0.74855722850624
105,49,0.7525803127620523
105,50,0.7565390276961976
105,51,0.7604344032098954
105,52,0.7642674527283227
105,53,0.7680391734635195
105,54,0.7717505466732982
105,55,0.7754025379161622
105,56,0.7789960973022491
105,57,0.7825321597403349
105,58,0.7860116451809349
105,59,0.7894354588555518
105,60,0.7928044915121213
105,61,0.796119619646708
105,62,0.7993817057315071
105,63,0.8025915984392056
105,64,0.8057501328637601
105,65,0.808858130737647
105,66,0.8119164006456397
105,67,0.8149257382351662
105,68,0.8178869264233029
105,69,0.776992580102138
105,70,0.7805606988204334
105,71,0.7840717276392575
105,72,0.7875265799969946
105,73,0.7909261547170187
105,74,0.7942713362415293
105,75,0.7975629948616533
105,76,0.8008019869438584
105,77,0.8039891551527509
105,78,0.8071253286703028
105,79,0.8102113234115752
105,80,0.8132479422369879
105,81,0.8162359751611948
105,82,0.8191761995586149
105,83,0.8220693803656761
105,84,0.8249162702798248
105,85,0.8277176099553472
105,86,0.8304741281960617
105,87,0.8331865421449243
105,88,0.8358555574706055
105,89,0.8384818685510756
105,90,0.841066158654258
105,91,0.8436091001157902
105,92,0.8461113545139375
105,93,0.8485735728417148
105,94,0.8509963956762471
105,95,0.8533804533454271
105,96,0.8557263660919003
105,97,0.8580347442344299
105,98,0.8603061883266789
105,99,0.8625412893134522
105,100,0.864740628684437
105,101,0.866904778625486
105,102,0.8690343021674781
105,103,0.8711297533327986
105,104,0.873191677279474
105,105,0.8752206104430021
105,106,0.8772170806759142
105,107,0.8791816073850995
105,108,0.8811147016669378
105,109,0.883016866440267
105,110,0.8848885965772227
105,111,0.8867303790319869
105,112,0.8885426929674752
105,113,0.8903260098799957
105,114,0.892080793721916
105,115,0.8938075010223651
105,116,0.8955065810060072
105,117,0.897178475709911
105,118,0.8988236200985525
105,119,0.9004424421769753
105,120,0.9020353631021439
105,121,0.9036027972925098
105,122,0.9051451525358296
105,123,0.9066628300952562
105,124,0.908156224813732
105,125,0.9096257252167124
105,126,0.9110717136132452
105,127,0.9124945661954331
105,128,0.9138946531363062
105,129,0.9152723386861255
105,130,0.9166279812671473
105,131,0.917961933566873
105,132,0.9192745426298032
105,133,0.9205661499477259
105,134,0.9218370915485625
105,135,0.9230876980837858
105,136,0.9243182949144451
105,137,0.9255292021958139
105,138,0.9267207349606809
105,139,0.9278932032013099
105,140,0.9290469119500889
105,141,0.9301821613588878
105,142,0.9312992467771452
105,143,0.9323984588287111
105,144,0.9334800834874517
105,145,0.9345444021516525
105,146,0.9355916917172259
105,147,0.9366222246497504
105,148,0.9376362690553544
105,149,0.9386340887504689
105,150,0.9396159433304614
105,151,0.940582088237174
105,152,0.9415327748253791
105,153,0.9424682504281732
105,154,0.9433887584213221
105,155,0.9442945382865812
105,156,0.9451858256739959
105,157,0.9460628524632118
105,158,0.8987597098400512
105,159,0.9003795544826106
105,160,0.9019734816108886
105,161,0.9035419059051145
105,162,0.9050852354106326
105,163,0.9066038716440625
105,164,0.9080982096977577
105,165,0.9095686383425937
105,166,0.911015540129112
105,167,0.9124392914870463
105,168,0.9138402628232536
105,169,0.9152188186180815
105,170,0.916575317520192
105,171,0.9179101124398692
105,172,0.9192235506408309
105,173,0.9205159738305777
105,174,0.9217877182492884
105,175,0.9230391147573002
105,176,0.9242704889211832
105,177,0.9254821610984442
105,178,0.9266744465208692
105,179,0.9278476553765351
105,180,0.9290020928905106
105,181,0.9301380594042626
105,182,0.9312558504537943
105,183,0.9323557568465335
105,184,0.9334380647369891
105,185,0.9345030557011971
105,186,0.9355510068099779
105,187,0.8887734564694793
105,188,0.8905530811659675
105,189,0.8923042318673119
105,190,0.8940273641574349
105,191,0.8957229263309159
105,192,0.8973913595096216
105,193,0.8990330977574674
105,194,0.9006485681933478
105,195,0.8556161397836805
105,196,0.8579262815471415
105,197,0.8601994610423874
105,198,0.8624362696657091
105,199,0.8646372893510577
105,200,0.8668030927214408
106,1,0.4749999999999999
106,2,0.48171999999999987
106,3,0.48883647999999996
106,4,0.49619189631999977
106,5,0.5036765859788799
106,6,0.5112143926032179
106,7,0.5187526047215663
106,8,0.5262549127260211
106,9,0.5336964788984048
106,10,0.5410604865792303
106,11,0.5483357247342028
106,12,0.5555148972966235
106,13,0.562593439850595
106,14,0.569568691450488
106,15,0.5410902568779634
106,16,0.5484165354141677
106,17,0.5556304766999173
106,18,0.5278489528649214
106,19,0.5353953937157458
106,20,0.5428234842839583
106,21,0.5501344003427798
106,22,0.5573295142024508
106,23,0.5644103269608204
106,24,0.5713784212193735
106,25,0.5782354281228117
106,26,0.5849830044229107
106,27,0.5916228165571888
106,28,0.598156529635805
106,29,0.604585799862104
106,30,0.6109122693546407
106,31,0.6171375626481976
106,32,0.6232632843680882
106,33,0.629291017723782
106,34,0.63522232357411
106,35,0.64105873989066
106,36,0.6468017814980243
106,37,0.6524529400059864
106,38,0.6580136838742419
106,39,0.6634854585681003
106,40,0.6688696867761028
106,41,0.6354262024372976
106,42,0.6412593800798654
106,43,0.6469992278156824
106,44,0.6526472386425983
106,45,0.6582048817546934
106,46,0.6636736028978818
106,47,0.6690548247274003
106,48,0.6743499471648811
106,49,0.6795603477534264
106,50,0.6846873820095999
106,51,0.6504530129091199
106,52,0.6560457645767338
106,53,0.6615490322554182
106,54,0.6669642476776698
106,55,0.672292819671664
106,56,0.6775361345267029
106,57,0.6826955563531258
106,58,0.687772427436671
106,59,0.6927680685873205
106,60,0.6976837794826694
106,61,0.7025208390058684
106,62,0.7072805055782198
106,63,0.7119640174864799
106,64,0.7165725932049545
106,65,0.7211074317124558
106,66,0.7255697128042031
106,67,0.7299605973987384
106,68,0.7342812278399402
106,69,0.7385327281942085
106,70,0.7427162045428963
106,71,0.7468327452700667
106,72,0.7508834213456449
106,73,0.7548692866040445
106,74,0.7587913780183304
106,75,0.7626507159700027
106,76,0.7664483045144587
106,77,0.7701851316422104
106,78,0.7738621695359231
106,79,0.7774803748233403
106,80,0.781040688826161
106,81,0.7845440378049382
106,82,0.7879913332000562
106,83,0.7913834718688533
106,84,0.7947213363189503
106,85,0.7549852695030027
106,86,0.7589055051909538
106,87,0.7627630171078976
106,88,0.7665588088341709
106,89,0.7702938678928237
106,90,0.7739691660065382
106,91,0.7775856593504337
106,92,0.7811442888008264
106,93,0.7846459801800132
106,94,0.7880916444971329
106,95,0.7914821781851787
106,96,0.794818463334216
106,97,0.7981013679208684
106,98,0.8013317460341346
106,99,0.8045104380975886
106,100,0.8076382710880271
106,101,0.8107160587506186
106,102,0.8137446018106088
106,103,0.8167246881816391
106,104,0.819657093170733
106,105,0.822542579680001
106,106,0.8253818984051211
106,107,0.8281757880306392
106,108,0.786766998629107
106,109,0.7901787266510413
106,110,0.7935358670246248
106,111,0.796839293152231
106,112,0.800089864461795
106,113,0.8032884266304062
106,114,0.8064358118043199
106,115,0.8095328388154506
106,116,0.8125803133944037
106,117,0.8155790283800931
106,118,0.8185297639260117
106,119,0.8214332877031956
106,120,0.8242903550999443
106,121,0.8271017094183453
106,122,0.8298680820676518
106,123,0.8325901927545691
106,124,0.8352687496704961
106,125,0.8379044496757683
106,126,0.8404979784809559
106,127,0.8430500108252605
106,128,0.8455612106520564
106,129,0.8480322312816234
106,130,0.8504637155811174
106,131,0.8528562961318193
106,132,0.8552105953937105
106,133,0.8575272258674111
106,134,0.8598067902535325
106,135,0.8620498816094762
106,136,0.8642570835037244
106,137,0.8664289701676647
106,138,0.8685661066449823
106,139,0.8251378013127331
106,140,0.8279355964917293
106,141,0.8306886269478616
106,142,0.8333976089166958
106,143,0.8360632471740287
106,144,0.8386862352192443
106,145,0.8412672554557364
106,146,0.8438069793684445
106,147,0.8463060676985494
106,148,0.8487651706153725
106,149,0.8511849278855268
106,150,0.8535659690393583
106,151,0.8559089135347285
106,152,0.8582143709181729
106,153,0.8604829409834821
106,154,0.8627152139277465
106,155,0.8649117705049024
106,156,0.8670731821768239
106,157,0.8692000112619948
106,158,0.8712928110818027
106,159,0.873352126104494
106,160,0.8753784920868221
106,161,0.877372436213433
106,162,0.8335038144027612
106,163,0.8361677533723171
106,164,0.83878906931836
106,165,0.8413684442092663
106,166,0.8439065491019179
106,167,0.8017112216468222
106,168,0.8048838421004729
106,169,0.8080057006268653
106,170,0.8110776094168356
106,171,0.7705237289459937
106,172,0.7741953492828577
106,173,0.7778082236943321
106,174,0.7813632921152228
106,175,0.7848614794413791
106,176,0.7883036957703171
106,177,0.791690836637992
106,178,0.7950237832517841
106,179,0.7983034027197555
106,180,0.8015305482762397
106,181,0.8047060595038198
106,182,0.7644707565286288
106,183,0.7682392244241708
106,184,0.7719473968333841
106,185,0.7755962384840499
106,186,0.7791866986683049
106,187,0.7827197114896122
106,188,0.7861961961057785
106,189,0.7896170569680858
106,190,0.7929831840565966
106,191,0.7962954531116909
106,192,0.799554725861904
106,193,0.8027618502481134
106,194,0.8059176606441435
106,195,0.8090229780738373
106,196,0.8120786104246559
106,197,0.8150853526578615
106,198,0.8180439870153358
106,199,0.8209552832230903
106,200,0.8238199986915209
107,1,0.5063200000000001
107,2,0.5130428800000001
107,3,0.5200109939199999
107,4,0.5271145780172798
107,5,0.5342773767690033
107,6,0.5414465811406992
107,7,0.5485857855224482
107,8,0.5211564962463257
107,9,0.5286796370823847
107,10,0.5361239142322665
107,11,0.5434781375447902
107,12,0.5507350315022418
107,13,0.5578900519089235
107,14,0.5649405577158828
107,15,0.5718852314386803
107,16,0.5787236735880376
107,17,0.5854561189072923
107,18,0.5920832378724402
107,19,0.5986059978738463
107,20,0.6050255661730202
107,21,0.6113432420998605
107,22,0.617560409716189
107,23,0.6236785048036781
107,24,0.6296989918768829
107,25,0.6356233482118976
107,26,0.6414530527840386
107,27,0.6471895786399657
107,28,0.6528343876720567
107,29,0.6583889270725349
107,30,0.6638546269616363
107,31,0.6692328988358334
107,32,0.6745251345883683
107,33,0.6797327059286904
107,34,0.6848569640794462
107,35,0.6898992396661058
107,36,0.6948608427397994
107,37,0.6997430628918085
107,38,0.7045471694306314
107,39,0.7092744116013061
107,40,0.7139260188327802
107,41,0.7185032010034224
107,42,0.7230071487177444
107,43,0.7274390335895241
107,44,0.6910670819100476
107,45,0.6960100080753714
107,46,0.7008738475792847
107,47,0.7056598657611998
107,48,0.7103693077292487
107,49,0.7150033986797408
107,50,0.7195633442127767
107,51,0.7240503306437105
107,52,0.7284655253102483
107,53,0.73281007687507
107,54,0.7370851156239191
107,55,0.7412917537591314
107,56,0.7454310856886218
107,57,0.7495041883103493
107,58,0.7535121212923055
107,59,0.757455927348074
107,60,0.7613366325080164
107,61,0.7651552463861465
107,62,0.768912762442749
107,63,0.7726101582428113
107,64,0.776248395710329
107,65,0.7798284213785452
107,66,0.7833511666361959
107,67,0.7868175479698116
107,68,0.7902284672021513
107,69,0.7935848117268165
107,70,0.7968874547391172
107,71,0.8001372554632422
107,72,0.8033350593757959
107,73,0.8064816984257591
107,74,0.8095779912509299
107,75,0.7690990916883835
107,76,0.7727935062213576
107,77,0.7341538309102894
107,78,0.7384073696157165
107,79,0.7425928517018593
107,80,0.7467113660746255
107,81,0.7507639842174285
107,82,0.7547517604699475
107,83,0.758675732302427
107,84,0.7625369205855872
107,85,0.7663363298562172
107,86,0.7700749485785174
107,87,0.7737537494012605
107,88,0.7773736894108403
107,89,0.7809357103802665
107,90,0.7844407390141825
107,91,0.7878896871899552
107,92,0.7912834521949159
107,93,0.7946229169597973
107,94,0.7979089502884407
107,95,0.8011424070838254
107,96,0.8043241285704845
107,97,0.8074549425133565
107,98,0.8105356634331429
107,99,0.8135670928182126
107,100,0.8165500193331212
107,101,0.775722518366465
107,102,0.7793109580726016
107,103,0.7403454101689716
107,104,0.7444998836062681
107,105,0.7485878854685678
107,106,0.7526104793010706
107,107,0.7565687116322535
107,108,0.7604636122461376
107,109,0.7642961944501994
107,110,0.7680674553389963
107,111,0.771778376053572
107,112,0.7754299220367149
107,113,0.7790230432841274
107,114,0.7825586745915813
107,115,0.7860377357981162
107,116,0.7894611320253463
107,117,0.7928297539129406
107,118,0.7961444778503337
107,119,0.7994061662047283
107,120,0.8026156675454528
107,121,0.8057738168647255
107,122,0.8088814357948898
107,123,0.8119393328221717
107,124,0.8149483034970169
107,125,0.8179091306410647
107,126,0.8208225845508077
107,127,0.8236894231979945
107,128,0.8265103924268267
107,129,0.8292862261479976
107,130,0.8320176465296297
107,131,0.8347053641851556
107,132,0.837350078358193
107,133,0.8399524771044617
107,134,0.7979548532492389
107,135,0.7580571105867767
107,136,0.7619281968173884
107,137,0.7657373456683101
107,138,0.7694855481376172
107,139,0.7731737793674153
107,140,0.7768029988975369
107,141,0.7803741509151761
107,142,0.7838881645005334
107,143,0.787345953868525
107,144,0.7907484186066286
107,145,0.7940964439089223
107,146,0.7973909008063795
107,147,0.8006326463934774
107,148,0.8038225240511819
107,149,0.8069613636663633
107,150,0.8100499818477014
107,151,0.8130891821381383
107,152,0.7724347230312313
107,153,0.7760757674627315
107,154,0.7796585551833278
107,155,0.7831840183003945
107,156,0.7866530740075883
107,157,0.7900666248234669
107,158,0.7934255588262913
107,159,0.7967307498850709
107,160,0.7999830578869094
107,161,0.8031833289607191
107,162,0.8063323956973475
107,163,0.8094310773661899
107,164,0.812480180128331
107,165,0.8154804972462776
107,166,0.8184328092903371
107,167,0.8213378843416917
107,168,0.8241964781922245
107,169,0.8270093345411491
107,170,0.8297771851884906
107,171,0.8325007502254748
107,172,0.8351807382218672
107,173,0.8378178464103172
107,174,0.8404127608677522
107,175,0.8429661566938684
107,176,0.8454786981867665
107,177,0.8479510390157781
107,178,0.8503838223915257
107,179,0.8527776812332611
107,180,0.855133238333529
107,181,0.8574511065201925
107,182,0.8597318888158695
107,183,0.8619761785948157
107,184,0.8641845597372987
107,185,0.8663576067815019
107,186,0.8230397264424265
107,187,0.8258710908193478
107,188,0.8286571533662382
107,189,0.8313986389123785
107,190,0.8340962606897803
107,191,0.8367507205187439
107,192,0.839362708990444
107,193,0.841932905646597
107,194,0.7998362603642668
107,195,0.8030388801984387
107,196,0.8061902581152636
107,197,0.8092912139854194
107,198,0.8123425545616525
107,199,0.8153450736886662
107,200,0.8182995525096473
108,1,0.5063200000000001
108,2,0.4810040000000001
108,3,0.488131936
108,4,0.495498625024
108,5,0.502994407023616
108,6,0.510543128511238
108,7,0.5180920808550583
108,8,0.5256049572413773
108,9,0.5330569227015154
108,10,0.5404311632814911
108,11,0.5477164706092272
108,12,0.5549055512376475
108,13,0.561993843328563
108,14,0.5689786884728083
108,15,0.5405297540491677
108,16,0.5478650006306328
108,17,0.5550877664729188
108,18,0.5621983863060153
108,19,0.5691976289927835
108,20,0.576086558736264
108,21,0.5828664380616393
108,22,0.5895386600382617
108,23,0.5961047009675758
108,24,0.602566087395043
108,25,0.6089243731467862
108,26,0.6151811233814822
108,27,0.6213379035509096
108,28,0.6273962717945669
108,29,0.6333577737361844
108,30,0.6392239389596365
108,31,0.6072627420116545
108,32,0.5768996049110717
108,33,0.5836691339547566
108,34,0.5903303737170638
108,35,0.596885049871499
108,36,0.6033348625672907
108,37,0.6096814862118294
108,38,0.6159265694443705
108,39,0.6220717352416119
108,40,0.6281185811135919
108,41,0.6340686793608667
108,42,0.6399235773726574
108,43,0.6456847979517898
108,44,0.6513538396565279
108,45,0.6569321771524003
108,46,0.6624212615692253
108,47,0.6678225208600022
108,48,0.6731373601593613
108,49,0.6783671621399952
108,50,0.6444488040329952
108,51,0.6501376229886957
108,52,0.6557354208950363
108,53,0.6612436540726276
108,54,0.6666637555458038
108,55,0.671997135413908
108,56,0.677245181217071
108,57,0.6824092582964483
108,58,0.6874907101489
108,59,0.6924908587761539
108,60,0.6974110050284812
108,61,0.7022524289429473
108,62,0.7070163900763053
108,63,0.7117041278325964
108,64,0.7163168617855329
108,65,0.7208557919957452
108,66,0.7253220993229595
108,67,0.7297169457331949
108,68,0.7340414746010456
108,69,0.738296811007136
108,70,0.742484062030817
108,71,0.7466043170381804
108,72,0.7506586479654691
108,73,0.7546481095979514
108,74,0.7585737398443351
108,75,0.762436560006791
108,76,0.7662375750466583
108,77,0.769977773845895
108,78,0.773658129464349
108,79,0.7772795993929108
108,80,0.7808431258026187
108,81,0.7843496357897728
108,82,0.7878000416171334
108,83,0.7911952409512573
108,84,0.7945361170960356
108,85,0.7978235392224982
108,86,0.8010583625949372
108,87,0.8042414287934181
108,88,0.8073735659327228
108,89,0.7670048876360869
108,90,0.7707328094339092
108,91,0.7744010844829663
108,92,0.7780106671312389
108,93,0.7815624964571389
108,94,0.7850574965138244
108,95,0.7884965765696033
108,96,0.7918806313444898
108,97,0.795210541242978
108,98,0.7984871725830903
108,99,0.8017113778217608
108,100,0.8048839957766127
108,101,0.8080058518441866
108,102,0.8110777582146798
108,103,0.8141005140832449
108,104,0.817074905857913
108,105,0.8200017073641865
108,106,0.8228816800463594
108,107,0.8257155731656176
108,108,0.828504123994968
108,109,0.8312480580110485
108,110,0.8339480890828718
108,111,0.8366049196575457
108,112,0.8392192409430249
108,113,0.8417917330879364
108,114,0.8443230653585296
108,115,0.8468138963127931
108,116,0.8492648739717883
108,117,0.8516766359882398
108,118,0.8090928041888276
108,119,0.8121473193218064
108,120,0.8151529622126577
108,121,0.818110514817255
108,122,0.8210207465801791
108,123,0.8238844146348961
108,124,0.8267022640007375
108,125,0.7853671508007009
108,126,0.7888012763878897
108,127,0.7921804559656833
108,128,0.7955055686702326
108,129,0.7987774795715088
108,130,0.8019970398983645
108,131,0.8051650872599907
108,132,0.808282445863831
108,133,0.8113499267300096
108,134,0.8143683279023295
108,135,0.8173384346558923
108,136,0.8202610197013979
108,137,0.8231368433861755
108,138,0.7819800012168668
108,139,0.785468321197397
108,140,0.7889008280582386
108,141,0.7922784148093066
108,142,0.7956019601723576
108,143,0.7988723288095999
108,144,0.8020903715486464
108,145,0.805256925603868
108,146,0.8083728147942061
108,147,0.8114388497574989
108,148,0.8144558281613788
108,149,0.817424534910797
108,150,0.8203457423522241
108,151,0.8232202104745886
108,152,0.8260486871069952
108,153,0.8288319081132831
108,154,0.8315705975834706
108,155,0.8342654680221353
108,156,0.8369172205337809
108,157,0.8395265450052405
108,158,0.8420941202851567
108,159,0.844620614360594
108,160,0.8471066845308247
108,161,0.8495529775783315
108,162,0.851960129937078
108,163,0.8543287678580848
108,164,0.8566595075723555
108,165,0.8589529554511979
108,166,0.8612097081639785
108,167,0.8634303528333549
108,168,0.8656154671880213
108,169,0.8677656197130126
108,170,0.8698813697976047
108,171,0.8719632678808431
108,172,0.8740118555947494
108,173,0.8760276659052334
108,174,0.8780112232507497
108,175,0.8799630436787377
108,176,0.881883634979878
108,177,0.8837734968202
108,178,0.8856331208710767
108,179,0.8874629909371393
108,180,0.8892635830821449
108,181,0.8910353657528308
108,182,0.8927787999007855
108,183,0.894494339102373
108,184,0.8961824296767349
108,185,0.8513733081928981
108,186,0.8537513352618118
108,187,0.8560913138976229
108,188,0.8583938528752608
108,189,0.8606595512292566
108,190,0.8628889984095884
108,191,0.865082774435035
108,192,0.8672414500440745
108,193,0.8693655868433693
108,194,0.8714557374538755
108,195,0.8735124456546135
108,196,0.8755362465241395
108,197,0.8775276665797535
108,198,0.8794872239144775
108,199,0.8814154283318457
108,200,0.8833127814785364
109,1,0.5063200000000001
109,2,0.5130428800000001
109,3,0.5200109939199999
109,4,0.5271145780172798
109,5,0.5342773767690033
109,6,0.5414465811406992
109,7,0.5485857855224482
109,8,0.5556700577300889
109,9,0.5626824881496078
109,10,0.5696117742794538
109,11,0.5764505300491506
109,12,0.5831941024790818
109,13,0.5898397434769188
109,14,0.5963860302275398
109,15,0.6028324595962752
109,16,0.6091791643393981
109,17,0.6154267145776321
109,18,0.621575978951755
109,19,0.6276280275536823
109,20,0.5962466261759983
109,21,0.602704765142791
109,22,0.6090601483904324
109,23,0.6153142476591339
109,24,0.5845485352761772
109,25,0.5911951018618223
109,26,0.5977355204370779
109,27,0.6041714302536156
109,28,0.6105044620700297
109,29,0.6167362329672397
109,30,0.6228683428429951
109,31,0.6289023720797686
109,32,0.6348398800320757
109,33,0.640682404085471
109,34,0.6464314591138394
109,35,0.6520885372136329
109,36,0.6576551076301451
109,37,0.6631326168164142
109,38,0.6685224885831976
109,39,0.6738261243109583
109,40,0.6790449032035475
109,41,0.6841801825693861
109,42,0.6892332981202425
109,43,0.6942055642806951
109,44,0.6990982745034677
109,45,0.7039127015872968
109,46,0.708650097995019
109,47,0.7133116961702821
109,48,0.7178987088517861
109,49,0.7224123293843174
109,50,0.7268537320260804
109,51,0.7312240722520013
109,52,0.7355244870528064
109,53,0.7397560952297472
109,54,0.7439199976849211
109,55,0.7480172777071574
109,56,0.7520490012534793
109,57,0.7560162172261691
109,58,0.7182154063648608
109,59,0.7227239598579448
109,60,0.727160376496663
109,61,0.731525810470228
109,62,0.7358213975009629
109,63,0.740048255139728
109,64,0.7442074830566391
109,65,0.7483001633271353
109,66,0.752327360713483
109,67,0.7562901229417743
109,68,0.7601894809745012
109,69,0.7640264492787658
109,70,0.767802026090205
109,71,0.7715171936726913
109,72,0.7751729185738792
109,73,0.7787701518766624
109,74,0.782309829446612
109,75,0.7857928721754492
109,76,0.7892201862206302
109,77,0.7497591769095987
109,78,0.7537630300790368
109,79,0.7577028215977663
109,80,0.7615795764521979
109,81,0.7653943032289601
109,82,0.7691479943772948
109,83,0.7728416264672565
109,84,0.7764761604437795
109,85,0.7800525418766783
109,86,0.7835717012066509
109,87,0.787034553987344
109,88,0.7904420011235465
109,89,0.7937949291055695
109,90,0.7970942102398803
109,91,0.8003407028760421
109,92,0.8035352516300251
109,93,0.8066786876039449
109,94,0.8097718286022818
109,95,0.8128154793446452
109,96,0.8158104316751308
109,97,0.8187574647683288
109,98,0.8216573453320354
109,99,0.824510827806723
109,100,0.8273186545618152
109,101,0.8300815560888262
109,102,0.832800251191405
109,103,0.8354754471723427
109,104,0.8381078400175852
109,105,0.8406981145773038
109,106,0.8432469447440669
109,107,0.845754993628162
109,108,0.8482229137301113
109,109,0.8506513471104296
109,110,0.8530409255566627
109,111,0.8553922707477561
109,112,0.8577059944157919
109,113,0.8599826985051392
109,114,0.862222975329057
109,115,0.864427407723792
109,116,0.8665965692002114
109,117,0.8687310240930082
109,118,0.87083132770752
109,119,0.8272897613221438
109,120,0.8300531251409897
109,121,0.8327722751387338
109,122,0.8354479187365141
109,123,0.8380807520367298
109,124,0.8406714600041422
109,125,0.8432207166440759
109,126,0.8457291851777707
109,127,0.8481975182149265
109,128,0.8506263579234877
109,129,0.8530163361967119
109,130,0.8553680748175644
109,131,0.8576821856204834
109,132,0.8599592706505558
109,133,0.8621999223201466
109,134,0.8644047235630244
109,135,0.866574247986016
109,136,0.8687090600182398
109,137,0.870809715057948
109,138,0.8728767596170208
109,139,0.8749107314631484
109,140,0.876912159759738
109,141,0.8788815652035821
109,142,0.880819460160325
109,143,0.8827263487977598
109,144,0.8846027272169955
109,145,0.8864490835815235
109,146,0.8882658982442194
109,147,0.8900536438723116
109,148,0.8918127855703549
109,149,0.8935437810012289
109,150,0.8952470805052096
109,151,0.8969231272171261
109,152,0.8985723571816522
109,153,0.9001951994667458
109,154,0.9017920762752777
109,155,0.9033634030548731
109,156,0.9049095886059954
109,157,0.9064310351882993
109,158,0.9079281386252868
109,159,0.909401288407282
109,160,0.9108508677927656
109,161,0.9122772539080811
109,162,0.9136808178455521
109,163,0.9150619247600232
109,164,0.9164209339638628
109,165,0.9177581990204408
109,166,0.9190740678361138
109,167,0.8731203644443081
109,168,0.8751504386131993
109,169,0.877148031595388
109,170,0.8791136630898618
109,171,0.8810478444804242
109,172,0.8829510789687373
109,173,0.8848238617052374
109,174,0.8866666799179537
109,175,0.8884800130392664
109,176,0.8902643328306382
109,177,0.8920201035053481
109,178,0.8937477818492624
109,179,0.895447817339674
109,180,0.8971206522622392
109,181,0.8987667218260433
109,182,0.9003864542768267
109,183,0.9019802710083976
109,184,0.9035485866722629
109,185,0.905091809285507
109,186,0.906610340336939
109,187,0.9081045748915478
109,188,0.909574901693283
109,189,0.9110217032661904
109,190,0.9124453560139315
109,191,0.9138462303177086
109,192,0.9152246906326248
109,193,0.9165810955825032
109,194,0.917915798053183
109,195,0.9192291452843321
109,196,0.9205214789597825
109,197,0.921793135296426
109,198,0.9230444451316833
109,199,0.9242757340095764
109,200,0.9254873222654231
110,1,0.5063200000000001
110,2,0.5130428800000001
110,3,0.5200109939199999
110,4,0.5271145780172798
110,5,0.5342773767690033
110,6,0.5414465811406992
110,7,0.5485857855224482
110,8,0.5556700577300889
110,9,0.5626824881496078
110,10,0.5696117742794538
110,11,0.5764505300491506
110,12,0.5831941024790818
110,13,0.5898397434769188
110,14,0.560347756303073
110,15,0.5673659148484752
110,16,0.5742766660632761
110,17,0.5455628327601121
110,18,0.5528258515326137
110,19,0.5599750547757563
110,20,0.5670115457067091
110,21,0.5739366252405573
110,22,0.5807517242223171
110,23,0.5874583561246863
110,24,0.5940580840696394
110,25,0.6005524978745889
110,26,0.5705248729808596
110,27,0.5773960152182107
110,28,0.5841573571182506
110,29,0.5908106141048304
110,30,0.5973574865694835
110,31,0.6037996563876027
110,32,0.610138784607663
110,33,0.6163765099595236
110,34,0.6225144479340796
110,35,0.6285541902608699
110,36,0.6344973046623111
110,37,0.6027724394291955
110,38,0.6091280674102589
110,39,0.615382009240046
110,40,0.6215358907280513
110,41,0.6275913120214944
110,42,0.6335498479107151
110,43,0.639413048161239
110,44,0.6451824378626259
110,45,0.6508595177872003
110,46,0.6183165418978402
110,47,0.6244234764787386
110,48,0.6304327003309633
110,49,0.636345776758787
110,50,0.6421642440738295
110,51,0.6100560318701383
110,52,0.6162951351804443
110,53,0.6224344128917172
110,54,0.6284754621973615
110,55,0.6344198547405423
110,56,0.6402691370215303
110,57,0.6460248307989717
110,58,0.6516884334850381
110,59,0.6572614185344727
110,60,0.6627452358275576
110,61,0.6681413120470623
110,62,0.673451051049231
110,63,0.6786758342288887
110,64,0.6838170208787382
110,65,0.6888759485429364
110,66,0.6938539333650303
110,67,0.6987522704303364
110,68,0.7035722341028536
110,69,0.7083150783567898
110,70,0.7129820371027884
110,71,0.7175743245089385
110,72,0.7220931353166524
110,73,0.7265396451514853
110,74,0.6902126628939111
110,75,0.6951692602875384
110,76,0.7000465521228885
110,77,0.7048458072888877
110,78,0.7095682743722416
110,79,0.7142151819822689
110,80,0.6785044228831552
110,81,0.6836483521170129
110,82,0.6887099784831324
110,83,0.6936906188273967
110,84,0.6985915689261544
110,85,0.7034141038233328
110,86,0.7081594781621575
110,87,0.7128289265115619
110,88,0.7174236636873756
110,89,0.721944885068377
110,90,0.7263937669072826
110,91,0.7307714666367657
110,92,0.7350791231705771
110,93,0.7393178571998476
110,94,0.74348877148465
110,95,0.7063143329104177
110,96,0.7110133035838507
110,97,0.7156370907265093
110,98,0.6798552361901836
110,99,0.6849775524111407
110,100,0.6900179115725624
110,101,0.6949776249874016
110,102,0.6998579829876028
110,103,0.7046602552598014
110,104,0.7093856911756444
110,105,0.7140355201168342
110,106,0.7186109517949648
110,107,0.7231131765662455
110,108,0.6869575177379333
110,109,0.6919661974541265
110,110,0.6968947382948604
110,111,0.7017444224821427
110,112,0.7065165117224284
110,113,0.7112122475348694
110,114,0.7158328515743118
110,115,0.7203795259491226
110,116,0.7248534535339368
110,117,0.7292557982773935
110,118,0.7335877055049556
110,119,0.7378503022168761
110,120,0.7420446973814061
110,121,0.7461719822233037
110,122,0.750233230507731
110,123,0.754229498819607
110,124,0.7581618268384935
110,125,0.7620312376090775
110,126,0.7658387378073322
110,127,0.7695853180024149
110,128,0.7732719529143763
110,129,0.7768996016677464
110,130,0.7804692080410622
110,131,0.7839817007124055
110,132,0.7874379935010067
110,133,0.7908389856049907
110,134,0.7941855618353111
110,135,0.7974785928459461
110,136,0.8007189353604108
110,137,0.8039074323946445
110,138,0.8070449134763299
110,139,0.8101321948607086
110,140,0.8131700797429373
110,141,0.8161593584670503
110,142,0.7753513905436977
110,143,0.7789457682949988
110,144,0.7824826360022786
110,145,0.7433585042021649
110,146,0.7474647681349302
110,147,0.7515053318447713
110,148,0.7554812465352547
110,149,0.7177071842084922
110,150,0.7222238692611563
110,151,0.7266682873529776
110,152,0.7310415947553301
110,153,0.7353449292392449
110,154,0.7395794103714166
110,155,0.7437461398054741
110,156,0.7478462015685866
110,157,0.751880662343489
110,158,0.7558505717459935
110,159,0.7597569625980576
110,160,0.7636008511964889
110,161,0.7254208086366644
110,162,0.7298140756984777
110,163,0.734137050487302
110,164,0.7383908576795052
110,165,0.7425766039566332
110,166,0.7466953782933268
110,167,0.7507482522406337
110,168,0.7547362802047834
110,169,0.7586604997215072
110,170,0.762521931725963
110,171,0.7663215808183476
110,172,0.770060435525254
110,173,0.7737394685568498
110,174,0.7773596370599403
110,175,0.7809218828669813
110,176,0.7844271327411096
110,177,0.7878762986172521
110,178,0.7912702778393758
110,179,0.794609953393946
110,180,0.7978961941396427
110,181,0.8011298550334086
110,182,0.8043117773528741
110,183,0.807442788915228
110,184,0.8105237042925845
110,185,0.8135553250239032
110,186,0.8165384398235206
110,187,0.8194738247863442
110,188,0.8223622435897628
110,189,0.8252044476923265
110,190,0.8280011765292491
110,191,0.8307531577047811
110,192,0.8334611071815047
110,193,0.7917880518224294
110,194,0.7951194429932704
110,195,0.7983975319053782
110,196,0.801623171394892
110,197,0.804797200652574
110,198,0.8079204454421326
110,199,0.8109937183150586
110,200,0.8140178188220177
111,1,0.5063200000000001
111,2,0.5130428800000001
111,3,0.5200109939199999
111,4,0.5271145780172798
111,5,0.5342773767690033
111,6,0.5414465811406992
111,7,0.5143742520836644
111,8,0.5219466137303257
111,9,0.5294571126866408
111,10,0.5368889502268545
111,11,0.5442309329634648
111,12,0.5514757821942172
111,13,0.5586189505898276
111,14,0.5656577940178927
111,15,0.572590991959858
111,16,0.5794181419408766
111,17,0.5861394757664856
111,18,0.5927556610218863
111,19,0.5992676622529011
111,20,0.6056766439220101
111,21,0.611983902604867
111,22,0.6181908196531152
111,23,0.6242988281816136
111,24,0.6303093900807716
111,25,0.6362239800445237
111,26,0.6420440745073429
111,27,0.6477711440156974
111,28,0.6153825868149122
111,29,0.6215363077162039
111,30,0.627591616395976
111,31,0.6335500732559021
111,32,0.639413217989391
111,33,0.6451825686354691
111,34,0.6508596210310372
111,35,0.6564458485401558
111,36,0.661942701975444
111,37,0.6673516096521882
111,38,0.672673977533599
111,39,0.6779111894381538
111,40,0.6830646072887078
111,41,0.6881355713891836
111,42,0.6931254007189231
111,43,0.698035393237797
111,44,0.7028668261972559
111,45,0.7076209564539844
111,46,0.7122990207838398
111,47,0.6766840697446476
111,48,0.6818571243719166
111,49,0.6869474102021943
111,50,0.6919562515131192
111,51,0.6968849514008214
111,52,0.7017347921167463
111,53,0.7065070353997154
111,54,0.7112029228031056
111,55,0.6756427766629505
111,56,0.6418606378298028
111,57,0.6475908676033761
111,58,0.6532294137069171
111,59,0.6205679430215713
111,60,0.6266388559228627
111,61,0.6326126342208425
111,62,0.6384908320682307
111,63,0.6442749787515842
111,64,0.6499665790890707
111,65,0.6555671138219039
111,66,0.6610780399995341
111,67,0.666500791358688
111,68,0.6718367786963515
111,69,0.6770873902367919
111,70,0.6822539919927102
111,71,0.6873379281206219
111,72,0.6923405212705485
111,73,0.6972630729301195
111,74,0.7021068637631671
111,75,0.7068731539429075
111,76,0.7115631834797863
111,77,0.7161781725440857
111,78,0.7207193217833635
111,79,0.7251878126348179
111,80,0.7295848076326525
111,81,0.7339114507105242
111,82,0.7381688674991517
111,83,0.7423581656191623
111,84,0.7464804349692538
111,85,0.750536748009744
111,86,0.7545281600415874
111,87,0.7584557094809213
111,88,0.762320418129226
111,89,0.7661232914391579
111,90,0.7698653187761314
111,91,0.7735474736757129
111,92,0.7771707140969013
111,93,0.7807359826713508
111,94,0.7842442069486091
111,95,0.7876962996374315
111,96,0.7910931588432325
111,97,0.794435668301741
111,98,0.7977246976089132
111,99,0.8009611024471704
111,100,0.8041457248080158
111,101,0.8072793932110874
111,102,0.81036292291971
111,103,0.8133971161529947
111,104,0.8163827622945468
111,105,0.8193206380978341
111,106,0.8222115078882688
111,107,0.8250561237620564
111,108,0.8278552257818635
111,109,0.8306095421693538
111,110,0.833319789494644
111,111,0.8359866728627298
111,112,0.8386108860969262
111,113,0.8411931119193754
111,114,0.8437340221286653
111,115,0.8462342777746066
111,116,0.8486945293302132
111,117,0.8511154168609295
111,118,0.8534975701911549
111,119,0.8558416090680965
111,120,0.8581481433230069
111,121,0.8604177730298387
111,122,0.8626510886613612
111,123,0.8648486712427795
111,124,0.8670110925028952
111,125,0.8691389150228487
111,126,0.8712326923824832
111,127,0.8732929693043635
111,128,0.8753202817954936
111,129,0.8773151572867658
111,130,0.8792781147701774
111,131,0.881209664933855
111,132,0.883110310294913
111,133,0.8849805453301943
111,134,0.8868208566049113
111,135,0.8424798137746657
111,136,0.8450001367542711
111,137,0.8474801345662026
111,138,0.8499204524131436
111,139,0.8523217251745331
111,140,0.8546845775717407
111,141,0.8570096243305928
111,142,0.8141591431140631
111,143,0.8171325968242378
111,144,0.8200584752750503
111,145,0.8229375396706493
111,146,0.8257705390359188
111,147,0.8285582104113443
111,148,0.8313012790447626
111,149,0.8340004585800465
111,150,0.8366564512427657
111,151,0.8392699480228816
111,152,0.8418416288545154
111,153,0.8443721627928433
111,154,0.8468622081881577
111,155,0.8493124128571473
111,156,0.8517234142514327
111,157,0.85409583962341
111,158,0.8564303061894354
111,159,0.8587274212904046
111,160,0.860987782549758
111,161,0.8632119780289619
111,162,0.8654005863804984
111,163,0.8675541769984104
111,164,0.8696733101664359
111,165,0.871758537203773
111,166,0.8738104006085126
111,167,0.8301198805780869
111,168,0.8328379624888378
111,169,0.8355125550890161
111,170,0.8381443542075917
111,171,0.8407340445402702
111,172,0.8432822998276259
111,173,0.8457897830303839
111,174,0.8482571465018978
111,175,0.8506850321578675
111,176,0.8530740716433416
111,177,0.8554248864970481
111,178,0.8577380883130953
111,179,0.860014278900086
111,180,0.8622540504376845
111,181,0.8644579856306814
111,182,0.8666266578605905
111,183,0.8687606313348212
111,184,0.870860461233464
111,185,0.8729266938537285
111,186,0.874959866752069
111,187,0.876960508884036
111,188,0.8789291407418915
111,189,0.8808662744900211
111,190,0.8827724140981807
111,191,0.8846480554726097
111,192,0.8404156526989792
111,193,0.7983948700640302
111,194,0.801620552143006
111,195,0.8047946233087178
111,196,0.8079179093357782
111,197,0.7675220138689893
111,198,0.7712416616470855
111,199,0.7749017950607321
111,200,0.7785033663397606
112,1,0.5063200000000001
112,2,0.5130428800000001
112,3,0.5200109939199999
112,4,0.5271145780172798
112,5,0.5342773767690033
112,6,0.5414465811406992
112,7,0.5485857855224482
112,8,0.5556700577300889
112,9,0.5626824881496078
112,10,0.5696117742794538
112,11,0.5411311855654811
112,12,0.5484256307546016
112,13,0.5556176015732456
112,14,0.5627044665855758
112,15,0.5696849177664584
112,16,0.5412006718781353
112,17,0.5485300669804614
112,18,0.5557456100054374
112,19,0.5628480971130146
112,20,0.5698386193665713
112,21,0.5767184657218614
112,22,0.5834890552559207
112,23,0.5901518898617522
112,24,0.5967085212669122
112,25,0.6031605280767054
112,26,0.6095094998325229
112,27,0.5790340248408968
112,28,0.5857691585869736
112,29,0.5923966267500538
112,30,0.5989181230123835
112,31,0.6053353226474164
112,32,0.6116498802073197
112,33,0.6178634280295856
112,34,0.6239775753150206
112,35,0.629993907603716
112,36,0.6359139865276718
112,37,0.6417393497551594
112,38,0.6474715110674282
112,39,0.6531119605261952
112,40,0.6586621647028682
112,41,0.6641235669491868
112,42,0.6694975876950953
112,43,0.6747856247639402
112,44,0.6799890536980938
112,45,0.6851092280901878
112,46,0.6901474799166294
112,47,0.6951051198710825
112,48,0.6999834376963288
112,49,0.7047837025134157
112,50,0.7095071631473611
112,51,0.7141550484489153
112,52,0.718728567612071
112,53,0.7232289104871146
112,54,0.7276572478891067
112,55,0.732014731901731
112,56,0.7363024961764986
112,57,0.7405216562273111
112,58,0.7446733097204195
112,59,0.7487585367598146
112,60,0.7527784001681029
112,61,0.7567339457629251
112,62,0.7606262026289766
112,63,0.7644561833856935
112,64,0.768224884450669
112,65,0.7719332862988609
112,66,0.775582353717661
112,67,0.7791730360578856
112,68,0.7402143842549911
112,69,0.7443709541067065
112,70,0.748461018840856
112,71,0.7524856425393016
112,72,0.7564458722586025
112,73,0.7603427383024158
112,74,0.7641772544895427
112,75,0.7679504184176857
112,76,0.771663211722986
112,77,0.7753166003354064
112,78,0.7365507703186361
112,79,0.7407659579935295
112,80,0.7037276600938529
112,81,0.7084680175323455
112,82,0.713132529251824
112,83,0.7177224087837921
112,84,0.6818362883446023
112,85,0.647744473927372
112,86,0.6533805623445321
112,87,0.658926473347018
112,88,0.6643836497734648
112,89,0.6697535113770886
112,90,0.6750374551950549
112,91,0.641285582435302
112,92,0.6470250131163371
112,93,0.6526726129064753
112,94,0.6582298510999716
112,95,0.6636981734823719
112,96,0.669079002706654
112,97,0.6743737386633472
112,98,0.6795837588447338
112,99,0.6847104187032181
112,100,0.6897550520039667
112,101,0.6947189711719033
112,102,0.6996034676331528
112,103,0.7044098121510223
112,104,0.7091392551566058
112,105,0.7137930270741002
112,106,0.7183723386409147
112,107,0.72287838122266
112,108,0.7273123271230975
112,109,0.7316753298891279
112,110,0.7359685246109018
112,111,0.7401930282171274
112,112,0.7443499397656532
112,113,0.7484403407294027
112,114,0.7524652952777322
112,115,0.7564258505532886
112,116,0.760323036944436
112,117,0.7641578683533249
112,118,0.7679313424596719
112,119,0.7716444409803171
112,120,0.775298129924632
112,121,0.778893359845838
112,122,0.7824310660883043
112,123,0.7859121690308917
112,124,0.7893375743263974
112,125,0.7927081731371749
112,126,0.7960248423669802
112,127,0.7992884448891082
112,128,0.8024998297708826
112,129,0.8056598324945486
112,130,0.808769275174636
112,131,0.8118289667718417
112,132,0.7712375184332496
112,133,0.7748977181383176
112,134,0.7784993546481046
112,135,0.7820433649737348
112,136,0.7429411967250483
112,137,0.7470541375774473
112,138,0.7511012713762084
112,139,0.755083651034189
112,140,0.7590023126176421
112,141,0.7628582756157596
112,142,0.7666525432059076
112,143,0.7703861025146133
112,144,0.7740599248743792
112,145,0.7353569286306602
112,146,0.7395912177725699
112,147,0.7437577582882084
112,148,0.7478576341555974
112,149,0.7518919120091077
112,150,0.7558616414169619
112,151,0.7597678551542906
112,152,0.763611569471822
112,153,0.7673937843602728
112,154,0.7290240951422592
112,155,0.733359709619983
112,156,0.7376259542660633
112,157,0.7418239389978063
112,158,0.7459547559738414
112,159,0.75001947987826
112,160,0.7540191682002082
112,161,0.7579548615090046
112,162,0.7618275837248606
112,163,0.7656383423852627
112,164,0.7693881289070987
112,165,0.7730779188445851
112,166,0.7767086721430716
112,167,0.7802813333887825
112,168,0.7837968320545622
112,169,0.787256082741689
112,170,0.790659985417822
112,171,0.7940094256511369
112,172,0.7973052748407188
112,173,0.8005483904432674
112,174,0.803739616196175
112,175,0.8068797823370362
112,176,0.8099697058196437
112,177,0.8130101905265293
112,178,0.8160020274781049
112,179,0.8189459950384551
112,180,0.8218428591178399
112,181,0.8246933733719544
112,182,0.8274982793980034
112,183,0.8302583069276354
112,184,0.8329741740167933
112,185,0.8356465872325243
112,186,0.838276241836804
112,187,0.8408638219674153
112,188,0.8434100008159365
112,189,0.8459154408028814
112,190,0.8483807937500354
112,191,0.850806701050035
112,192,0.8531937938332345
112,193,0.8555426931319025
112,194,0.8578540100417922
112,195,0.8601283458811235
112,196,0.8623662923470257
112,197,0.8645684316694732
112,198,0.8667353367627616
112,199,0.8688675713745575
112,200,0.8254241928058296
113,1,0.5063200000000001
113,2,0.5130428800000001
113,3,0.5200109939199999
113,4,0.5271145780172798
113,5,0.5342773767690033
113,6,0.5414465811406992
113,7,0.5485857855224482
113,8,0.5556700577300889
113,9,0.5626824881496078
113,10,0.5696117742794538
113,11,0.5764505300491506
113,12,0.5831941024790818
113,13,0.5898397434769188
113,14,0.5963860302275398
113,15,0.6028324595962752
113,16,0.6091791643393981
113,17,0.6154267145776321
113,18,0.621575978951755
113,19,0.6276280275536823
113,20,0.6335840640984324
113,21,0.6394453785627835
113,22,0.6452133141487273
113,23,0.6508892442724116
113,24,0.6564745565690977
113,25,0.6619706418075233
113,26,0.6673788862390748
113,27,0.6727006663495801
113,28,0.677937345291218
113,29,0.6830902704888204
113,30,0.6881607720665825
113,31,0.6931501618474254
113,32,0.6980597327516024
113,33,0.7028907584731918
113,34,0.7076444933495514
113,35,0.7123221723643098
113,36,0.7169250112423267
113,37,0.7214542066075416
113,38,0.7259109361833855
113,39,0.7302963590215464
113,40,0.7346116157491684
113,41,0.7388578288275585
113,42,0.7430361028175809
113,43,0.7471475246483841
113,44,0.7511931638871292
113,45,0.7136335056927728
113,46,0.718215369344872
113,47,0.7227239232555823
113,48,0.7271603403576529
113,49,0.7315257748238422
113,50,0.7358213623649993
113,51,0.740048220523996
113,52,0.7442074489653978
113,53,0.7483001297608016
113,54,0.7523273276698241
113,55,0.7562900904167431
113,56,0.7601894489628209
113,57,0.7221799765146797
113,58,0.7266250968853669
113,59,0.7309990953316461
113,60,0.7353031098038516
113,61,0.7395382600452483
113,62,0.7437056478833048
113,63,0.7478063575163183
113,64,0.7518414557954601
113,65,0.7558119925023145
113,66,0.7597190006219846
113,67,0.763563496611828
113,68,0.7673464806658951
113,69,0.7710689369751405
113,70,0.7747318339834679
113,71,0.7783361246396832
113,72,0.7818827466454137
113,73,0.7853726226990629
113,74,0.7888066607358613
113,75,0.7921857541640753
113,76,0.7955107820974417
113,77,0.7987826095838771
113,78,0.8020020878305308
113,79,0.8051700544252396
113,80,0.8082873335544336
113,81,0.8113547362175615
113,82,0.8143730604380794
113,83,0.8173430914710696
113,84,0.8202656020075321
113,85,0.823141352375411
113,86,0.8259710907374043
113,87,0.8287555532856056
113,88,0.8314954644330358
113,89,0.8341915370021071
113,90,0.8368444724100733
113,91,0.8394549608515123
113,92,0.7974822128089366
113,93,0.8007224974039936
113,94,0.8039109374455295
113,95,0.8070483624464012
113,96,0.8101355886472585
113,97,0.8131734192289025
113,98,0.81616264452124
113,99,0.8191040422089003
113,100,0.8219983775335576
113,101,0.8248464034930209
113,102,0.8276488610371325
113,103,0.7862664179852759
113,104,0.7896861552975114
113,105,0.7930511768127513
113,106,0.7963623579837473
113,107,0.7996205602560074
113,108,0.759639532243207
113,109,0.7634852997273157
113,110,0.7672695349316785
113,111,0.7709932223727718
113,112,0.7746573308148076
113,113,0.7782628135217705
113,114,0.7818106085054222
113,115,0.7853016387693353
113,116,0.7460365568308689
113,117,0.7500999719215747
113,118,0.7540983723708297
113,119,0.7580327984128964
113,120,0.7619042736382899
113,121,0.7657138052600773
113,122,0.7694623843759162
113,123,0.7731509862259015
113,124,0.7767805704462869
113,125,0.7803520813191464
113,126,0.7838664480180402
113,127,0.7873245848497514
113,128,0.7907273914921553
113,129,0.7940757532282811
113,130,0.7973705411766284
113,131,0.8006126125178025
113,132,0.8038028107175176
113,133,0.8069419657460374
113,134,0.8100308942941007
113,135,0.8130703999853951
113,136,0.8160612735856286
113,137,0.8190042932082587
113,138,0.8219002245169266
113,139,0.8247498209246557
113,140,0.8275538237898614
113,141,0.8303129626092234
113,142,0.8330279552074759
113,143,0.8356995079241564
113,144,0.7939145325279484
113,145,0.7972119000075011
113,146,0.7573513050071263
113,147,0.7612336841270121
113,148,0.7650539451809801
113,149,0.7688130820580843
113,150,0.7725120727451549
113,151,0.7761518795812327
113,152,0.779733449507933
113,153,0.7832577143158058
113,154,0.7440948286000156
113,155,0.7481893113424153
113,156,0.7522182823609369
113,157,0.7561827898431619
113,158,0.7600838652056711
113,159,0.7639225233623803
113,160,0.7676997629885824
113,161,0.771416566780765
113,162,0.7750739017122725
113,163,0.7786727192848766
113,164,0.7822139557763185
113,165,0.7856985324838972
113,166,0.789127355964155
113,167,0.7925013182687285
113,168,0.7958212971764289
113,169,0.7990881564216059
113,170,0.8023027459188603
113,171,0.8054659019841586
113,172,0.808578447552412
113,173,0.8116411923915733
113,174,0.8146549333133081
113,175,0.8176204543802952
113,176,0.7767394316612803
113,177,0.7803116007547
113,178,0.7838266151426245
113,179,0.7872853893003425
113,180,0.7906888230715372
113,181,0.7940378019023926
113,182,0.7973331970719542
113,183,0.800575865918803
113,184,0.8037666520641021
113,185,0.8069063856310766
113,186,0.8099958834609794
113,187,0.8130359493256037
113,188,0.8160273741363941
113,189,0.8189709361502118
113,190,0.8218674011718082
113,191,0.8247175227530595
113,192,0.8275220423890104
113,193,0.8302816897107862
113,194,0.8329971826754138
113,195,0.791347323541643
113,196,0.7946857663649767
113,197,0.7979707941031371
113,198,0.8012032613974871
113,199,0.8043840092151273
113,200,0.8075138650676852
114,1,0.5063200000000001
114,2,0.5130428800000001
114,3,0.5200109939199999
114,4,0.5271145780172798
114,5,0.5342773767690033
114,6,0.5414465811406992
114,7,0.5485857855224482
114,8,0.5556700577300889
114,9,0.5626824881496078
114,10,0.5696117742794538
114,11,0.5764505300491506
114,12,0.5831941024790818
114,13,0.5898397434769188
114,14,0.5963860302275398
114,15,0.6028324595962752
114,16,0.6091791643393981
114,17,0.6154267145776321
114,18,0.621575978951755
114,19,0.6276280275536823
114,20,0.6335840640984324
114,21,0.6019048608935107
114,22,0.608273042609141
114,23,0.6145397355703428
114,24,0.6207064429512811
114,25,0.6267746800691054
114,26,0.6327459633315307
114,27,0.638621802618698
114,28,0.6066907124877633
114,29,0.6129835033782896
114,30,0.6191756569274679
114,31,0.6252687691388902
114,32,0.6312644147382512
114,33,0.6371641462363477
114,34,0.642969493390302
114,35,0.6486819629416724
114,36,0.6543030385465358
114,37,0.6598341808381427
114,38,0.6652768275805785
114,39,0.6706323938843811
114,40,0.6759022724637958
114,41,0.6810878339214701
114,42,0.6470334422253965
114,43,0.652680905621757
114,44,0.6582380100621852
114,45,0.6637062011524539
114,46,0.6690869014098993
114,47,0.67438151062046
114,48,0.679591406193716
114,49,0.6847179435148452
114,50,0.6897624562927673
114,51,0.6947262569039949
114,52,0.6996106367318693
114,53,0.7044168665009962
114,54,0.7091461966067663
114,55,0.7137998574399078
114,56,0.7183790597060644
114,57,0.722884994740404
114,58,0.7273188348173032
114,59,0.731681733455148
114,60,0.7359748257163112
114,61,0.7401992285023619
114,62,0.7443560408445823
114,63,0.7484463441898496
114,64,0.7524712026819584
114,65,0.7564316634384498
114,66,0.7603287568230163
114,67,0.7641634967135553
114,68,0.7259553218778775
114,69,0.7303400367276265
114,70,0.7346545961398409
114,71,0.7389001226015031
114,72,0.7019551164714278
114,73,0.7067238346078146
114,74,0.7114162532540405
114,75,0.7160335932019416
114,76,0.7205770557106863
114,77,0.7250478228192986
114,78,0.7294470576541776
114,79,0.7337759047317026
114,80,0.6970871094951173
114,81,0.7019337157431897
114,82,0.7067027762912945
114,83,0.7113955318706309
114,84,0.716013203360699
114,85,0.7205569921069264
114,86,0.7250280802332143
114,87,0.7294276309494823
114,88,0.7337567888542901
114,89,0.738016680232621
114,90,0.7422084133488991
114,91,0.7463330787353165
114,92,0.7503917494755511
114,93,0.7543854814839421
114,94,0.7583153137801991
114,95,0.7621822687597158
114,96,0.7659873524595605
114,97,0.7697315548202075
114,98,0.7734158499430842
114,99,0.7770411963439946
114,100,0.7806085372024909
114,101,0.7841188006072509
114,102,0.7875728997975349
114,103,0.7909717334007742
114,104,0.7943161856663621
114,105,0.7976071266957002
114,106,0.800845412668569
114,107,0.8040318860658718
114,108,0.8071673758888182
114,109,0.8102526978745971
114,110,0.8132886547086035
114,111,0.8162760362332658
114,112,0.8192156196535336
114,113,0.8221081697390773
114,114,0.8249544390232518
114,115,0.8277551679988798
114,116,0.8305110853108978
114,117,0.8332229079459236
114,118,0.7915617625486271
114,119,0.7948967743478492
114,120,0.7981784259582836
114,121,0.8014075711429511
114,122,0.8045850500046641
114,123,0.8077116892045894
114,124,0.8107883021773159
114,125,0.8138156893424787
114,126,0.816794638312999
114,127,0.819725924099991
114,128,0.8226103093143913
114,129,0.8254485443653609
114,130,0.8282413676555149
114,131,0.8309895057730265
114,132,0.8336936736806584
114,133,0.8363545749017678
114,134,0.8389729017033396
114,135,0.8415493352760862
114,136,0.8440845459116689
114,137,0.846579193177082
114,138,0.8490339260862487
114,139,0.8514493832688685
114,140,0.8538261931365667
114,141,0.8561649740463817
114,142,0.8584663344616394
114,143,0.8607308731102533
114,144,0.8629591791404894
114,145,0.8651518322742415
114,146,0.8218942406605295
114,147,0.824743932809961
114,148,0.8275480298850015
114,149,0.8303072614068416
114,150,0.833022345224332
114,151,0.8356939877007429
114,152,0.8383228838975307
114,153,0.8409097177551704
114,154,0.8434551622710875
114,155,0.8459598796747503
114,156,0.8484245215999543
114,157,0.8508497292543551
114,158,0.8532361335862854
114,159,0.8555843554489047
114,160,0.8578950057617222
114,161,0.8601686856695346
114,162,0.8624059866988218
114,163,0.8646074909116409
114,164,0.8667737710570547
114,165,0.8689053907201417
114,166,0.8710029044686195
114,167,0.8730668579971216
114,168,0.8750977882691678
114,169,0.8770962236568611
114,170,0.8790626840783512
114,171,0.8809976811330976
114,172,0.8829017182349682
114,173,0.8847752907432087
114,174,0.8866188860913173
114,175,0.8884329839138563
114,176,0.8902180561712345
114,177,0.8919745672724948
114,178,0.8937029741961349
114,179,0.8954037266089967
114,180,0.8970772669832527
114,181,0.8987240307115206
114,182,0.9003444462201363
114,183,0.9019389350806144
114,184,0.9035079121193244
114,185,0.858332516513358
114,186,0.8154158906876903
114,187,0.8183692364366874
114,188,0.8212753286537001
114,189,0.8241349233952413
114,190,0.8269487646209173
114,191,0.8297175843869825
114,192,0.8324421030367908
114,193,0.8351230293882022
114,194,0.8377610609179911
114,195,0.8403568839433031
114,196,0.8429111738002104
114,197,0.8454245950194069
114,198,0.8478978014990967
114,199,0.8503314366751111
114,200,0.8527261336883093
115,1,0.5063200000000001
115,2,0.5130428800000001
115,3,0.5200109939199999
115,4,0.5271145780172798
115,5,0.5342773767690033
115,6,0.5414465811406992
115,7,0.5485857855224482
115,8,0.5556700577300889
115,9,0.5626824881496078
115,10,0.5696117742794538
115,11,0.5764505300491506
115,12,0.5831941024790818
115,13,0.5898397434769188
115,14,0.5963860302275398
115,15,0.6028324595962752
115,16,0.6091791643393981
115,17,0.6154267145776321
115,18,0.621575978951755
115,19,0.6276280275536823
115,20,0.6335840640984324
115,21,0.6394453785627835
115,22,0.6452133141487273
115,23,0.6508892442724116
115,24,0.6564745565690977
115,25,0.6619706418075233
115,26,0.6673788862390748
115,27,0.6727006663495801
115,28,0.677937345291218
115,29,0.6830902704888204
115,30,0.6881607720665825
115,31,0.6931501618474254
115,32,0.6980597327516024
115,33,0.7028907584731918
115,34,0.7076444933495514
115,35,0.7123221723643098
115,36,0.7169250112423267
115,37,0.7214542066075416
115,38,0.7259109361833855
115,39,0.7302963590215464
115,40,0.7346116157491684
115,41,0.7388578288275585
115,42,0.7430361028175809
115,43,0.7471475246483841
115,44,0.7511931638871292
115,45,0.7551740730081187
115,46,0.7590912876602172
115,47,0.7629458269318137
115,48,0.7667386936128165
115,49,0.7284017589321756
115,50,0.7327473307275992
115,51,0.7370233733927944
115,52,0.7412309993882957
115,53,0.7453713033769328
115,54,0.7494453625080968
115,55,0.7534542366976038
115,56,0.7573989689031877
115,57,0.7612805853956586
115,58,0.7651000960257732
115,59,0.7688584944868728
115,60,0.772556758573341
115,61,0.7761958504349484
115,62,0.7797767168271357
115,63,0.7833002893573038
115,64,0.7867674847271691
115,65,0.7901792049712416
115,66,0.7935363376914968
115,67,0.7968397562882893
115,68,0.8000903201875763
115,69,0.8032888750645049
115,70,0.8064362530634236
115,71,0.8095332730143742
115,72,0.8125807406461203
115,73,0.8155794487957653
115,74,0.8185301776150211
115,75,0.8214336947731725
115,76,0.8242907556567959
115,77,0.827102103566283
115,78,0.8298684699092197
115,79,0.8325905743906702
115,80,0.835269125200418
115,81,0.7935056689403972
115,82,0.7968095782373497
115,83,0.8000606249855515
115,84,0.8032596549857821
115,85,0.8064075005060095
115,86,0.809504980497913
115,87,0.8125529008099462
115,88,0.815552054396987
115,89,0.818503221526635
115,90,0.8214071699822088
115,91,0.8242646552624933
115,92,0.8270764207782936
115,93,0.7857225997393786
115,94,0.7891510381435488
115,95,0.7925246215332519
115,96,0.7958442275887199
115,97,0.7991107199473004
115,98,0.7591551839499354
115,99,0.7630087010067363
115,100,0.7668005617906285
115,101,0.7705317528019787
115,102,0.7742032447571467
115,103,0.7778159928410326
115,104,0.7813709369555759
115,105,0.7848690019642869
115,106,0.7883110979328583
115,107,0.7916981203659326
115,108,0.7950309504400777
115,109,0.7983104552330363
115,110,0.8015374879493079
115,111,0.8047128881421189
115,112,0.807837481931845
115,113,0.8109120822209356
115,114,0.8139374889054005
115,115,0.816914489082914
115,116,0.8198438572575876
115,117,0.778851664394708
115,118,0.7823900377643926
115,119,0.7858717971601623
115,120,0.7892978484055997
115,121,0.7926690828311104
115,122,0.7959863775058125
115,123,0.7992505954657196
115,124,0.8024625859382681
115,125,0.8056231845632558
115,126,0.8087332136102438
115,127,0.8117934821924797
115,128,0.8148047864774
115,129,0.8177679098937617
115,130,0.8206836233354616
115,131,0.8235526853620941
115,132,0.8263758423963006
115,133,0.8291538289179599
115,134,0.8318873676552727
115,135,0.8345771697727884
115,136,0.8372239350564236
115,137,0.7953627383036024
115,138,0.7986369344907447
115,139,0.8018587435388931
115,140,0.8050290036422705
115,141,0.8081485395839942
115,142,0.8112181629506503
115,143,0.8142386723434398
115,144,0.8172108535859449
115,145,0.7763503109066475
115,146,0.7799287059321413
115,147,0.7834498466372269
115,148,0.7869146490910313
115,149,0.7903240147055749
115,150,0.7936788304702858
115,151,0.796979969182761
115,152,0.8002282896758366
115,153,0.8034246370410235
115,154,0.8065698428483671
115,155,0.8096647253627932
115,156,0.8127100897569886
115,157,0.8157067283208767
115,158,0.8186554206677427
115,159,0.8215569339370589
115,160,0.8244120229940659
115,161,0.8272214306261608
115,162,0.8299858877361423
115,163,0.8327061135323641
115,164,0.7910708078557459
115,165,0.7944136749300539
115,166,0.797703056131173
115,167,0.8009398072330743
115,168,0.7608928168714205
115,169,0.7647185318014778
115,170,0.7684830352926542
115,171,0.7721873067279716
115,172,0.775832309820324
115,173,0.779418992863199
115,174,0.7829482889773877
115,175,0.7864211163537498
115,176,0.7898383784920895
115,177,0.7932009644362162
115,178,0.7965097490052366
115,179,0.7997655930211528
115,180,0.8029693435328144
115,181,0.8061218340362893
115,182,0.8092238846917088
115,183,0.8122763025366414
115,184,0.8152798816960551
115,185,0.8182354035889181
115,186,0.8211436371314955
115,187,0.8240053389373916
115,188,0.8268212535143931
115,189,0.8295921134581631
115,190,0.8323186396428323
115,191,0.8350015414085471
115,192,0.8376415167460104
115,193,0.8402392524780742
115,194,0.8427954244384249
115,195,0.8453106976474102
115,196,0.8477857264850515
115,197,0.8502211548612909
115,198,0.8526176163835103
115,199,0.8549757345213742
115,200,0.8572961227690319
116,1,0.5063200000000001
116,2,0.5130428800000001
116,3,0.5200109939199999
116,4,0.4940104442239998
116,5,0.46930992201279986
116,6,0.47722472326059523
116,7,0.45336348709756535
116,8,0.46170630330400425
116,9,0.4700366448511402
116,10,0.4783184082135219
116,11,0.4865269584581055
116,12,0.49464567846597574
116,13,0.5026635535507603
116,14,0.5105734808521161
116,15,0.48504480680951023
116,16,0.49325087081127555
116,17,0.5013356035157976
116,18,0.5092979565057962
116,19,0.5171377950540796
116,20,0.5248556144298779
116,21,0.5324523414666641
116,22,0.5399291958105626
116,23,0.5472875929427488
116,24,0.5545290764412737
116,25,0.5616552707081397
116,26,0.5686678480197576
116,27,0.5755685056015054
116,28,0.582358949716926
116,29,0.5890408846649862
116,30,0.5956160052108184
116,31,0.6020859914177756
116,32,0.6084525051583224
116,33,0.6147171877980513
116,34,0.6208816586988656
116,35,0.6269475142935922
116,36,0.6329163275586306
116,37,0.6387896477633075
116,38,0.644569000411025
116,39,0.6502558873128003
116,40,0.6558517867516414
116,41,0.6613581537087072
116,42,0.6667764201309325
116,43,0.6721079952259326
116,44,0.6773542657742841
116,45,0.6825165964522724
116,46,0.6875963301602998
116,47,0.6925947883536197
116,48,0.6975132713730807
116,49,0.7023530587742947
116,50,0.7071154096541344
116,51,0.7118015629738282
116,52,0.7164127378781588
116,53,0.7209501340104467
116,54,0.7254149318231164
116,55,0.7298082928837321
116,56,0.7341313601764426
116,57,0.7383852583988145
116,58,0.7014659954788737
116,59,0.7062425395408485
116,60,0.7109426589009403
116,61,0.715567576353447
116,62,0.7201184951282371
116,63,0.7245965992036971
116,64,0.7290030536146965
116,65,0.7333390047556421
116,66,0.7376055806786983
116,67,0.7418038913872418
116,68,0.7459350291246276
116,69,0.7500000686583409
116,70,0.7540000675596022
116,71,0.7579360664785053
116,72,0.7618090894147488
116,73,0.7656201439840425
116,74,0.7693702216802485
116,75,0.7730602981333303
116,76,0.776691333363173
116,77,0.7802642720293453
116,78,0.7837800436768638
116,79,0.7872395629780259
116,80,0.7906437299703716
116,81,0.7939934302908416
116,82,0.7972895354061851
116,83,0.8005329028396841
116,84,0.8037243763942479
116,85,0.8068647863719389
116,86,0.8099549497899872
116,87,0.812995670593347
116,88,0.8159877398638532
116,89,0.8189319360260312
116,90,0.8218290250496146
116,91,0.8246797606488204
116,92,0.8274848844784393
116,93,0.830245126326784
116,94,0.8329612043055554
116,95,0.8356338250366667
116,96,0.8382636838360801
116,97,0.8408514648947027
116,98,0.8433978414563874
116,99,0.8459034759930854
116,100,0.8483690203771961
116,101,0.8507951160511608
116,102,0.8531823941943422
116,103,0.8555314758872328
116,104,0.8578429722730372
116,105,0.8601174847166686
116,106,0.8623556049612018
116,107,0.8645579152818226
116,108,0.8667249886373133
116,109,0.8688573888191163
116,110,0.8709556705980106
116,111,0.8730203798684423
116,112,0.8750520537905471
116,113,0.8770512209298985
116,114,0.8790184013950201
116,115,0.8350674813252688
116,116,0.8377064016240647
116,117,0.8403030991980796
116,118,0.84285824961091
116,119,0.8453725176171357
116,120,0.8478465573352617
116,121,0.8502810124178974
116,122,0.8526765162192109
116,123,0.8550336919597038
116,124,0.8573531528883483
116,125,0.8596355024421349
116,126,0.8618813344030608
116,127,0.8640912330526118
116,128,0.8662657733237701
116,129,0.8684055209505898
116,130,0.8705110326153804
116,131,0.872582856093534
116,132,0.8746215303960378
116,133,0.876627585909701
116,134,0.8786015445351459
116,135,0.8805439198225835
116,136,0.8824552171054224
116,137,0.8843359336317356
116,138,0.886186558693628
116,139,0.8880075737545298
116,140,0.8897994525744574
116,141,0.8915626613332659
116,142,0.8932976587519337
116,143,0.8486327758143369
116,144,0.8510546514013075
116,145,0.8534377769788865
116,146,0.8557827725472243
116,147,0.8580902481864687
116,148,0.8603608042154851
116,149,0.8625950313480374
116,150,0.864793510846469
116,151,0.8669568146729253
116,152,0.8690855056381585
116,153,0.8711801375479482
116,154,0.8732412553471807
116,155,0.8752693952616258
116,156,0.8772650849374399
116,157,0.8792288435784409
116,158,0.8811611820811859
116,159,0.8830626031678867
116,160,0.8849336015172005
116,161,0.8867746638929253
116,162,0.8885862692706386
116,163,0.8903688889623081
116,164,0.8921229867389113
116,165,0.8938490189510887
116,166,0.8955474346478713
116,167,0.8972186756935054
116,168,0.8988631768824092
116,169,0.9004813660522906
116,170,0.9020736641954542
116,171,0.9036404855683269
116,172,0.9051822377992338
116,173,0.9066993219944457
116,174,0.9081921328425345
116,175,0.9096610587170542
116,176,0.8641780057812015
116,177,0.8663511576887022
116,178,0.8684895391656828
116,179,0.8705937065390319
116,180,0.8726642072344075
116,181,0.874701579918657
116,182,0.8767063546399584
116,183,0.8786790529657191
116,184,0.8806201881182677
116,185,0.8825302651083753
116,186,0.8844097808666411
116,187,0.886259224372775
116,188,0.8880790767828104
116,189,0.8898698115542855
116,190,0.8916318945694173
116,191,0.8933657842563065
116,192,0.8950719317082056
116,193,0.8967507808008743
116,194,0.8984027683080601
116,195,0.9000283240151313
116,196,0.9016278708308892
116,197,0.9032018248975952
116,198,0.9047505956992336
116,199,0.9062745861680457
116,200,0.9077741927893571
117,1,0.5063200000000001
117,2,0.5130428800000001
117,3,0.5200109939199999
117,4,0.5271145780172798
117,5,0.5342773767690033
117,6,0.5414465811406992
117,7,0.5143742520836644
117,8,0.5219466137303257
117,9,0.5294571126866408
117,10,0.5368889502268545
117,11,0.5442309329634648
117,12,0.5514757821942172
117,13,0.5586189505898276
117,14,0.5656577940178927
117,15,0.572590991959858
117,16,0.5794181419408766
117,17,0.5861394757664856
117,18,0.5927556610218863
117,19,0.5992676622529011
117,20,0.6056766439220101
117,21,0.5753928117259098
117,22,0.5466231711396143
117,23,0.5192920125826335
117,24,0.52698142536692
117,25,0.5345483820509755
117,26,0.5419946695811082
117,27,0.5493220980178745
117,28,0.5565324846546331
117,29,0.5636276430436901
117,30,0.5706093754554631
117,31,0.5774794677385059
117,32,0.5842396858579211
117,33,0.5908917736064561
117,34,0.5974374511343361
117,35,0.603878414050095
117,36,0.6102163329190291
117,37,0.6164528530379398
117,38,0.5856302103860428
117,39,0.5922601140317967
117,40,0.5987839431156393
117,41,0.6052033936616348
117,42,0.6115201349081407
117,43,0.6177358096311749
117,44,0.6238520344941711
117,45,0.6298704004142314
117,46,0.6357924729379802
117,47,0.6416197926222361
117,48,0.647353875416165
117,49,0.6529962130426253
117,50,0.6585482733771267
117,51,0.664011500823321
117,52,0.6693873166843078
117,53,0.6746771195292708
117,54,0.6798822855551409
117,55,0.6850041689430953
117,56,0.6900441022097914
117,57,0.6950033965532848
117,58,0.6998833421936276
117,59,0.7046852087081661
117,60,0.7094102453615811
117,61,0.7140596814307174
117,62,0.7186347265242714
117,63,0.7231365708973948
117,64,0.7275663857612945
117,65,0.7319253235878945
117,66,0.7362145184096349
117,67,0.740435086114483
117,68,0.7445881247362334
117,69,0.7486747147401609
117,70,0.7526959193041132
117,71,0.7566527845951041
117,72,0.760546340041482
117,73,0.7643775986007477
117,74,0.7681475570230866
117,75,0.7718571961106828
117,76,0.7755074809728878
117,77,0.779099361277305
117,78,0.7826337714968561
117,79,0.7861116311528982
117,80,0.789533845054446
117,81,0.7929013035335706
117,82,0.7962148826770308
117,83,0.756404138543179
117,84,0.7603016723264863
117,85,0.7641368455692612
117,86,0.7679106560401521
117,87,0.7295151232381444
117,88,0.7338428812663336
117,89,0.7381013951660715
117,90,0.7422917728434142
117,91,0.7464151044779193
117,92,0.7504724628062723
117,93,0.754464903401372
117,94,0.7583934649469499
117,95,0.7622591695077985
117,96,0.7660630227956738
117,97,0.769806014430943
117,98,0.7734891182000482
117,99,0.7771132923088473
117,100,0.7806794796319056
117,101,0.7841886079577952
117,102,0.7876415902304708
117,103,0.7910393247867832
117,104,0.7943826955901945
117,105,0.7976725724607514
117,106,0.8009098113013794
117,107,0.8040952543205574
117,108,0.8072297302514284
117,109,0.8103140545674059
117,110,0.8133490296943272
117,111,0.8163354452192181
117,112,0.8192740780957106
117,113,0.822165692846179
117,114,0.82501104176064
117,115,0.8278108650924698
117,116,0.8305658912509906
117,117,0.8332768369909745
117,118,0.835944407599119
117,119,0.8385692970775332
117,120,0.8411521883242926
117,121,0.843693753311104
117,122,0.8461946532581262
117,123,0.8486555388059962
117,124,0.8510770501851003
117,125,0.8534598173821386
117,126,0.8558044603040246
117,127,0.8581115889391601
117,128,0.8603818035161336
117,129,0.8626156946598755
117,130,0.8648138435453173
117,131,0.8669768220485923
117,132,0.8691051928958148
117,133,0.8711995098094819
117,134,0.87326031765253
117,135,0.8752881525700896
117,136,0.8772835421289681
117,137,0.8792470054549048
117,138,0.8811790533676263
117,139,0.8830801885137444
117,140,0.8849509054975243
117,141,0.8867916910095637
117,142,0.8424521064590855
117,143,0.8449728727557403
117,144,0.8474533067916484
117,145,0.8498940538829819
117,146,0.8522957490208543
117,147,0.8546590170365207
117,148,0.8569844727639364
117,149,0.8592727211997133
117,150,0.8615243576605179
117,151,0.8637399679379495
117,152,0.8659201284509426
117,153,0.8680654063957274
117,154,0.8701763598933956
117,155,0.8722535381351013
117,156,0.8742974815249399
117,157,0.8763087218205406
117,158,0.878287782271412
117,159,0.8802351777550695
117,160,0.8821514149109884
117,161,0.8840369922724125
117,162,0.8858924003960539
117,163,0.8877181219897171
117,164,0.8895146320378814
117,165,0.8912823979252756
117,166,0.8930218795584711
117,167,0.8947335294855355
117,168,0.8964177930137673
117,169,0.8980751083255468
117,170,0.8997059065923381
117,171,0.9013106120868606
117,172,0.9028896422934707
117,173,0.9044434080167753
117,174,0.905972313488507
117,175,0.9074767564726907
117,176,0.9089571283691276
117,177,0.8635092719506712
117,178,0.8656931235994605
117,179,0.8678420336218691
117,180,0.8699565610839194
117,181,0.8720372561065766
117,182,0.8740846600088712
117,183,0.8760993054487294
117,184,0.8780817165615498
117,185,0.8800324090965649
117,186,0.8360307886417366
117,187,0.8386542960234691
117,188,0.8412358272870935
117,189,0.8437760540504999
117,190,0.8462756371856919
117,191,0.8487352269907209
117,192,0.8511554633588693
117,193,0.8535369759451275
117,194,0.8558803843300055
117,195,0.8581862981807256
117,196,0.8604553174098337
117,197,0.8626880323312763
117,198,0.864885023813976
117,199,0.8670468634329523
117,200,0.8691741136180251
118,1,0.5063200000000001
118,2,0.5130428800000001
118,3,0.5200109939199999
118,4,0.5271145780172798
118,5,0.5342773767690033
118,6,0.5414465811406992
118,7,0.5485857855224482
118,8,0.5556700577300889
118,9,0.5626824881496078
118,10,0.5696117742794538
118,11,0.5764505300491506
118,12,0.5831941024790818
118,13,0.5898397434769188
118,14,0.5963860302275398
118,15,0.6028324595962752
118,16,0.6091791643393981
118,17,0.6154267145776321
118,18,0.621575978951755
118,19,0.6276280275536823
118,20,0.6335840640984324
118,21,0.6394453785627835
118,22,0.6074731096346445
118,23,0.6137526015234385
118,24,0.619931903049127
118,25,0.626012532805386
118,26,0.6319960104240309
118,27,0.6378838489577184
118,28,0.6436775496647251
118,29,0.6114936721814889
118,30,0.6177096630298162
118,31,0.6238262311436011
118,32,0.6298449573508867
118,33,0.6357674001671808
118,34,0.6415950952582417
118,35,0.6095153404953296
118,36,0.6157630764930194
118,37,0.6219108542810616
118,38,0.627960271520916
118,39,0.6339129008124275
118,40,0.6397702899445206
118,41,0.6455339621869727
118,42,0.6512054166090765
118,43,0.6567861284152979
118,44,0.6622775492910298
118,45,0.6676811077536369
118,46,0.6729982095054632
118,47,0.678230237786495
118,48,0.6443187258971702
118,49,0.6500096260259987
118,50,0.6556094718298111
118,51,0.6611197201546941
118,52,0.666541804544131
118,53,0.6718771356097633
118,54,0.6771271013968437
118,55,0.6822930677442802
118,56,0.6873763786392216
118,57,0.6923783565661893
118,58,0.6973003028507667
118,59,0.7021434979979
118,60,0.7069092020248553
118,61,0.7115986547889029
118,62,0.7162130763097923
118,63,0.7207536670870938
118,64,0.7252216084124811
118,65,0.729618062677028
118,66,0.7339441736735979
118,67,0.7382010668944023
118,68,0.7423898498237989
118,69,0.7465116122264134
118,70,0.7505674264306473
118,71,0.7545583476076564
118,72,0.7584854140458639
118,73,0.7623496474210807
118,74,0.7661520530623088
118,75,0.769893620213288
118,76,0.7735753222898583
118,77,0.7771981171332086
118,78,0.7807629472590689
118,79,0.7842707401029183
118,80,0.7877224082612673
118,81,0.7911188497290842
118,82,0.7944609481334167
118,83,0.7977495729632806
118,84,0.8009855797958674
118,85,0.8041698105191328
118,86,0.8073030935508262
118,87,0.8103862440540125
118,88,0.7698669318513118
118,89,0.7735490609416906
118,90,0.7771722759666235
118,91,0.7807375195511574
118,92,0.7842457192383387
118,93,0.7876977877305253
118,94,0.7910946231268368
118,95,0.7944371091568072
118,96,0.7977261154102986
118,97,0.8009624975637338
118,98,0.8041470976027141
118,99,0.8072807440410706
118,100,0.8103642521364133
118,101,0.8133984241022306
118,102,0.8163840493165949
118,103,0.7755648468507651
118,104,0.7791558093011531
118,105,0.7826893163523345
118,106,0.7861662872906974
118,107,0.7895876266940463
118,108,0.7929542246669413
118,109,0.7962669570722702
118,110,0.7995266857591139
118,111,0.8027342587869681
118,112,0.8058905106463767
118,113,0.8089962624760346
118,114,0.8120523222764181
118,115,0.8150594851199953
118,116,0.8180185333580756
118,117,0.8209302368243462
118,118,0.8237953530351568
118,119,0.8266146273865941
118,120,0.8293887933484086
118,121,0.8321185726548344
118,122,0.8348046754923569
118,123,0.8374478006844791
118,124,0.8400486358735273
118,125,0.8426078576995509
118,126,0.845126131976358
118,127,0.8476041138647364
118,128,0.8500424480429004
118,129,0.8524417688742142
118,130,0.8548027005722266
118,131,0.8571258573630709
118,132,0.859411843645262
118,133,0.8616612541469377
118,134,0.8638746740805867
118,135,0.8660526792952974
118,136,0.8681958364265725
118,137,0.8703047030437473
118,138,0.8723798277950474
118,139,0.8744217505503264
118,140,0.8764310025415213
118,141,0.878408106500857
118,142,0.8803535767968432
118,143,0.836335897957001
118,144,0.7945191030591511
118,145,0.7978067974102047
118,146,0.8010418886516412
118,147,0.804225218433215
118,148,0.8073576149382836
118,149,0.8104398930992712
118,150,0.8134728548096829
118,151,0.8164572891327279
118,152,0.8193939725066043
118,153,0.8222836689464985
118,154,0.8251271302433544
118,155,0.827925096159461
118,156,0.8306782946209095
118,157,0.8333874419069749
118,158,0.8360532428364633
118,159,0.8386763909510797
118,160,0.8412575686958628
118,161,0.8437974475967287
118,162,0.8462966884351811
118,163,0.8487559414202183
118,164,0.851175846357495
118,165,0.853557032815775
118,166,0.8559001202907226
118,167,0.8582057183660711
118,168,0.8604744268722138
118,169,0.8627068360422584
118,170,0.8649035266655822
118,171,0.8670650702389329
118,172,0.86919202911511
118,173,0.8712849566492682
118,174,0.87334439734288
118,175,0.875370886985394
118,176,0.8316023426361243
118,177,0.8342967051539463
118,178,0.8369479578714832
118,179,0.8395567905455396
118,180,0.7975789510182626
118,181,0.8008176878019702
118,182,0.8040046047971389
118,183,0.8071405311203848
118,184,0.8102262826224583
118,185,0.813262662100499
118,186,0.816250459506891
118,187,0.7754379365315464
118,188,0.7366660397049692
118,189,0.7408793830696896
118,190,0.7450253129405746
118,191,0.7491049079335254
118,192,0.7531192294065892
118,193,0.7570693217360838
118,194,0.7609562125883064
118,195,0.7647809131868935
118,196,0.7685444185759032
118,197,0.7722477078786888
118,198,0.7758917445526295
118,199,0.7794774766397875
118,200,0.783005837013551
119,1,0.5063200000000001
119,2,0.5130428800000001
119,3,0.5200109939199999
119,4,0.5271145780172798
119,5,0.5342773767690033
119,6,0.5414465811406992
119,7,0.5143742520836644
119,8,0.5219466137303257
119,9,0.5294571126866408
119,10,0.5368889502268545
119,11,0.5442309329634648
119,12,0.5514757821942172
119,13,0.5586189505898276
119,14,0.5656577940178927
119,15,0.572590991959858
119,16,0.5439614423618652
119,17,0.5512466651364514
119,18,0.5584187425909313
119,19,0.565478459577141
119,20,0.5724268960312718
119,21,0.579265329959927
119,22,0.5859951696661768
119,23,0.5926179064414441
119,24,0.5991350815813292
119,25,0.6055482634260919
119,26,0.611859031416319
119,27,0.6180689650571891
119,28,0.6241796363167462
119,29,0.6301926044260087
119,30,0.5986829742047081
119,31,0.6051039362206638
119,32,0.6114221959633952
119,33,0.6176393867335641
119,34,0.6237571186797354
119,35,0.5925692627457484
119,36,0.5990881280355522
119,37,0.6055026994325986
119,38,0.6118146432536076
119,39,0.6180255998699011
119,40,0.6241371839078287
119,41,0.6301509845103955
119,42,0.6360685656397939
119,43,0.641891466406652
119,44,0.6476212014161125
119,45,0.653259261123831
119,46,0.6588071121971134
119,47,0.664266197877844
119,48,0.6696379383449178
119,49,0.6749237310745825
119,50,0.6801249511976176
119,51,0.6852429518526155
119,52,0.6902790645348859
119,53,0.6952345994406658
119,54,0.7001108458064522
119,55,0.7049090722433349
119,56,0.7096305270662915
119,57,0.7142764386184257
119,58,0.7188480155901674
119,59,0.7233464473334705
119,60,0.7277729041710567
119,61,0.7321285377007651
119,62,0.7364144810950646
119,63,0.740631849395802
119,64,0.7447817398042498
119,65,0.7488652319665282
119,66,0.7528833882544662
119,67,0.7152392188417431
119,68,0.7197953913398571
119,69,0.6838056217728641
119,70,0.6888647318242055
119,71,0.6938428961148132
119,72,0.6987414097768329
119,73,0.7035615472203032
119,74,0.708304562464708
119,75,0.7129716894652236
119,76,0.7175641424337457
119,77,0.7220831161547815
119,78,0.7265297862962881
119,79,0.7309053097155355
119,80,0.7352108247600788
119,81,0.6984502835220747
119,82,0.7032750789857156
119,83,0.7080226777219403
119,84,0.7126943148783861
119,85,0.7172912058403298
119,86,0.7218145465468832
119,87,0.7262655138021323
119,88,0.7306452655812976
119,89,0.7349549413319961
119,90,0.7391956622706839
119,91,0.7433685316743528
119,92,0.7474746351675631
119,93,0.751515041004882
119,94,0.7554908003488038
119,95,0.7594029475432226
119,96,0.7632525003825312
119,97,0.7670404603764106
119,98,0.7707678130103879
119,99,0.7744355280022218
119,100,0.7780445595541862
119,101,0.7815958466013194
119,102,0.7850903130556983
119,103,0.788528868046807
119,104,0.7919124061580581
119,105,0.7952418076595292
119,106,0.7985179387369767
119,107,0.8017416517171851
119,108,0.80491378528971
119,109,0.8080351647250748
119,110,0.8111066020894736
119,111,0.814128896456042
119,112,0.8171028341127453
119,113,0.8200291887669413
119,114,0.8229087217466706
119,115,0.8257421821987236
119,116,0.8285303072835439
119,117,0.8312738223670074
119,118,0.8339734412091351
119,119,0.836629866149789
119,120,0.8392437882913925
119,121,0.8418158876787303
119,122,0.8443468334758706
119,123,0.8468372841402566
119,124,0.8492878875940125
119,125,0.8516992813925082
119,126,0.854072092890228
119,127,0.8564069394039844
119,128,0.8587044283735207
119,129,0.8609651575195445
119,130,0.8631897149992318
119,131,0.8653786795592439
119,132,0.8675326206862962
119,133,0.8696520987553154
119,134,0.8717376651752303
119,135,0.8737898625324266
119,136,0.8758092247319077
119,137,0.8777962771361972
119,138,0.879751536702018
119,139,0.8816755121147859
119,140,0.8835687039209492
119,141,0.8854316046582141
119,142,0.8411600244253032
119,143,0.8437014640344985
119,144,0.8462022406099464
119,145,0.8486630047601873
119,146,0.8510843966840242
119,147,0.8534670463370799
119,148,0.8558115735956868
119,149,0.8581185884181556
119,150,0.8603886910034649
119,151,0.8626224719474097
119,152,0.864820512396251
119,153,0.8669833841979109
119,154,0.8691116500507444
119,155,0.8712058636499325
119,156,0.8732665698315335
119,157,0.8752943047142289
119,158,0.8772895958388013
119,159,0.8792529623053802
119,160,0.8811849149084944
119,161,0.8830859562699584
119,162,0.8849565809696391
119,163,0.8407087519211572
119,164,0.8432574118904187
119,165,0.845765293300172
119,166,0.848233048607369
119,167,0.8506613198296511
119,168,0.8530507387123768
119,169,0.8554019268929787
119,170,0.8577154960626914
119,171,0.8599920481256881
119,172,0.862232175355677
119,173,0.8644364605499864
119,174,0.8666054771811863
119,175,0.8687397895462873
119,176,0.8708399529135468
119,177,0.8729065136669301
119,178,0.8749400094482592
119,179,0.8769409692970871
119,180,0.8789099137883337
119,181,0.8808473551677205
119,182,0.8827537974850369
119,183,0.8846297367252763
119,184,0.8864756609376719
119,185,0.8882920503626691
119,186,0.8900793775568664
119,187,0.8918381075159564
119,188,0.8935686977957011
119,189,0.8952715986309701
119,190,0.8969472530528746
119,191,0.8985960970040285
119,192,0.9002185594519642
119,193,0.9018150625007326
119,194,0.9033860215007211
119,195,0.9049318451567094
119,196,0.9064529356342022
119,197,0.9079496886640547
119,198,0.9094224936454298
119,199,0.9108717337471031
119,200,0.9122977860071492
120,1,0.5063200000000001
120,2,0.5130428800000001
120,3,0.5200109939199999
120,4,0.5271145780172798
120,5,0.5342773767690033
120,6,0.5414465811406992
120,7,0.5485857855224482
120,8,0.5556700577300889
120,9,0.5626824881496078
120,10,0.5696117742794538
120,11,0.5764505300491506
120,12,0.5831941024790818
120,13,0.5898397434769188
120,14,0.5963860302275398
120,15,0.6028324595962752
120,16,0.6091791643393981
120,17,0.6154267145776321
120,18,0.621575978951755
120,19,0.6276280275536823
120,20,0.6335840640984324
120,21,0.6394453785627835
120,22,0.6452133141487273
120,23,0.6508892442724116
120,24,0.6564745565690977
120,25,0.6619706418075233
120,26,0.6673788862390748
120,27,0.6727006663495801
120,28,0.677937345291218
120,29,0.6830902704888204
120,30,0.6881607720665825
120,31,0.6931501618474254
120,32,0.6980597327516024
120,33,0.7028907584731918
120,34,0.7076444933495514
120,35,0.7123221723643098
120,36,0.7169250112423267
120,37,0.7214542066075416
120,38,0.7259109361833855
120,39,0.7302963590215464
120,40,0.7346116157491684
120,41,0.7388578288275585
120,42,0.7430361028175809
120,43,0.7471475246483841
120,44,0.7511931638871292
120,45,0.7551740730081187
120,46,0.7590912876602172
120,47,0.7629458269318137
120,48,0.7667386936128165
120,49,0.7704708744533498
120,50,0.7741433404189328
120,51,0.7777570469420158
120,52,0.7813129341697935
120,53,0.784811927208272
120,54,0.7882549363625759
120,55,0.7916428573735205
120,56,0.7949765716504659
120,57,0.7982569465005036
120,58,0.8014848353540073
120,59,0.761410593586307
120,60,0.7652280240871843
120,61,0.7689843757005702
120,62,0.7726806256885077
120,63,0.776317735676894
120,64,0.7798966519056454
120,65,0.7834183054748625
120,66,0.7868836125870597
120,67,0.7902934747855233
120,68,0.7936487791888547
120,69,0.7969503987217625
120,70,0.8001991923421652
120,71,0.7601892327250571
120,72,0.7640262050014217
120,73,0.7258248947513508
120,74,0.7302116964353049
120,75,0.734528309292323
120,76,0.7387758563436342
120,77,0.7429554426421277
120,78,0.747068155559848
120,79,0.7511150650708862
120,80,0.755097224029749
120,81,0.759015668445271
120,82,0.7628714177501454
120,83,0.7666654750661421
120,84,0.770398827465083
120,85,0.7318788860918289
120,86,0.7361688239143589
120,87,0.7403901227317289
120,88,0.744543880768021
120,89,0.7486311786757327
120,90,0.7526530798169209
120,91,0.7566106305398499
120,92,0.7605048604512121
120,93,0.7643367826839927
120,94,0.768107394161049
120,95,0.7718176758544721
120,96,0.7754685930408007
120,97,0.779061095552148
120,98,0.7825961180233136
120,99,0.7860745801349405
120,100,0.7894973868527815
120,101,0.7928654286631371
120,102,0.7961795818045269
120,103,0.7994407084956543
120,104,0.802649657159724
120,105,0.8058072626451682
120,106,0.8089143464428457
120,107,0.8119717168997601
120,108,0.8149801694293638
120,109,0.8179404867184943
120,110,0.8208534389309982
120,111,0.7798107669844483
120,112,0.7833337947126969
120,113,0.786800453997294
120,114,0.7902116467333371
120,115,0.7935682603856037
120,116,0.7968711682194342
120,117,0.8001212295279231
120,118,0.8033192898554764
120,119,0.8064661812177889
120,120,0.8095627223183042
120,121,0.8126097187612112
120,122,0.815607963261032
120,123,0.8185582358488557
120,124,0.821461304075274
120,125,0.8243179232100694
120,126,0.8271288364387084
120,127,0.829894775055689
120,128,0.832616458654798
120,129,0.8352945953163214
120,130,0.83792988179126
120,131,0.8405230036825999
120,132,0.8430746356236785
120,133,0.8455854414536997
120,134,0.8033061693810147
120,135,0.8064532706709183
120,136,0.8095500183401837
120,137,0.8125972180467407
120,138,0.8155956625579929
120,139,0.818546131957065
120,140,0.8214493938457521
120,141,0.82430620354422
120,142,0.8271173042875125
120,143,0.7857614390731371
120,144,0.7891892560479669
120,145,0.7925622279511992
120,146,0.79588123230398
120,147,0.7991471325871162
120,148,0.8023607784657225
120,149,0.8055230060102708
120,150,0.8086346379141066
120,151,0.8116964837074809
120,152,0.7711116595221069
120,153,0.7747738729697531
120,154,0.7783774910022371
120,155,0.7819234511462014
120,156,0.7854126759278621
120,157,0.7888460731130162
120,158,0.7922245359432083
120,159,0.7955489433681167
120,160,0.7988201602742269
120,161,0.8020390377098392
120,162,0.8052064131064819
120,163,0.808323110496778
120,164,0.8113899407288298
120,165,0.8144077016771684
120,166,0.8173771784503338
120,167,0.8202991435951285
120,168,0.8231743572976062
120,169,0.8260035675808446
120,170,0.7847033892018022
120,171,0.7881481349745735
120,172,0.7915377648149804
120,173,0.7948731605779407
120,174,0.7981551900086934
120,175,0.8013847069685547
120,176,0.8045625516570574
120,177,0.8076895508305448
120,178,0.8107665180172561
120,179,0.81379425372898
120,180,0.816773545669316
120,181,0.8197051689386072
120,182,0.8225898862355893
120,183,0.8254284480558199
120,184,0.8282215928869269
120,185,0.8309700474007361
120,186,0.8336745266423243
120,187,0.8363357342160469
120,188,0.8389543624685901
120,189,0.8415310926690929
120,190,0.8440665951863873
120,191,0.8465615296634048
120,192,0.8490165451887904
120,193,0.8514322804657699
120,194,0.8538093639783175
120,195,0.8561484141546647
120,196,0.85845003952819
120,197,0.860714838895739
120,198,0.8629434014734072
120,199,0.8651363070498327
120,200,0.8672941261370355
121,1,0.5063200000000001
121,2,0.5130428800000001
121,3,0.5200109939199999
121,4,0.5271145780172798
121,5,0.5342773767690033
121,6,0.5414465811406992
121,7,0.5485857855224482
121,8,0.5556700577300889
121,9,0.5626824881496078
121,10,0.5696117742794538
121,11,0.5764505300491506
121,12,0.5831941024790818
121,13,0.5540343973551277
121,14,0.561146593634948
121,15,0.5681519707830402
121,16,0.5750501451028878
121,17,0.581841366877905
121,18,0.588526321875523
121,19,0.5951059925328794
121,20,0.601581560917509
121,21,0.6079543409284375
121,22,0.6142257309635089
121,23,0.5835144444153334
121,24,0.5901772749476364
121,25,0.5967337816985377
121,26,0.603185581396406
121,27,0.6095342902375945
121,28,0.6157815162942649
121,29,0.621928854323887
121,30,0.6279778822579359
121,31,0.633930158864071
121,32,0.639787222227829
121,33,0.6455505888060921
121,34,0.6512217528789304
121,35,0.6568021862784826
121,36,0.6239620769645583
121,37,0.6299786707450559
121,38,0.6358990029214866
121,39,0.6417246125105884
121,40,0.6474570142555114
121,41,0.6530976989089877
121,42,0.6586481335435388
121,43,0.6641097618788089
121,44,0.6694840046191247
121,45,0.6747722597964823
121,46,0.6799759031156233
121,47,0.645977107959842
121,48,0.6516414738656038
121,49,0.6572152100269374
121,50,0.662699766486735
121,51,0.6680965700971071
121,52,0.6734070248874653
121,53,0.6786325124276041
121,54,0.6837743921855992
121,55,0.6888340018804154
121,56,0.6938126578291788
121,57,0.6987116552891066
121,58,0.7035322687941175
121,59,0.7082757524861574
121,60,0.7129433404413008
121,61,0.7175362469906851
121,62,0.7220556670363459
121,63,0.7265027763620224
121,64,0.7308787319390111
121,65,0.7351846722271332
121,66,0.7394217174709019
121,67,0.7435909699909492
121,68,0.7476935144708013
121,69,0.7517304182390634
121,70,0.7141438973271103
121,71,0.7187175949697332
121,72,0.7232181134501168
121,73,0.7276466236348449
121,74,0.7320042776566382
121,75,0.7362922092140974
121,76,0.7405115338666479
121,77,0.7446633493247644
121,78,0.7487487357355566
121,79,0.752768755963779
121,80,0.756724455868353
121,81,0.7606168645744553
121,82,0.7644469947412611
121,83,0.7682158428253988
121,84,0.7719243893401909
121,85,0.7755735991107469
121,86,0.7791644215249744
121,87,0.7826977907805743
121,88,0.786174626128085
121,89,0.7895958321100351
121,90,0.7929622987962743
121,91,0.7962749020155341
121,92,0.7995345035832853
121,93,0.8027419515259527
121,94,0.8058980803015375
121,95,0.809003711016713
121,96,0.8120596516404456
121,97,0.8150666972141986
121,98,0.8180256300587713
121,99,0.7771243485558326
121,100,0.7806903589789392
121,101,0.7841993132352765
121,102,0.7876521242235122
121,103,0.7910496902359356
121,104,0.7943928951921607
121,105,0.7546732504325527
121,106,0.7585984784256319
121,107,0.7624609027708218
121,108,0.7662615283264885
121,109,0.7700013438732647
121,110,0.7736813223712924
121,111,0.7349972562527277
121,112,0.7392373001526842
121,113,0.7434095033502413
121,114,0.7475149512966373
121,115,0.751554712075891
121,116,0.7555298366826768
121,117,0.7594413592957542
121,118,0.7632902975470219
121,119,0.7670776527862697
121,120,0.7708044103416894
121,121,0.7744715397762223
121,122,0.778079995139803
121,123,0.7816307152175661
121,124,0.7851246237740849
121,125,0.7885626297936994
121,126,0.7919456277170004
121,127,0.7952744976735284
121,128,0.7985501057107521
121,129,0.8017733040193799
121,130,0.8049449311550699
121,131,0.8080658122565888
121,132,0.8111367592604835
121,133,0.8141585711123156
121,134,0.8171320339745185
121,135,0.8200579214309263
121,136,0.8229369946880315
121,137,0.825770002773023
121,138,0.8285576827286546
121,139,0.8313007598049962
121,140,0.8339999476481165
121,141,0.8366559484857466
121,142,0.8392694533099746
121,143,0.841841142057015
121,144,0.7997490849541643
121,145,0.8029530995948976
121,146,0.8061058500013794
121,147,0.8092081564013572
121,148,0.8122608258989354
121,149,0.8152646526845524
121,150,0.8182204182415995
121,151,0.821128891549734
121,152,0.8239908292849382
121,153,0.8268069760163794
121,154,0.8295780644001173
121,155,0.8323048153697155
121,156,0.8349879383238001
121,157,0.8376281313106192
121,158,0.8402260812096494
121,159,0.842782463910295
121,160,0.84529794448773
121,161,0.8477731773759267
121,162,0.8502088065379116
121,163,0.8526054656333052
121,164,0.8549637781831722
121,165,0.8572843577322414
121,166,0.8595678080085255
121,167,0.8618147230803892
121,168,0.8640256875111028
121,169,0.8662012765109253
121,170,0.8683420560867503
121,171,0.8704485831893625
121,172,0.8725214058583328
121,173,0.8745610633645994
121,174,0.8765680863507658
121,175,0.8785429969691535
121,176,0.880486309017647
121,177,0.8823985280733646
121,178,0.8842801516241909
121,179,0.8861316691982039
121,180,0.8879535624910325
121,181,0.8897463054911761
121,182,0.8915103646033172
121,183,0.893246198769664
121,184,0.8949542595893497
121,185,0.89663499143592
121,186,0.898288831572945
121,187,0.8999162102677781
121,188,0.9015175509034936
121,189,0.9030932700890377
121,190,0.9046437777676133
121,191,0.9061694773233315
121,192,0.9076707656861582
121,193,0.9091480334351797
121,194,0.9106016649002167
121,195,0.9120320382618132
121,196,0.9134395256496243
121,197,0.867767549367143
121,198,0.8698832685772688
121,199,0.8719651362800324
121,200,0.8740136940995521
122,1,0.5063200000000001
122,2,0.5130428800000001
122,3,0.5200109939199999
122,4,0.5271145780172798
122,5,0.5342773767690033
122,6,0.5414465811406992
122,7,0.5485857855224482
122,8,0.5556700577300889
122,9,0.5626824881496078
122,10,0.5696117742794538
122,11,0.5764505300491506
122,12,0.5831941024790818
122,13,0.5898397434769188
122,14,0.5963860302275398
122,15,0.5665667287161626
122,16,0.57349026690908
122,17,0.5803064467351983
122,18,0.5870159604550994
122,19,0.5936197968951828
122,20,0.6001191444100155
122,21,0.6065153230850641
122,22,0.6128097374056289
122,23,0.6190038432500874
122,24,0.6250991249081498
122,25,0.631097079114664
122,26,0.6369992039923605
122,27,0.6428069914289548
122,28,0.6485219218564217
122,29,0.6160958257636008
122,30,0.6222381821546142
122,31,0.6282822939624021
122,32,0.596868179264282
122,33,0.6033182343016369
122,34,0.609665104686719
122,35,0.6159104365054673
122,36,0.6220558509669947
122,37,0.6281029443634534
122,38,0.6340532881619896
122,39,0.6399084291872437
122,40,0.6079130077278811
122,41,0.6141863951493273
122,42,0.6203594097085026
122,43,0.6264336569702618
122,44,0.632410716930704
122,45,0.6382921443901897
122,46,0.6440794693312101
122,47,0.6497741972977952
122,48,0.6172854874329055
122,49,0.623408919267098
122,50,0.6294343763020079
122,51,0.6353634261014043
122,52,0.6411976111579417
122,53,0.6469384492913265
122,54,0.6525874340410034
122,55,0.6581460350531843
122,56,0.663615698462119
122,57,0.6689978472655753
122,58,0.674293881694521
122,59,0.640579187609795
122,60,0.6463299205976747
122,61,0.6519886418608575
122,62,0.6193892097678144
122,63,0.6254789824064517
122,64,0.6314713186843937
122,65,0.6373677775829552
122,66,0.6431698931398859
122,67,0.6488791748484284
122,68,0.65449710805
122,69,0.6600251543206028
122,70,0.6270238966045726
122,71,0.6329915142584812
122,72,0.6388636500300529
122,73,0.6446418316293667
122,74,0.6503275623231537
122,75,0.6559223213258825
122,76,0.6614275641845981
122,77,0.6668447231575955
122,78,0.6721752075870396
122,79,0.6774204042656229
122,80,0.6825816777973557
122,81,0.6876603709525865
122,82,0.6926578050173366
122,83,0.6975752801370535
122,84,0.7024140756548565
122,85,0.7071754504443761
122,86,0.7118606432372641
122,87,0.7164708729454664
122,88,0.7210073389783378
122,89,0.7254712215546839
122,90,0.7298636820098084
122,91,0.734185863097651
122,92,0.6974765699427686
122,93,0.7023169448236841
122,94,0.7070798737065049
122,95,0.711766595727201
122,96,0.7163783301955655
122,97,0.7209162769124364
122,98,0.7253816164818372
122,99,0.7297755106181278
122,100,0.7340991024482377
122,101,0.7383535168090662
122,102,0.7425398605401212
122,103,0.7466592227714791
122,104,0.7507126752071358
122,105,0.7547012724038213
122,106,0.7586260520453602
122,107,0.7624880352126344
122,108,0.7662882266492324
122,109,0.7700276150228446
122,110,0.7737071731824793
122,111,0.7773278584115596
122,112,0.7808906126769747
122,113,0.7843963628741428
122,114,0.7878460210681567
122,115,0.7912404847310661
122,116,0.794580636975369
122,117,0.797867346783763
122,118,0.8011014692352229
122,119,0.8042838457274593
122,120,0.80741530419582
122,121,0.8104966593286868
122,122,0.8135287127794278
122,123,0.8165122533749571
122,124,0.8194480573209578
122,125,0.8223368884038222
122,126,0.825179498189361
122,127,0.8279766262183316
122,128,0.8307290001988381
122,129,0.8334373361956567
122,130,0.8361023388165265
122,131,0.838724701395462
122,132,0.8413051061731345
122,133,0.8438442244743645
122,134,0.8463427168827746
122,135,0.8488012334126502
122,136,0.8512204136780476
122,137,0.8536008870591989
122,138,0.8559432728662518
122,139,0.8582481805003918
122,140,0.8605162096123854
122,141,0.8627479502585873
122,142,0.8649439830544499
122,143,0.8671048793255786
122,144,0.8692312012563693
122,145,0.8257696411935507
122,146,0.828557326934454
122,147,0.8313004097035026
122,148,0.7897353892183274
122,149,0.7930996229908341
122,150,0.796410029022981
122,151,0.7996674685586133
122,152,0.8028727890616754
122,153,0.8060268244366886
122,154,0.7657254832148542
122,155,0.7694738754834166
122,156,0.7731622934756819
122,157,0.776791696780071
122,158,0.7803630296315898
122,159,0.7838772211574844
122,160,0.7873351856189647
122,161,0.7907378226490615
122,162,0.7940860174866765
122,163,0.7973806412068895
122,164,0.8006225509475794
122,165,0.803812590132418
122,166,0.8069515886902995
122,167,0.8100403632712545
122,168,0.8130797174589144
122,169,0.8160704419795721
122,170,0.8190133149078986
122,171,0.8219091018693725
122,172,0.7808136467759038
122,173,0.7843206284274892
122,174,0.7877714983726494
122,175,0.7911671543986871
122,176,0.794508479928308
122,177,0.7977963442494552
122,178,0.8010316027414637
122,179,0.8042150970976005
122,180,0.8073476555440389
122,181,0.8104300930553341
122,182,0.8134632115664487
122,183,0.8164478001813856
122,184,0.7756254101723166
122,185,0.7792154036095592
122,186,0.7827479571518061
122,187,0.7862239898373775
122,188,0.7896444059999793
122,189,0.7930100955039798
122,190,0.7533595907287807
122,191,0.75730583727712
122,192,0.7611889438806861
122,193,0.7650099207785953
122,194,0.7687697620461376
122,195,0.7724694458533995
122,196,0.7761099347197451
122,197,0.7796921757642291
122,198,0.7407075669760175
122,199,0.7448562459044015
122,200,0.7489385459699311
123,1,0.5063200000000001
123,2,0.5130428800000001
123,3,0.5200109939199999
123,4,0.5271145780172798
123,5,0.5342773767690033
123,6,0.5414465811406992
123,7,0.5485857855224482
123,8,0.5556700577300889
123,9,0.5626824881496078
123,10,0.5696117742794538
123,11,0.5764505300491506
123,12,0.5831941024790818
123,13,0.5898397434769188
123,14,0.5963860302275398
123,15,0.6028324595962752
123,16,0.6091791643393981
123,17,0.6154267145776321
123,18,0.621575978951755
123,19,0.6276280275536823
123,20,0.6335840640984324
123,21,0.6394453785627835
123,22,0.6452133141487273
123,23,0.6508892442724116
123,24,0.6564745565690977
123,25,0.6619706418075233
123,26,0.6673788862390748
123,27,0.6727006663495801
123,28,0.677937345291218
123,29,0.6830902704888204
123,30,0.6881607720665825
123,31,0.6931501618474254
123,32,0.6980597327516024
123,33,0.7028907584731918
123,34,0.7076444933495514
123,35,0.7123221723643098
123,36,0.7169250112423267
123,37,0.7214542066075416
123,38,0.7259109361833855
123,39,0.7302963590215464
123,40,0.7346116157491684
123,41,0.7388578288275585
123,42,0.7430361028175809
123,43,0.7471475246483841
123,44,0.7511931638871292
123,45,0.7551740730081187
123,46,0.7590912876602172
123,47,0.7629458269318137
123,48,0.7667386936128165
123,49,0.7704708744533498
123,50,0.7741433404189328
123,51,0.7777570469420158
123,52,0.7813129341697935
123,53,0.784811927208272
123,54,0.7882549363625759
123,55,0.7916428573735205
123,56,0.7949765716504659
123,57,0.7982569465005036
123,58,0.8014848353540073
123,59,0.8046610779866015
123,60,0.8077865007375967
123,61,0.8108619167249417
123,62,0.8138881260567452
123,63,0.8168659160394188
123,64,0.8197960613824955
123,65,0.8226793244001704
123,66,0.8255164552096245
123,67,0.8283081919261701
123,68,0.8310552608552811
123,69,0.8337583766815474
123,70,0.8364182426546082
123,71,0.8390355507721102
123,72,0.8416109819597397
123,73,0.844145206248372
123,74,0.8466388829483898
123,75,0.8043069388009702
123,76,0.807438027780149
123,77,0.8105190193356625
123,78,0.8135507150262888
123,79,0.8165339035858665
123,80,0.819469361128491
123,81,0.8223578513504343
123,82,0.8252001257288267
123,83,0.827996923717165
123,84,0.8307489729376899
123,85,0.8334569893706869
123,86,0.8361216775407557
123,87,0.8387437307001034
123,88,0.7968065441650983
123,89,0.8000576394584564
123,90,0.8032567172271211
123,91,0.8064046097514872
123,92,0.8095021359954634
123,93,0.812550101819536
123,94,0.8155493001904233
123,95,0.8185005113873768
123,96,0.8214045032051785
123,97,0.8242620311538958
123,98,0.8270738386554335
123,99,0.8298406572369466
123,100,0.8325632067211555
123,101,0.8352421954136169
123,102,0.8378783202869989
123,103,0.8404722671624072
123,104,0.8430247108878085
123,105,0.8455363155136035
123,106,0.848007734465386
123,107,0.8504396107139399
123,108,0.8528325769425168
123,109,0.8551872557114365
123,110,0.8575042596200536
123,111,0.8597841914661327
123,112,0.8620276444026744
123,113,0.8642352020922317
123,114,0.8664074388587559
123,115,0.868544919837016
123,116,0.8706482011196238
123,117,0.8727178299017098
123,118,0.8747543446232825
123,119,0.8310166273921183
123,120,0.8337203613538444
123,121,0.8363808355721828
123,122,0.8389987422030278
123,123,0.8415747623277794
123,124,0.8441095661305347
123,125,0.8466038130724464
123,126,0.8490581520632873
123,127,0.8514732216302748
123,128,0.8538496500841901
123,129,0.8561880556828433
123,130,0.8584890467919178
123,131,0.8607532220432471
123,132,0.8629811704905551
123,133,0.8651734717627061
123,134,0.8673306962145026
123,135,0.8694534050750707
123,136,0.8715421505938699
123,137,0.8735974761843679
123,138,0.875619916565418
123,139,0.8776099979003712
123,140,0.8795682379339652
123,141,0.881495146127022
123,142,0.8833912237889894
123,143,0.8852569642083654
123,144,0.8870928527810318
123,145,0.8888993671365352
123,146,0.8906769772623507
123,147,0.892426145626153
123,148,0.8478048383448454
123,149,0.8502399609313279
123,150,0.8526361215564264
123,151,0.8549939436115238
123,152,0.8573140405137393
123,153,0.8595970158655193
123,154,0.861843463611671
123,155,0.8640539681938844
123,156,0.8662291047027824
123,157,0.8683694390275377
123,158,0.8704755280030974
123,159,0.8725479195550475
123,160,0.8745871528421668
123,161,0.8765937583966922
123,162,0.878568258262345
123,163,0.8805111661301476
123,164,0.8824229874720653
123,165,0.884304219672512
123,166,0.886155352157752
123,167,0.887976866523228
123,168,0.8897692366588565
123,169,0.8915329288723146
123,170,0.8932684020103576
123,171,0.8949761075781918
123,172,0.8966564898569407
123,173,0.8983099860192295
123,174,0.899937026242922
123,175,0.9015380338230351
123,176,0.9031134252818667
123,177,0.9046636104773569
123,178,0.9061889927097193
123,179,0.9076899688263638
123,180,0.9091669293251419
123,181,0.9106202584559396
123,182,0.9120503343206444
123,183,0.9134575289715142
123,184,0.9148422085079702
123,185,0.9162047331718425
123,186,0.9175454574410932
123,187,0.8716681845690385
123,188,0.8737214936159339
123,189,0.8757419497180787
123,190,0.8777300785225896
123,191,0.879686397266228
123,192,0.8816114149099684
123,193,0.8835056322714088
123,194,0.8853695421550662
123,195,0.8411010650473131
123,196,0.8436434480065561
123,197,0.801461275606228
123,198,0.8046378951965284
123,199,0.807763688873384
123,200,0.8108394698514096
124,1,0.5063200000000001
124,2,0.5130428800000001
124,3,0.5200109939199999
124,4,0.5271145780172798
124,5,0.5342773767690033
124,6,0.5414465811406992
124,7,0.5485857855224482
124,8,0.5556700577300889
124,9,0.5626824881496078
124,10,0.5696117742794538
124,11,0.5764505300491506
124,12,0.5831941024790818
124,13,0.5898397434769188
124,14,0.5963860302275398
124,15,0.6028324595962752
124,16,0.6091791643393981
124,17,0.5787202061224281
124,18,0.5854550996921335
124,19,0.5920839099044245
124,20,0.598607831611109
124,21,0.6050281912909405
124,22,0.6113463997202115
124,23,0.6175639189676364
124,24,0.6236822394142181
124,25,0.629702863788635
124,26,0.6356272961115483
124,27,0.6414570340742354
124,28,0.647193563819378
124,29,0.6528383564014991
124,30,0.6583928654213369
124,31,0.6638585254801785
124,32,0.669236751206404
124,33,0.6745289366808376
124,34,0.6797364551395593
124,35,0.6848606588692567
124,36,0.6899028792356998
124,37,0.6948644268037748
124,38,0.6997465915200063
124,39,0.7045506429372509
124,40,0.7092778304673499
124,41,0.7139293836518391
124,42,0.7185065124437863
124,43,0.723010407495949
124,44,0.7274422404518985
124,45,0.7318031642377874
124,46,0.7360943133531663
124,47,0.7403168041597438
124,48,0.744471735167348
124,49,0.7485601873165824
124,50,0.7525832242578552
124,51,0.7565418926265666
124,52,0.760437222314327
124,53,0.7642702267361479
124,54,0.7680419030935646
124,55,0.7717532326337042
124,56,0.7754051809043105
124,57,0.7789986980047632
124,58,0.7825347188331323
124,59,0.7860141633293141
124,60,0.7894379367143033
124,61,0.792806929725655
124,62,0.796122018849191
124,63,0.7993840665470064
124,64,0.8025939214818363
124,65,0.8057524187378341
124,66,0.8088603800378239
124,67,0.8119186139570752
124,68,0.8149279161336617
124,69,0.8178890694754527
124,70,0.8208028443637965
124,71,0.823669998853941
124,72,0.8264912788722538
124,73,0.829267418410281
124,74,0.8319991397157047
124,75,0.8346871534802449
124,76,0.8373321590245555
124,77,0.8399348444801584
124,78,0.842495886968473
124,79,0.8450159527769754
124,80,0.8474956975325425
124,81,0.8499357663720207
124,82,0.8523367941100677
124,83,0.8546994054043061
124,84,0.8119644351340908
124,85,0.814973004171945
124,86,0.8179334361051935
124,87,0.8208465011275103
124,88,0.82371295710947
124,89,0.7825273092539966
124,90,0.7860068723059326
124,91,0.7894307623490378
124,92,0.792799870151453
124,93,0.7961150722290298
124,94,0.7993772310733651
124,95,0.8025871953761913
124,96,0.8057458002501722
124,97,0.8088538674461695
124,98,0.8119122055670308
124,99,0.8149216102779583
124,100,0.8178828645135109
124,101,0.820796738681295
124,102,0.8236639908623943
124,103,0.8264853670085959
124,104,0.7851610986581662
124,105,0.7885985210796354
124,106,0.7919809447423612
124,107,0.7523818975052432
124,108,0.7563437871451593
124,109,0.7602422865508366
124,110,0.7640784099660233
124,111,0.7678531554065668
124,112,0.771567504920062
124,113,0.7752224248413407
124,114,0.7788188660438794
124,115,0.7823577641871772
124,116,0.7858400399601826
124,117,0.7892665993208197
124,118,0.7926383337316864
124,119,0.7959561203919795
124,120,0.7992208224657078
124,121,0.8024332893062563
124,122,0.7623116248409436
124,123,0.7661146388434885
124,124,0.7698568046219927
124,125,0.7735390957480407
124,126,0.7771624702160723
124,127,0.7807278706926152
124,128,0.7842362247615333
124,129,0.7876884451653487
124,130,0.7910854300427029
124,131,0.7944280631620197
124,132,0.7977172141514275
124,133,0.8009537387250047
124,134,0.8041384789054046
124,135,0.8072722632429181
124,136,0.8103559070310314
124,137,0.8133902125185349
124,138,0.8163759691182385
124,139,0.8193139536123468
124,140,0.8222049303545489
124,141,0.8250496514688764
124,142,0.8278488570453743
124,143,0.8306032753326484
124,144,0.8333136229273258
124,145,0.8359806049604884
124,146,0.7941815747124641
124,147,0.7974746695170648
124,148,0.8007150748047916
124,149,0.803903633607915
124,150,0.8070411754701882
124,151,0.8101285166626653
124,152,0.8131664603960628
124,153,0.8161557970297256
124,154,0.81909730427725
124,155,0.821991747408814
124,156,0.824839879450273
124,157,0.8276424413790687
124,158,0.8304001623170036
124,159,0.8331137597199316
124,160,0.8357839395644128
124,161,0.7939947425861918
124,162,0.797290826704813
124,163,0.8005341734775359
124,164,0.8037256267018954
124,165,0.806866016674665
124,166,0.8099561604078703
124,167,0.8129968618413445
124,168,0.8159889120518831
124,169,0.8189330894590527
124,170,0.8218301600277081
124,171,0.8246808774672646
124,172,0.8274859834277886
124,173,0.8302462076929439
124,174,0.8329622683698567
124,175,0.835634872075939
124,176,0.838264714122724
124,177,0.8408524786967604
124,178,0.8433988390376121
124,179,0.8459044576130104
124,180,0.8483699862912022
124,181,0.8507960665105431
124,182,0.8531833294463743
124,183,0.8555323961752326
124,184,0.8578438778364289
124,185,0.8601183757910459
124,186,0.8171124570014937
124,187,0.8200386576894697
124,188,0.8229180391664382
124,189,0.8257513505397751
124,190,0.8285393289311388
124,191,0.8312826996682403
124,192,0.8339821764735488
124,193,0.8366384616499719
124,194,0.7948065385674732
124,195,0.7980896339503937
124,196,0.8013201998071875
124,197,0.8044990766102723
124,198,0.8076270913845078
124,199,0.8107050579223559
124,200,0.8137337769955982
125,1,0.5063200000000001
125,2,0.5130428800000001
125,3,0.5200109939199999
125,4,0.5271145780172798
125,5,0.5342773767690033
125,6,0.5414465811406992
125,7,0.5485857855224482
125,8,0.5556700577300889
125,9,0.5626824881496078
125,10,0.5696117742794538
125,11,0.5764505300491506
125,12,0.5831941024790818
125,13,0.5898397434769188
125,14,0.5963860302275398
125,15,0.6028324595962752
125,16,0.6091791643393981
125,17,0.6154267145776321
125,18,0.621575978951755
125,19,0.6276280275536823
125,20,0.6335840640984324
125,21,0.6394453785627835
125,22,0.6452133141487273
125,23,0.6508892442724116
125,24,0.6564745565690977
125,25,0.6619706418075233
125,26,0.6673788862390748
125,27,0.6727006663495801
125,28,0.677937345291218
125,29,0.6830902704888204
125,30,0.6489357569643792
125,31,0.6545527307585324
125,32,0.6218250942206058
125,33,0.6278758548469844
125,34,0.6338298146631687
125,35,0.6021383239300101
125,36,0.6085040921927451
125,37,0.6147680137295917
125,38,0.6209317164182695
125,39,0.626996802591423
125,40,0.6329648492950526
125,41,0.6388374085878963
125,42,0.644616007867585
125,43,0.6503021502136704
125,44,0.6558973147406281
125,45,0.6614029569560418
125,46,0.6668205091206296
125,47,0.6721513806078186
125,48,0.6773969582612769
125,49,0.6825586067493249
125,50,0.6876376689154957
125,51,0.6926354661247596
125,52,0.6975532986051018
125,53,0.702392445784257
125,54,0.7071541666214946
125,55,0.7118396999344008
125,56,0.7164502647206453
125,57,0.7209870604747515
125,58,0.7254512674999011
125,59,0.7298440472148244
125,60,0.7341665424558328
125,61,0.7384198777740512
125,62,0.7426051597279245
125,63,0.7467234771710587
125,64,0.7507759015354679
125,65,0.754763487110303
125,66,0.7586872713161201
125,67,0.7625482749747693
125,68,0.7663475025749682
125,69,0.7700859425336255
125,70,0.7737645674529869
125,71,0.7350763390803372
125,72,0.7393151176549818
125,73,0.7434860757724527
125,74,0.7475902985600592
125,75,0.7516288537830743
125,76,0.7556027921225279
125,77,0.7595131474485559
125,78,0.7633609370893705
125,79,0.7671471620959348
125,80,0.770872807502396
125,81,0.7745388425823545
125,82,0.778146221101035
125,83,0.781695881563417
125,84,0.7851887474584012
125,85,0.7886257274990663
125,86,0.7920077158590806
125,87,0.795335592405335
125,88,0.7986102229268497
125,89,0.8018324593600197
125,90,0.8050031400102592
125,91,0.8081230897700952
125,92,0.8111931203337732
125,93,0.8142140304084331
125,94,0.8171866059218983
125,95,0.8201116202271479
125,96,0.8229898343035135
125,97,0.8258219969546573
125,98,0.828608845003383
125,99,0.8313511034833286
125,100,0.8340494858275955
125,101,0.836704694054354
125,102,0.8393174189494843
125,103,0.8418883402462927
125,104,0.8444181268023521
125,105,0.8021972204622342
125,106,0.8053620649348383
125,107,0.808476271895881
125,108,0.8115406515455469
125,109,0.8145560011208183
125,110,0.8175231051028853
125,111,0.8204427354212388
125,112,0.7794205986501768
125,113,0.7829498690717742
125,114,0.7864226711666257
125,115,0.7898399084279595
125,116,0.7932024698931122
125,117,0.7965112303748224
125,118,0.7997670506888253
125,119,0.8029707778778039
125,120,0.8061232454317594
125,121,0.8092252735048511
125,122,0.8122776691287734
125,123,0.815281226422713
125,124,0.8182367267999495
125,125,0.8211449391711504
125,126,0.7800876922125929
125,127,0.7836062891371914
125,128,0.7870685885109963
125,129,0.7904754910948204
125,130,0.7938278832373034
125,131,0.7971266371055064
125,132,0.8003726109118181
125,133,0.8035666491372291
125,134,0.7633883166803677
125,135,0.7671741036134816
125,136,0.7708993179556659
125,137,0.7745649288683755
125,138,0.7358366824249566
125,139,0.7400632955061572
125,140,0.7030601307308493
125,141,0.7078111686391557
125,142,0.7124861899409293
125,143,0.7170864109018745
125,144,0.7216130283274447
125,145,0.7260672198742053
125,146,0.6897638588804951
125,147,0.694727637138407
125,148,0.6996119949441925
125,149,0.7044182030250854
125,150,0.6691972928738311
125,151,0.6744901361878497
125,152,0.6796982940088443
125,153,0.6848231213047028
125,154,0.6898659513638277
125,155,0.6948280961420062
125,156,0.6600866913349059
125,157,0.6655253042735476
125,158,0.6708768994051708
125,159,0.6761428690146881
125,160,0.681324583110453
125,161,0.6472583539549304
125,162,0.6529022202916513
125,163,0.6584557847669852
125,164,0.6639204922107135
125,165,0.6692977643353419
125,166,0.6745890001059764
125,167,0.6797955761042809
125,168,0.6849188468866123
125,169,0.6899601453364266
125,170,0.6949207830110439
125,171,0.6998020504828671
125,172,0.7046052176751412
125,173,0.709331534192339
125,174,0.7139822296452614
125,175,0.6782831181629984
125,176,0.6834305882723904
125,177,0.6884956988600324
125,178,0.6934797676782717
125,179,0.6983840913954196
125,180,0.7032099459330927
125,181,0.7079585867981633
125,182,0.7126312494093926
125,183,0.7172291494188421
125,184,0.7217534830281409
125,185,0.7262054272996906
125,186,0.7305861404628955
125,187,0.7348967622154893
125,188,0.7391384140200414
125,189,0.7433121993957207
125,190,0.7474192042053892
125,191,0.751460496938103
125,192,0.7138874720911978
125,193,0.7184652725377386
125,194,0.722969828177135
125,195,0.7274023109263009
125,196,0.7317638739514798
125,197,0.7360556519682562
125,198,0.7402787615367642
125,199,0.7444343013521758
125,200,0.748523352530541
126,1,0.5063200000000001
126,2,0.5130428800000001
126,3,0.5200109939199999
126,4,0.5271145780172798
126,5,0.5342773767690033
126,6,0.5414465811406992
126,7,0.5485857855224482
126,8,0.5211564962463257
126,9,0.5286796370823847
126,10,0.5361239142322665
126,11,0.5434781375447902
126,12,0.5507350315022418
126,13,0.5578900519089235
126,14,0.5649405577158828
126,15,0.5718852314386803
126,16,0.5787236735880376
126,17,0.5854561189072923
126,18,0.5920832378724402
126,19,0.5986059978738463
126,20,0.6050255661730202
126,21,0.6113432420998605
126,22,0.617560409716189
126,23,0.6236785048036781
126,24,0.6296989918768829
126,25,0.6356233482118976
126,26,0.6414530527840386
126,27,0.6471895786399657
126,28,0.6528343876720567
126,29,0.6583889270725349
126,30,0.6638546269616363
126,31,0.6692328988358334
126,32,0.6745251345883683
126,33,0.6797327059286904
126,34,0.6848569640794462
126,35,0.6898992396661058
126,36,0.6948608427397994
126,37,0.6997430628918085
126,38,0.6647559097472179
126,39,0.6701198107363545
126,40,0.6753978906461373
126,41,0.6805915222128944
126,42,0.6857020563294546
126,43,0.69073082235856
126,44,0.6956791284520866
126,45,0.6608951720294822
126,46,0.666320848752895
126,47,0.6716597148059679
126,48,0.676913159112256
126,49,0.6820825483866881
126,50,0.6871692274866611
126,51,0.6921745197587864
126,52,0.6970997273809839
126,53,0.7019461316997251
126,54,0.7067149935623153
126,55,0.7114075536441684
126,56,0.7160250327710569
126,57,0.7205686322363563
126,58,0.7250395341133201
126,59,0.7294389015624289
126,60,0.7337678791338754
126,61,0.7380275930652453
126,62,0.7422191515744596
126,63,0.7463436451480487
126,64,0.7504021468248266
126,65,0.754395712475032
126,66,0.758325381075013
126,67,0.76219217497752
126,68,0.7659971001776749
126,69,0.7697411465746885
126,70,0.7734252882293933
126,71,0.7770504836176528
126,72,0.7806176758797211
126,73,0.784127793065611
126,74,0.7875817483765372
126,75,0.7909804404024958
126,76,0.7943247533560439
126,77,0.7976155573023391
126,78,0.8008537083854957
126,79,0.8040400490513238
126,80,0.8071754082664995
126,81,0.8102606017342338
126,82,0.8132964321064847
126,83,0.8162836891927798
126,84,0.8192231501656947
126,85,0.8221155797630433
126,86,0.8249617304868341
126,87,0.8277623427990445
126,88,0.8305181453142596
126,89,0.8332298549892313
126,90,0.8358981773094035
126,91,0.8385238064724531
126,92,0.7965976161488303
126,93,0.7998520542904491
126,94,0.8030544214218021
126,95,0.7629017003507118
126,96,0.7666952731451003
126,97,0.7704281487747787
126,98,0.7741012983943825
126,99,0.7777156776200723
126,100,0.7812722267781511
126,101,0.7847718711497007
126,102,0.7882155212113056
126,103,0.7916040728719247
126,104,0.7949384077059738
126,105,0.7982193931826783
126,106,0.8014478828917554
126,107,0.8046247167654872
126,108,0.8077507212972395
126,109,0.8108267097564836
126,110,0.8138534824003798
126,111,0.8168318266819737
126,112,0.8197625174550623
126,113,0.8226463171757812
126,114,0.7815140013169922
126,115,0.7850097772959204
126,116,0.7884496208591858
126,117,0.7918344269254387
126,118,0.7951650760946317
126,119,0.7984424348771175
126,120,0.8016673559190839
126,121,0.8048406782243784
126,122,0.7645986443131594
126,123,0.7683650660041489
126,124,0.7720712249480824
126,125,0.7757180853489133
126,126,0.7793065959833305
126,127,0.7828376904475972
126,128,0.7863122874004359
126,129,0.789731290802029
126,130,0.7930955901491964
126,131,0.7964060607068093
126,132,0.7996635637355003
126,133,0.7596803855487252
126,134,0.7635254993799456
126,135,0.7673090913898667
126,136,0.7710321459276288
126,137,0.7324805386312472
126,138,0.7367608500131475
126,139,0.6999228075124899
126,140,0.7047240425922899
126,141,0.7094484579108135
126,142,0.7140972825842405
126,143,0.7186717260628925
126,144,0.7231729784458862
126,145,0.7276022107907523
126,146,0.7319605754181
126,147,0.7362492062114108
126,148,0.7404692189120279
126,149,0.7446217114094354
126,150,0.7073906258389636
126,151,0.7120723758255403
126,152,0.7166792178123316
126,153,0.7212123503273344
126,154,0.7256729527220969
126,155,0.7300621854785433
126,156,0.7343811905108866
126,157,0.7386310914627126
126,158,0.7016995368895771
126,159,0.7064723442993438
126,160,0.7111687867905541
126,161,0.7157900862019055
126,162,0.7203374448226749
126,163,0.724812045705512
126,164,0.7292150529742238
126,165,0.733547612126636
126,166,0.73781085033261
126,167,0.7420058767272885
126,168,0.7049055828909238
126,169,0.7096270935646694
126,170,0.7142730600676346
126,171,0.7188446911065524
126,172,0.7233431760488477
126,173,0.7277696852320659
126,174,0.7321253702683529
126,175,0.7364113643440593
126,176,0.7406287825145542
126,177,0.7035973433888267
126,178,0.7083397858946053
126,179,0.7130063493202917
126,180,0.7175982477311672
126,181,0.7221166757674684
126,182,0.7265628089551888
126,183,0.6902346685074294
126,184,0.6951909138113107
126,185,0.7000678591903298
126,186,0.7048667734432843
126,187,0.7095889050681917
126,188,0.7142354825871009
126,189,0.7188077148657073
126,190,0.6828673291224218
126,191,0.6879414518564632
126,192,0.6929343886267597
126,193,0.6978474384087313
126,194,0.6629550664882947
126,195,0.668347785424482
126,196,0.6736542208576904
126,197,0.6788757533239675
126,198,0.6840137412707838
126,199,0.6890695214104513
126,200,0.6940444090678841
127,1,0.5063200000000001
127,2,0.4810040000000001
127,3,0.488131936
127,4,0.495498625024
127,5,0.502994407023616
127,6,0.510543128511238
127,7,0.5180920808550583
127,8,0.5256049572413773
127,9,0.5330569227015154
127,10,0.5404311632814911
127,11,0.5477164706092272
127,12,0.5549055512376475
127,13,0.561993843328563
127,14,0.5689786884728083
127,15,0.5758587521034947
127,16,0.5826336179222149
127,17,0.5893035041321231
127,18,0.5958690649336733
127,19,0.6023312517020998
127,20,0.6086912159400215
127,21,0.6149502414705899
127,22,0.6211096970969867
127,23,0.6271710035863831
127,24,0.6331356106790647
127,25,0.6390049811132443
127,26,0.6447805795589637
127,27,0.6504638649864921
127,28,0.6560562854370386
127,29,0.6615592744732771
127,30,0.6669742488039667
127,31,0.6723026067286866
127,32,0.6775457271549358
127,33,0.6827049690141926
127,34,0.6877816709555805
127,35,0.6927771512322216
127,36,0.6976927077208577
127,37,0.7025296180331698
127,38,0.7072891396897312
127,39,0.71197251033626
127,40,0.716580947987975
127,41,0.7211156512921341
127,42,0.6850598687275274
127,43,0.6900989097582636
127,44,0.6950573264533948
127,45,0.699936408706025
127,46,0.704737425799848
127,47,0.7094616267302336
127,48,0.7141102405227784
127,49,0.7186844765485739
127,50,0.7231855248357084
127,51,0.7276145563766755
127,52,0.7319727234314857
127,53,0.7362611598263676
127,54,0.7404809812479958
127,55,0.7446332855332227
127,56,0.7487191529543278
127,57,0.7527396464998042
127,58,0.7566958121507291
127,59,0.7605886791527626
127,60,0.7644192602838302
127,61,0.768188552117547
127,62,0.7718975352824471
127,63,0.7755471747170744
127,64,0.7791384199210039
127,65,0.7826722052018495
127,66,0.786149449918327
127,67,0.7895710587194291
127,68,0.7929379217797747
127,69,0.7962509150311978
127,70,0.7995109003906282
127,71,0.8027187259843291
127,72,0.8058752263685454
127,73,0.8089812227466245
127,74,0.8120375231826618
127,75,0.8150449228117272
127,76,0.8180042040467314
127,77,0.8209161367819778
127,78,0.8237814785934618
127,79,0.8266009749359636
127,80,0.8293753593369863
127,81,0.8321053535875931
127,82,0.7905000859082134
127,83,0.793852084533681
127,84,0.7971504511811413
127,85,0.8003960439622426
127,86,0.8035897072588464
127,87,0.8067322719427047
127,88,0.8098245555916211
127,89,0.812867362702155
127,90,0.8158614848989206
127,91,0.8188077011405376
127,92,0.8217067779222891
127,93,0.8245594694755326
127,94,0.827366517963924
127,95,0.8301286536765012
127,96,0.8328465952176772
127,97,0.8355210496941943
127,98,0.8381527128990875
127,99,0.8407422694927019
127,100,0.8432903931808188
127,101,0.8457977468899255
127,102,0.8482649829396868
127,103,0.8506927432126516
127,104,0.8530816593212492
127,105,0.8554323527721094
127,106,0.8577454351277556
127,107,0.8600215081657115
127,108,0.817020432757426
127,109,0.819948105833307
127,110,0.8228289361399742
127,111,0.8256636731617346
127,112,0.8284530543911469
127,113,0.8311978055208886
127,114,0.8338986406325544
127,115,0.7922037086009265
127,116,0.7955284492633118
127,117,0.7987999940750987
127,118,0.8020191941698972
127,119,0.805186887063179
127,120,0.8083038968701681
127,121,0.8113710345202453
127,122,0.8143890979679215
127,123,0.8173588724004347
127,124,0.8202811304420278
127,125,0.8231566323549553
127,126,0.8259861262372757
127,127,0.8287703482174795
127,128,0.8315100226459998
127,129,0.7899345215136998
127,130,0.7932955691694804
127,131,0.7966028400627689
127,132,0.7998571946217646
127,133,0.8030594795078162
127,134,0.8062105278356914
127,135,0.8093111593903203
127,136,0.812362180840075
127,137,0.8153643859466339
127,138,0.8183185557714877
127,139,0.821225458879144
127,140,0.8240858515370777
127,141,0.8269004779124843
127,142,0.8296700702658845
127,143,0.8323953491416305
127,144,0.8350770235553643
127,145,0.8377157911784785
127,146,0.8403123385196227
127,147,0.8428673411033089
127,148,0.845381463645656
127,149,0.8478553602273255
127,150,0.8502896744636882
127,151,0.8526850396722694
127,152,0.855042079037513
127,153,0.8573614057729128
127,154,0.8596436232805461
127,155,0.8618893253080572
127,156,0.8640990961031283
127,157,0.8662735105654782
127,158,0.8229598350372044
127,159,0.825792477676609
127,160,0.8285797980337832
127,161,0.8313225212652429
127,162,0.8340213609249989
127,163,0.792320292878749
127,164,0.795643168192689
127,165,0.7989128775016063
127,166,0.8021302714615806
127,167,0.8052961871181952
127,168,0.808411448124304
127,169,0.8114768649543154
127,170,0.8144932351150462
127,171,0.8174613433532055
127,172,0.8203819618595544
127,173,0.8232558504698014
127,174,0.8260837568622847
127,175,0.828866416752488
127,176,0.8316045540844483
127,177,0.8342988812190969
127,178,0.8369500991195913
127,179,0.8395588975336781
127,180,0.8421259551731393
127,181,0.8446519398903691
127,182,0.8471375088521231
127,183,0.8495833087104891
127,184,0.8519899757711216
127,185,0.8543581361587835
127,186,0.856688405980243
127,187,0.8589813914845589
127,188,0.8612376892208061
127,189,0.8634578861932732
127,190,0.8656425600141807
127,191,0.8677922790539541
127,192,0.8699076025890907
127,193,0.871989080947665
127,194,0.8740372556525026
127,195,0.8760526595620626
127,196,0.8780358170090695
127,197,0.8799872439369244
127,198,0.8819074480339337
127,199,0.8837969288653905
127,200,0.8856561780035441
128,1,0.5063200000000001
128,2,0.5130428800000001
128,3,0.5200109939199999
128,4,0.4940104442239998
128,5,0.5015300371164158
128,6,0.5091021885225531
128,7,0.5166741959061923
128,8,0.5242097584516932
128,9,0.531684047092466
128,10,0.5390802536821866
128,11,0.5463871755635117
128,12,0.5535975249126637
128,13,0.5607067454247783
128,14,0.5677121841354843
128,15,0.5746125118355682
128,16,0.5814073174985753
128,17,0.5880968245152615
128,18,0.5946816921906815
128,19,0.6011628769229956
128,20,0.6075415351573832
128,21,0.6138189555804738
128,22,0.6199965117811124
128,23,0.626075629235563
128,24,0.6320577623178578
128,25,0.6379443783258165
128,26,0.643736946416135
128,27,0.6494369299739484
128,28,0.6550457813846956
128,29,0.6605649384857718
128,30,0.6659958221922613
128,31,0.6713398349427685
128,32,0.6765983597175925
128,33,0.6817727594558466
128,34,0.6868643767501683
128,35,0.6918745337340959
128,36,0.6968045321027019
128,37,0.7016556532249044
128,38,0.7064291583183981
128,39,0.7111262886668682
128,40,0.7157482658652936
128,41,0.7202962920834153
128,42,0.7247715503404575
128,43,0.7291752047862735
128,44,0.7335084009855778
128,45,0.7377722662029277
128,46,0.7419679096868641
128,47,0.746096422952103
128,48,0.7501588800590291
128,49,0.7541563378899967
128,50,0.7580898364220948
128,51,0.7619603989961783
128,52,0.765769032582025
128,53,0.7695167280395626
128,54,0.7732044603761248
128,55,0.7768331889997434
128,56,0.7804038579684929
128,57,0.783917396235919
128,58,0.7873747178925895
128,59,0.7907767224038198
128,60,0.7941242948436168
128,61,0.7974183061248998
128,62,0.8006596132260478
128,63,0.8038490594138338
128,64,0.8069874744627942
128,65,0.8100756748710968
128,66,0.8131144640729543
128,67,0.8161046326476434
128,68,0.8190469585251806
128,69,0.8219422071887074
128,70,0.8247911318736388
128,71,0.8275944737636264
128,72,0.8303529621833843
128,73,0.8330673147884331
128,74,0.8357382377518064
128,75,0.838366425947769
128,76,0.8409525631325991
128,77,0.8434973221224734
128,78,0.846001364968511
128,79,0.8484653431290127
128,80,0.8508898976389471
128,81,0.8532756592767228
128,82,0.8556232487282948
128,83,0.8579332767486415
128,84,0.8602063443206628
128,85,0.8624430428115322
128,86,0.8646439541265473
128,87,0.8668096508605224
128,88,0.8689406964467541
128,89,0.8710376453036058
128,90,0.8731010429787484
128,91,0.8751314262910881
128,92,0.8771293234704309
128,93,0.8790952542949041
128,94,0.8810297302261855
128,95,0.8829332545425667
128,96,0.8848063224698854
128,97,0.8866494213103675
128,98,0.8884630305694016
128,99,0.8902476220802912
128,100,0.8920036601270065
128,101,0.8937316015649742
128,102,0.895431895939935
128,103,0.8971049856048957
128,104,0.8987513058352178
128,105,0.9003712849418541
128,106,0.9019653443827844
128,107,0.9035338988726599
128,108,0.9050773564906972
128,109,0.9065961187868463
128,110,0.9080905808862566
128,111,0.9095611315920766
128,112,0.8640830750124728
128,113,0.8662577458122731
128,114,0.8683976218792768
128,115,0.8705032599292084
128,116,0.8725752077703411
128,117,0.8746140044460157
128,118,0.8308833042237147
128,119,0.8335891713561352
128,120,0.8362517446144372
128,121,0.8388717167006062
128,122,0.8414497692333965
128,123,0.843986572925662
128,124,0.8464827877588516
128,125,0.8489390631547099
128,126,0.8513560381442347
128,127,0.8537343415339269
128,128,0.8560745920693839
128,129,0.8583773985962738
128,130,0.8606433602187333
128,131,0.8628730664552335
128,132,0.86506709739195
128,133,0.8672260238336789
128,134,0.8693504074523399
128,135,0.8714408009331024
128,136,0.8734977481181728
128,137,0.8755217841482821
128,138,0.8775134356019094
128,139,0.879473220632279
128,140,0.8354995596006649
128,141,0.8381315666470541
128,142,0.8407214615807014
128,143,0.8432699181954103
128,144,0.8457775995042838
128,145,0.848245157912215
128,146,0.8506732353856197
128,147,0.8081395736163387
128,148,0.8112093404384773
128,149,0.8142299909914618
128,150,0.8172023111355984
128,151,0.8201270741574286
128,152,0.8230050409709099
128,153,0.8258369603153752
128,154,0.8286235689503293
128,155,0.8313655918471239
128,156,0.83406374237757
128,157,0.8367187224995287
128,158,0.8393312229395363
128,159,0.8419019233725038
128,160,0.8444314925985438
128,161,0.846920588716967
128,162,0.8493698592974959
128,163,0.8517799415487357
128,164,0.8541514624839557
128,165,0.8564850390842127
128,166,0.8587812784588651
128,167,0.8610407780035235
128,168,0.863264125555467
128,169,0.8654518995465794
128,170,0.8676046691538343
128,171,0.869722994447373
128,172,0.871807426536215
128,173,0.8738585077116353
128,174,0.8758767715882494
128,175,0.8778627432428372
128,176,0.879816939350952
128,177,0.8817398683213368
128,178,0.8836320304281953
128,179,0.8854939179413442
128,180,0.8873260152542827
128,181,0.8891287990102145
128,182,0.8909027382260508
128,183,0.8926482944144342
128,184,0.894365921703803
128,185,0.8960560669565425
128,186,0.8977191698852376
128,187,0.8993556631670738
128,188,0.9009659725564004
128,189,0.902550516995498
128,190,0.9041097087235703
128,191,0.9056439533839932
128,192,0.9071536501298493
128,193,0.9086391917277717
128,194,0.9101009646601274
128,195,0.9115393492255652
128,196,0.912954719637956
128,197,0.9143474441237489
128,198,0.915717885017769
128,199,0.9170663988574848
128,200,0.8712130789146105
129,1,0.5063200000000001
129,2,0.5130428800000001
129,3,0.5200109939199999
129,4,0.5271145780172798
129,5,0.5342773767690033
129,6,0.5414465811406992
129,7,0.5485857855224482
129,8,0.5556700577300889
129,9,0.5626824881496078
129,10,0.5345483637421271
129,11,0.5419277958624932
129,12,0.5148314060693686
129,13,0.5225466477304265
129,14,0.5301526822774573
129,15,0.5376469859985205
129,16,0.5450283568687958
129,17,0.552296509011271
129,18,0.5594517889637541
129,19,0.5664949772079984
129,20,0.5734271493800356
129,21,0.5802495792551102
129,22,0.5869636709726371
129,23,0.5935709117270014
129,24,0.6000728387823175
129,25,0.6064710165118644
129,26,0.612767020452719
129,27,0.618962426269007
129,28,0.6250588021491746
129,29,0.631057703605118
129,30,0.6369606699506675
129,31,0.6427692219537187
129,32,0.6484848603080422
129,33,0.6541090646770218
129,34,0.6596432931359254
129,35,0.6650889818913657
129,36,0.6704475451930344
129,37,0.6757203753782972
129,38,0.6809088430080903
129,39,0.6860142970650531
129,40,0.6910380651935768
129,41,0.6959814539675746
129,42,0.7008457491760602
129,43,0.7056322161196197
129,44,0.7103420999129694
129,45,0.7149766257902465
129,46,0.7195369994107216
129,47,0.7240244071633337
129,48,0.7284400164689485
129,49,0.7327849760796054
129,50,0.7370604163742435
129,51,0.7412674496505941
129,52,0.7454071704130213
129,53,0.749480655656199
129,54,0.7534889651445498
129,55,0.757433141687432
129,56,0.7195614846030602
129,57,0.7240485008390479
129,58,0.7284637248183686
129,59,0.7328083052161964
129,60,0.7370833723291828
129,61,0.7412900383694276
129,62,0.7454293977537748
129,63,0.7495025273884953
129,64,0.7535104869494258
129,65,0.7574543191576378
129,66,0.7613350500506972
129,67,0.7651536892495936
129,68,0.7689112302213951
129,69,0.7726086505377092
129,70,0.7762469121290055
129,71,0.7798269615348712
129,72,0.7833497301502639
129,73,0.7868161344678255
129,74,0.7902270763163163
129,75,0.7935834430952383
129,76,0.7968861080057026
129,77,0.8001359302776029
129,78,0.8033337553931552
129,79,0.8064804153068609
129,80,0.8095767286619482
129,81,0.812623501003355
129,82,0.8156215249872998
129,83,0.8185715805875022
129,84,0.777643001558127
129,85,0.781200713533196
129,86,0.7847015021166647
129,87,0.7881462780827976
129,88,0.7915359376334727
129,89,0.794871362631337
129,90,0.7981534208292355
129,91,0.8013829660959676
129,92,0.804560838638432
129,93,0.7643327967065103
129,94,0.7681034719592061
129,95,0.7718138164078587
129,96,0.7332231255874659
129,97,0.7374915555780662
129,98,0.7416916906888174
129,99,0.7458246236377961
129,100,0.7498914296595913
129,101,0.7538931667850377
129,102,0.7578308761164773
129,103,0.7617055820986136
129,104,0.7655182927850357
129,105,0.7692700001004751
129,106,0.7729616800988677
129,107,0.7765942932172858
129,108,0.7801687845258092
129,109,0.7836860839733962
129,110,0.7871471066298219
129,111,0.7905527529237446
129,112,0.7939039088769648
129,113,0.7972014463349332
129,114,0.8004462231935744
129,115,0.803639083622477
129,116,0.8067808582845174
129,117,0.8098723645519653
129,118,0.8129144067191337
129,119,0.8159077762116276
129,120,0.7751123874010462
129,121,0.7787105892026295
129,122,0.7822512197753874
129,123,0.743138658786618
129,124,0.7472484402460321
129,125,0.7512924652020954
129,126,0.7552717857588618
129,127,0.7591874371867201
129,128,0.7630404381917326
129,129,0.7668317911806651
129,130,0.7705624825217743
129,131,0.774233482801426
129,132,0.777845747076603
129,133,0.7814002151233777
129,134,0.7848978116814036
129,135,0.788339446694501
129,136,0.7917260155473892
129,137,0.7950583992986309
129,138,0.7983374649098528
129,139,0.8015640654712952
129,140,0.8047390404237544
129,141,0.8078632157769745
129,142,0.8109374043245428
129,143,0.81396240585535
129,144,0.8169390073616645
129,145,0.819867983243878
129,146,0.8227500955119759
129,147,0.8255860939837841
129,148,0.8283767164800437
129,149,0.831122689016363
129,150,0.8338247259921013
129,151,0.8364835303762275
129,152,0.8390997938902081
129,153,0.8416741971879647
129,154,0.8442074100329572
129,155,0.8467000914724299
129,156,0.8491528900088708
129,157,0.851566443768729
129,158,0.8539413806684294
129,159,0.8562783185777345
129,160,0.8585778654804909
129,161,0.860840619632803
129,162,0.863067169718678
129,163,0.8652580950031791
129,164,0.8674139654831283
129,165,0.8695353420353984
129,166,0.8716227765628318
129,167,0.8736768121378267
129,168,0.8756979831436216
129,169,0.8776868154133235
129,170,0.8796438263667102
129,171,0.8815695251448432
129,172,0.8834644127425257
129,173,0.8853289821386451
129,174,0.8871637184244268
129,175,0.8889690989296358
129,176,0.8907455933467616
129,177,0.8924936638532135
129,178,0.894213765231562
129,179,0.895906344987857
129,180,0.8975718434680513
129,181,0.8992106939725625
129,182,0.9008233228690015
129,183,0.9024101497030974
129,184,0.9039715873078478
129,185,0.9055080419109224
129,186,0.9070199132403476
129,187,0.908507594628502
129,188,0.9099714731144459
129,189,0.9114119295446148
129,190,0.912829338671901
129,191,0.9142240692531507
129,192,0.9155964841451004
129,193,0.9169469403987783
129,194,0.9182757893523981
129,195,0.9195833767227596
129,196,0.9208700426951955
129,197,0.9221361220120725
129,198,0.9233819440598794
129,199,0.9246078329549213
129,200,0.9258141076276424
