seed,round,honest_r_can,attacker_r_can,attacker_r_old
100,1,0.50632,0.50632,0.52079
100,2,0.513043,0.513043,0.54281
100,3,0.520011,0.520011,0.565173
100,4,0.527115,0.527115,0.587294
100,5,0.500759,0.500759,0.568735
100,6,0.508343,0.508343,0.586821
100,7,0.515927,0.515927,0.605706
100,8,0.523475,0.523475,0.624716
100,9,0.530961,0.530961,0.643414
100,10,0.538369,0.265481,0.62051
100,11,0.545687,0.268695,0.635351
100,12,0.552909,0.272019,0.65111
100,13,0.560029,0.275403,0.66714
100,14,0.567045,0.278812,0.683012
100,15,0.573956,0.139406,0.656688
100,16,0.580762,0.140879,0.669076
100,17,0.587461,0.142416,0.682536
100,18,0.594056,0.143992,0.696413
100,19,0.600548,0.145586,0.710274
100,20,0.606936,0.072793,0.681536
100,21,0.613223,0.073477,0.69221
100,22,0.61941,0.074196,0.704071
100,23,0.625499,0.074935,0.716459
100,24,0.63149,0.075684,0.728932
100,25,0.637386,0.037842,0.698533
100,26,0.643187,0.038161,0.708028
100,27,0.611028,0.036253,0.675554
100,28,0.617251,0.03662,0.684576
100,29,0.623375,0.036997,0.69552
100,30,0.592206,0.035147,0.66461
100,31,0.598731,0.035559,0.674626
100,32,0.605151,0.035972,0.686425
100,33,0.611469,0.036383,0.69914
100,34,0.617685,0.036792,0.712186
100,35,0.586801,0.034953,0.682695
100,36,0.593412,0.035387,0.692982
100,37,0.599917,0.035817,0.704575
100,38,0.606319,0.036241,0.716778
100,39,0.612618,0.036659,0.729124
100,40,0.618816,0.018329,0.69861
100,41,0.624915,0.018504,0.708049
100,42,0.630916,0.018686,0.718776
100,43,0.636821,0.018871,0.730118
100,44,0.60498,0.017927,0.698709
100,45,0.611301,0.01,0.663863
100,46,0.61752,0.01,0.672014
100,47,0.62364,0.01,0.682652
100,48,0.629661,0.01,0.694689
100,49,0.635587,0.01,0.707387
100,50,0.641417,0.01,0.67771
100,51,0.647155,0.01,0.688021
100,52,0.6528,0.01,0.699733
100,53,0.658355,0.01,0.712114
100,54,0.663822,0.01,0.724672
100,55,0.669201,0.01,0.694453
100,56,0.674493,0.01,0.704126
100,57,0.679701,0.01,0.715087
100,58,0.684826,0.01,0.726659
100,59,0.650585,0.01,0.695534
100,60,0.656176,0.01,0.660953
100,61,0.661677,0.01,0.669297
100,62,0.66709,0.01,0.680118
100,63,0.672416,0.01,0.692326
100,64,0.677658,0.01,0.705185
100,65,0.682815,0.01,0.675702
100,66,0.68789,0.01,0.68615
100,67,0.692884,0.01,0.697991
100,68,0.697798,0.01,0.710492
100,69,0.702633,0.01,0.723163
100,70,0.707391,0.01,0.693077
100,71,0.712073,0.01,0.702845
100,72,0.71668,0.01,0.713895
100,73,0.721213,0.01,0.72555
100,74,0.725673,0.01,0.737356
100,75,0.730062,0.01,0.706173
100,76,0.734381,0.01,0.715121
100,77,0.738631,0.01,0.725381
100,78,0.742813,0.01,0.736282
100,79,0.746928,0.01,0.747374
100,80,0.750977,0.01,0.715325
100,81,0.754962,0.01,0.723652
100,82,0.758882,0.01,0.733331
100,83,0.76274,0.01,0.743687
100,84,0.766536,0.01,0.75427
100,85,0.770272,0.01,0.721611
100,86,0.773947,0.01,0.729505
100,87,0.777564,0.01,0.738779
100,88,0.781123,0.01,0.748758
100,89,0.784625,0.01,0.75899
100,90,0.788071,0.01,0.725911
100,91,0.791462,0.01,0.733507
100,92,0.794799,0.01,0.742503
100,93,0.798082,0.01,0.752224
100,94,0.801313,0.01,0.762216
100,95,0.804492,0.01,0.728849
100,96,0.80762,0.01,0.736241
100,97,0.810698,0.01,0.745048
100,98,0.813727,0.01,0.754593
100,99,0.816707,0.01,0.76442
100,100,0.81964,0.01,0.730856
100,101,0.822526,0.01,0.738109
100,102,0.825365,0.01,0.746786
100,103,0.828159,0.01,0.75621
100,104,0.830909,0.01,0.765925
100,105,0.833614,0.01,0.732227
100,106,0.836276,0.01,0.739385
100,107,0.838896,0.01,0.747973
100,108,0.841474,0.01,0.757315
100,109,0.84401,0.01,0.766953
100,110,0.846506,0.01,0.733164
100,111,0.804181,0.01,0.695878
100,112,0.807314,0.01,0.70214
100,113,0.810397,0.01,0.71092
100,114,0.81343,0.01,0.721159
100,115,0.816415,0.01,0.689009
100,116,0.819353,0.01,0.697882
100,117,0.822243,0.01,0.708453
100,118,0.825087,0.01,0.719908
100,119,0.827886,0.01,0.731702
100,120,0.83064,0.01,0.700646
100,121,0.833349,0.01,0.70978
100,122,0.836016,0.01,0.720272
100,123,0.83864,0.01,0.73143
100,124,0.796708,0.01,0.699829
100,125,0.79996,0.01,0.66483
100,126,0.803161,0.01,0.672887
100,127,0.80631,0.01,0.683445
100,128,0.809409,0.01,0.695414
100,129,0.812459,0.01,0.708052
100,130,0.81546,0.01,0.678307
100,131,0.818412,0.01,0.688571
100,132,0.821318,0.01,0.700242
100,133,0.824176,0.01,0.712585
100,134,0.782968,0.01,0.682473
100,135,0.743819,0.01,0.648888
100,136,0.747918,0.01,0.65798
100,137,0.751951,0.01,0.669524
100,138,0.75592,0.01,0.682424
100,139,0.759826,0.01,0.69594
100,140,0.763668,0.01,0.667253
100,141,0.76745,0.01,0.678272
100,142,0.77117,0.01,0.690649
100,143,0.774832,0.01,0.703652
100,144,0.778434,0.01,0.716793
100,145,0.781979,0.01,0.687271
100,146,0.785468,0.01,0.697439
100,147,0.7889,0.01,0.708863
100,148,0.792278,0.01,0.720866
100,149,0.795601,0.01,0.732996
100,150,0.798872,0.01,0.702201
100,151,0.80209,0.01,0.711424
100,152,0.805256,0.01,0.72194
100,153,0.808372,0.01,0.73308
100,154,0.811438,0.01,0.744394
100,155,0.814455,0.01,0.712611
100,156,0.817424,0.01,0.721126
100,157,0.820345,0.01,0.73098
100,158,0.82322,0.01,0.7415
100,159,0.826048,0.01,0.752234
100,160,0.828831,0.01,0.719757
100,161,0.83157,0.01,0.727779
100,162,0.834265,0.01,0.737173
100,163,0.836917,0.01,0.747264
100,164,0.839526,0.01,0.7576
100,165,0.842094,0.01,0.724644
100,166,0.84462,0.01,0.732328
100,167,0.847106,0.01,0.741406
100,168,0.849553,0.01,0.751204
100,169,0.85196,0.01,0.761266
100,170,0.854328,0.01,0.727984
100,171,0.856659,0.01,0.735436
100,172,0.858953,0.01,0.744298
100,173,0.861209,0.01,0.753895
100,174,0.86343,0.01,0.763771
100,175,0.865615,0.01,0.730265
100,176,0.867765,0.01,0.737559
100,177,0.869881,0.01,0.746274
100,178,0.871963,0.01,0.755734
100,179,0.874012,0.01,0.765482
100,180,0.876027,0.01,0.731824
100,181,0.878011,0.01,0.739009
100,182,0.879963,0.01,0.747624
100,183,0.881883,0.01,0.75699
100,184,0.883773,0.01,0.766651
100,185,0.885633,0.01,0.732888
100,186,0.887463,0.01,0.74
100,187,0.889263,0.01,0.748545
100,188,0.891035,0.01,0.757848
100,189,0.892779,0.01,0.767449
100,190,0.894494,0.01,0.733615
100,191,0.896182,0.01,0.740676
100,192,0.897843,0.01,0.749175
100,193,0.899478,0.01,0.758434
100,194,0.901086,0.01,0.767994
100,195,0.902669,0.01,0.734112
100,196,0.904226,0.01,0.741139
100,197,0.905758,0.01,0.749605
100,198,0.907266,0.01,0.758834
100,199,0.90875,0.01,0.768367
100,200,0.91021,0.01,0.734451
101,1,0.50632,0.50632,0.52079
101,2,0.513043,0.513043,0.54281
101,3,0.487391,0.487391,0.52525
101,4,0.494769,0.494769,0.544796
101,5,0.502277,0.247385,0.525038
101,6,0.509837,0.250721,0.543537
101,7,0.517397,0.254215,0.563592
101,8,0.524921,0.257802,0.584242
101,9,0.532384,0.261435,0.604849
101,10,0.539769,0.130718,0.584547
101,11,0.547065,0.132315,0.601443
101,12,0.554265,0.13398,0.619248
101,13,0.561363,0.135684,0.637273
101,14,0.568358,0.137406,0.655067
101,15,0.575248,0.068703,0.631094
101,16,0.582033,0.069452,0.645185
101,17,0.588712,0.070234,0.660251
101,18,0.595287,0.071036,0.675638
101,19,0.601759,0.071847,0.690916
101,20,0.608128,0.035923,0.663881
101,21,0.614396,0.036273,0.675767
101,22,0.620564,0.036639,0.688761
101,23,0.589536,0.034807,0.659796
101,24,0.596102,0.035213,0.670851
101,25,0.602564,0.017607,0.640639
101,26,0.608923,0.017784,0.651531
101,27,0.61518,0.017971,0.664381
101,28,0.621336,0.018164,0.67824
101,29,0.627395,0.018359,0.692466
101,30,0.633356,0.01,0.664482
101,31,0.639223,0.01,0.6759
101,32,0.644995,0.01,0.688586
101,33,0.650675,0.01,0.701833
101,34,0.656264,0.01,0.715171
101,35,0.661764,0.01,0.685859
101,36,0.667176,0.01,0.696161
101,37,0.672501,0.01,0.707697
101,38,0.677741,0.01,0.719798
101,39,0.682897,0.01,0.732014
101,40,0.687971,0.01,0.701318
101,41,0.692963,0.01,0.710608
101,42,0.697876,0.01,0.721185
101,43,0.70271,0.01,0.73238
101,44,0.707466,0.01,0.743744
101,45,0.712147,0.01,0.712021
101,46,0.716753,0.01,0.720579
101,47,0.721285,0.01,0.730471
101,48,0.725744,0.01,0.741026
101,49,0.730132,0.01,0.751794
101,50,0.73445,0.01,0.719356
101,51,0.738699,0.01,0.727407
101,52,0.74288,0.01,0.736826
101,53,0.705736,0.01,0.703583
101,54,0.710444,0.01,0.711604
101,55,0.715077,0.01,0.677762
101,56,0.719636,0.01,0.68608
101,57,0.724121,0.01,0.696534
101,58,0.728535,0.01,0.708162
101,59,0.732879,0.01,0.720313
101,60,0.737153,0.01,0.689845
101,61,0.741358,0.01,0.699504
101,62,0.745497,0.01,0.710552
101,63,0.749569,0.01,0.722275
101,64,0.753576,0.01,0.734194
101,65,0.757518,0.01,0.703186
101,66,0.761398,0.01,0.712285
101,67,0.765216,0.01,0.722702
101,68,0.768972,0.01,0.733761
101,69,0.772669,0.01,0.745009
101,70,0.776306,0.01,0.713153
101,71,0.779885,0.01,0.721622
101,72,0.783407,0.01,0.731434
101,73,0.786872,0.01,0.741918
101,74,0.790282,0.01,0.752621
101,75,0.793638,0.01,0.720106
101,76,0.79694,0.01,0.728102
101,77,0.800189,0.01,0.737472
101,78,0.803386,0.01,0.747542
101,79,0.806532,0.01,0.757858
101,80,0.809627,0.01,0.724879
101,81,0.812673,0.01,0.732546
101,82,0.81567,0.01,0.741609
101,83,0.818619,0.01,0.751392
101,84,0.821522,0.01,0.761441
101,85,0.824377,0.01,0.728143
101,86,0.827187,0.01,0.735584
101,87,0.829952,0.01,0.744436
101,88,0.832673,0.01,0.754024
101,89,0.791039,0.01,0.720506
101,90,0.794383,0.01,0.683732
101,91,0.797673,0.01,0.690512
101,92,0.80091,0.01,0.699873
101,93,0.804095,0.01,0.710719
101,94,0.80723,0.01,0.722308
101,95,0.766868,0.01,0.691303
101,96,0.770598,0.01,0.700671
101,97,0.774269,0.01,0.711506
101,98,0.77788,0.01,0.723071
101,99,0.781434,0.01,0.73487
101,100,0.784931,0.01,0.703741
101,101,0.788373,0.01,0.71277
101,102,0.791759,0.01,0.723131
101,103,0.79509,0.01,0.734145
101,104,0.798369,0.01,0.745355
101,105,0.801595,0.01,0.713459
101,106,0.80477,0.01,0.721901
101,107,0.807893,0.01,0.73169
101,108,0.810967,0.01,0.742153
101,109,0.813991,0.01,0.752838
101,110,0.816968,0.01,0.720302
101,111,0.819896,0.01,0.728284
101,112,0.822778,0.01,0.737641
101,113,0.825613,0.01,0.747698
101,114,0.828404,0.01,0.758003
101,115,0.831149,0.01,0.725011
101,116,0.833851,0.01,0.732668
101,117,0.836509,0.01,0.741723
101,118,0.839125,0.01,0.751498
101,119,0.841699,0.01,0.76154
101,120,0.844232,0.01,0.728233
101,121,0.846724,0.01,0.735668
101,122,0.849176,0.01,0.744514
101,123,0.85159,0.01,0.754096
101,124,0.853964,0.01,0.763958
101,125,0.856301,0.01,0.730435
101,126,0.8586,0.01,0.737717
101,127,0.860862,0.01,0.746421
101,128,0.863089,0.01,0.755871
101,129,0.865279,0.01,0.765609
101,130,0.867435,0.01,0.73194
101,131,0.869556,0.01,0.739117
101,132,0.871643,0.01,0.747724
101,133,0.873697,0.01,0.757083
101,134,0.875717,0.01,0.766738
101,135,0.831932,0.01,0.732968
101,136,0.834621,0.01,0.740074
101,137,0.837267,0.01,0.748614
101,138,0.83987,0.01,0.757912
101,139,0.842433,0.01,0.767508
101,140,0.844954,0.01,0.73367
101,141,0.847434,0.01,0.740727
101,142,0.849875,0.01,0.749222
101,143,0.852277,0.01,0.758477
101,144,0.854641,0.01,0.768035
101,145,0.856967,0.01,0.734149
101,146,0.859255,0.01,0.741173
101,147,0.861507,0.01,0.749637
101,148,0.863723,0.01,0.758864
101,149,0.865903,0.01,0.768395
101,150,0.868049,0.01,0.734477
101,151,0.87016,0.01,0.741478
101,152,0.872238,0.01,0.749921
101,153,0.828626,0.01,0.71551
101,154,0.831368,0.01,0.722703
101,155,0.834066,0.01,0.687871
101,156,0.836721,0.01,0.695488
101,157,0.839333,0.01,0.705289
101,158,0.841904,0.01,0.716309
101,159,0.844433,0.01,0.727895
101,160,0.846923,0.01,0.696751
101,161,0.849372,0.01,0.70593
101,162,0.851782,0.01,0.716532
101,163,0.854153,0.01,0.72784
101,164,0.856487,0.01,0.739373
101,165,0.858783,0.01,0.707903
101,166,0.861043,0.01,0.716674
101,167,0.863266,0.01,0.726787
101,168,0.865454,0.01,0.737563
101,169,0.867606,0.01,0.748547
101,170,0.869725,0.01,0.716376
101,171,0.871809,0.01,0.724621
101,172,0.87386,0.01,0.734225
101,173,0.875878,0.01,0.744515
101,174,0.877864,0.01,0.755037
101,175,0.879818,0.01,0.722307
101,176,0.881741,0.01,0.730151
101,177,0.883634,0.01,0.739378
101,178,0.885495,0.01,0.749316
101,179,0.887327,0.01,0.759508
101,180,0.88913,0.01,0.726382
101,181,0.890904,0.01,0.733945
101,182,0.89265,0.01,0.742911
101,183,0.894367,0.01,0.752604
101,184,0.896057,0.01,0.762569
101,185,0.89772,0.01,0.729171
101,186,0.852834,0.01,0.69224
101,187,0.855189,0.01,0.698755
101,188,0.857506,0.01,0.70777
101,189,0.859786,0.01,0.718227
101,190,0.862029,0.01,0.686339
101,191,0.864237,0.01,0.695398
101,192,0.866409,0.01,0.70614
101,193,0.868547,0.01,0.717756
101,194,0.87065,0.01,0.7297
101,195,0.872719,0.01,0.698822
101,196,0.874756,0.01,0.708082
101,197,0.87676,0.01,0.718692
101,198,0.878732,0.01,0.729961
101,199,0.834795,0.01,0.698491
101,200,0.837438,0.01,0.663611
102,1,0.50632,0.50632,0.52079
102,2,0.513043,0.513043,0.54281
102,3,0.520011,0.520011,0.565173
102,4,0.527115,0.527115,0.587294
102,5,0.534277,0.263557,0.568735
102,6,0.541447,0.266695,0.586821
102,7,0.548586,0.269976,0.605706
102,8,0.55567,0.273341,0.624716
102,9,0.562682,0.276746,0.643414
102,10,0.569612,0.138373,0.62051
102,11,0.576451,0.139853,0.635351
102,12,0.583194,0.141401,0.65111
102,13,0.58984,0.142988,0.66714
102,14,0.596386,0.144595,0.683012
102,15,0.602832,0.072298,0.656688
102,16,0.609179,0.072989,0.669076
102,17,0.615427,0.073715,0.682536
102,18,0.621576,0.074461,0.696413
102,19,0.627628,0.075218,0.710274
102,20,0.633584,0.037609,0.681536
102,21,0.639445,0.037931,0.69221
102,22,0.607473,0.036035,0.661145
102,23,0.613753,0.036405,0.671166
102,24,0.619932,0.036786,0.68304
102,25,0.626013,0.018393,0.653242
102,26,0.631996,0.018558,0.664047
102,27,0.637884,0.018733,0.67658
102,28,0.643678,0.018913,0.689978
102,29,0.649379,0.019096,0.703661
102,30,0.654988,0.01,0.67493
102,31,0.660509,0.01,0.685755
102,32,0.66594,0.01,0.69785
102,33,0.671285,0.01,0.710519
102,34,0.676545,0.01,0.7233
102,35,0.68172,0.01,0.693305
102,36,0.686813,0.01,0.703112
102,37,0.691823,0.01,0.714182
102,38,0.696754,0.01,0.725843
102,39,0.701606,0.01,0.737648
102,40,0.706381,0.01,0.706456
102,41,0.711078,0.01,0.715393
102,42,0.715701,0.01,0.725641
102,43,0.72025,0.01,0.736528
102,44,0.724726,0.01,0.747606
102,45,0.72913,0.01,0.71554
102,46,0.733464,0.01,0.723854
102,47,0.737729,0.01,0.733519
102,48,0.741925,0.01,0.743863
102,49,0.746054,0.01,0.754434
102,50,0.750118,0.01,0.721761
102,51,0.754116,0.01,0.729645
102,52,0.75805,0.01,0.738909
102,53,0.761921,0.01,0.74888
102,54,0.76573,0.01,0.759103
102,55,0.769479,0.01,0.726014
102,56,0.773167,0.01,0.733603
102,57,0.776796,0.01,0.742592
102,58,0.780367,0.01,0.752308
102,59,0.783882,0.01,0.762293
102,60,0.78734,0.01,0.72892
102,61,0.790742,0.01,0.736307
102,62,0.79409,0.01,0.745109
102,63,0.797385,0.01,0.754649
102,64,0.800627,0.01,0.764473
102,65,0.803817,0.01,0.730904
102,66,0.806956,0.01,0.738154
102,67,0.810044,0.01,0.746828
102,68,0.813084,0.01,0.756249
102,69,0.816074,0.01,0.765961
102,70,0.77527,0.01,0.73226
102,71,0.778866,0.01,0.739415
102,72,0.782404,0.01,0.748002
102,73,0.785886,0.01,0.757342
102,74,0.789312,0.01,0.766978
102,75,0.792683,0.01,0.733186
102,76,0.753049,0.01,0.695898
102,77,0.757,0.01,0.702159
102,78,0.760888,0.01,0.710938
102,79,0.764714,0.01,0.721175
102,80,0.768478,0.01,0.689024
102,81,0.772182,0.01,0.697896
102,82,0.775828,0.01,0.708466
102,83,0.779414,0.01,0.71992
102,84,0.782944,0.01,0.731714
102,85,0.786417,0.01,0.700657
102,86,0.789834,0.01,0.709789
102,87,0.793197,0.01,0.720281
102,88,0.796505,0.01,0.731439
102,89,0.799761,0.01,0.742799
102,90,0.802965,0.01,0.711095
102,91,0.806118,0.01,0.719683
102,92,0.80922,0.01,0.729613
102,93,0.812272,0.01,0.740211
102,94,0.815276,0.01,0.751024
102,95,0.818232,0.01,0.718644
102,96,0.82114,0.01,0.726738
102,97,0.824002,0.01,0.7362
102,98,0.826818,0.01,0.746356
102,99,0.829589,0.01,0.756753
102,100,0.832315,0.01,0.723871
102,101,0.834998,0.01,0.731607
102,102,0.837638,0.01,0.740735
102,103,0.840236,0.01,0.750579
102,104,0.842792,0.01,0.760684
102,105,0.845307,0.01,0.727453
102,106,0.847783,0.01,0.734942
102,107,0.850218,0.01,0.743839
102,108,0.852614,0.01,0.753467
102,109,0.809984,0.01,0.719999
102,110,0.813024,0.01,0.68327
102,111,0.816016,0.01,0.690083
102,112,0.818959,0.01,0.699473
102,113,0.821856,0.01,0.710347
102,114,0.824706,0.01,0.721962
102,115,0.827511,0.01,0.690987
102,116,0.830271,0.01,0.700378
102,117,0.832987,0.01,0.711233
102,118,0.835659,0.01,0.722817
102,119,0.838288,0.01,0.734633
102,120,0.796374,0.01,0.703526
102,121,0.799632,0.01,0.712569
102,122,0.802838,0.01,0.722945
102,123,0.805992,0.01,0.733972
102,124,0.809096,0.01,0.745194
102,125,0.812151,0.01,0.713311
102,126,0.815156,0.01,0.721764
102,127,0.818114,0.01,0.731563
102,128,0.821024,0.01,0.742035
102,129,0.823888,0.01,0.752727
102,130,0.826706,0.01,0.720201
102,131,0.829478,0.01,0.72819
102,132,0.832207,0.01,0.737554
102,133,0.834891,0.01,0.747617
102,134,0.837533,0.01,0.757927
102,135,0.840133,0.01,0.724942
102,136,0.84269,0.01,0.732605
102,137,0.845207,0.01,0.741663
102,138,0.847684,0.01,0.751443
102,139,0.850121,0.01,0.761488
102,140,0.852519,0.01,0.728186
102,141,0.854879,0.01,0.735624
102,142,0.857201,0.01,0.744473
102,143,0.859486,0.01,0.754058
102,144,0.861734,0.01,0.763922
102,145,0.863946,0.01,0.730403
102,146,0.866123,0.01,0.737687
102,147,0.868265,0.01,0.746394
102,148,0.870373,0.01,0.755845
102,149,0.872447,0.01,0.765585
102,150,0.874488,0.01,0.731918
102,151,0.876496,0.01,0.739097
102,152,0.878472,0.01,0.747705
102,153,0.880416,0.01,0.757066
102,154,0.88233,0.01,0.766721
102,155,0.884212,0.01,0.732953
102,156,0.886065,0.01,0.74006
102,157,0.887888,0.01,0.748601
102,158,0.889682,0.01,0.7579
102,159,0.891447,0.01,0.767497
102,160,0.893184,0.01,0.733659
102,161,0.894893,0.01,0.740717
102,162,0.896574,0.01,0.749213
102,163,0.898229,0.01,0.758469
102,164,0.899858,0.01,0.768027
102,165,0.90146,0.01,0.734142
102,166,0.903037,0.01,0.741167
102,167,0.904588,0.01,0.749631
102,168,0.906115,0.01,0.758858
102,169,0.860809,0.01,0.724909
102,170,0.863036,0.01,0.687742
102,171,0.865227,0.01,0.694245
102,172,0.867384,0.01,0.703346
102,173,0.869506,0.01,0.713952
102,174,0.871593,0.01,0.725316
102,175,0.873648,0.01,0.694042
102,176,0.87567,0.01,0.703221
102,177,0.877659,0.01,0.713879
102,178,0.879616,0.01,0.725279
102,179,0.881542,0.01,0.736925
102,180,0.883438,0.01,0.705612
102,181,0.885303,0.01,0.714511
102,182,0.887138,0.01,0.724752
102,183,0.888944,0.01,0.735653
102,184,0.890721,0.01,0.746759
102,185,0.892469,0.01,0.714737
102,186,0.89419,0.01,0.72309
102,187,0.895883,0.01,0.732797
102,188,0.897548,0.01,0.743184
102,189,0.899188,0.01,0.753796
102,190,0.900801,0.01,0.721175
102,191,0.902388,0.01,0.729096
102,192,0.90395,0.01,0.738397
102,193,0.905486,0.01,0.748402
102,194,0.906999,0.01,0.758658
102,195,0.908487,0.01,0.725607
102,196,0.909951,0.01,0.733224
102,197,0.911392,0.01,0.742239
102,198,0.912809,0.01,0.751979
102,199,0.914204,0.01,0.761987
102,200,0.915577,0.01,0.728641
103,1,0.50632,0.50632,0.52079
103,2,0.513043,0.513043,0.54281
103,3,0.520011,0.520011,0.565173
103,4,0.527115,0.527115,0.587294
103,5,0.534277,0.263557,0.568735
103,6,0.541447,0.266695,0.586821
103,7,0.548586,0.269976,0.605706
103,8,0.55567,0.273341,0.624716
103,9,0.562682,0.276746,0.643414
103,10,0.569612,0.138373,0.62051
103,11,0.576451,0.139853,0.635351
103,12,0.583194,0.141401,0.65111
103,13,0.58984,0.142988,0.66714
103,14,0.596386,0.144595,0.683012
103,15,0.602832,0.072298,0.656688
103,16,0.572691,0.068683,0.626208
103,17,0.57952,0.069432,0.637296
103,18,0.586242,0.070215,0.650571
103,19,0.592858,0.071017,0.664994
103,20,0.59937,0.035509,0.63785
103,21,0.605778,0.035859,0.650272
103,22,0.612084,0.036229,0.664145
103,23,0.61829,0.036609,0.678675
103,24,0.624396,0.036996,0.69333
103,25,0.630406,0.018498,0.665696
103,26,0.636319,0.018664,0.677255
103,27,0.642138,0.018838,0.690004
103,28,0.647863,0.019018,0.703263
103,29,0.653497,0.0192,0.716578
103,30,0.659041,0.01,0.687213
103,31,0.664497,0.01,0.697458
103,32,0.669865,0.01,0.708931
103,33,0.675147,0.01,0.720964
103,34,0.680344,0.01,0.733113
103,35,0.685459,0.01,0.70233
103,36,0.690491,0.01,0.711557
103,37,0.695444,0.01,0.722072
103,38,0.700316,0.01,0.733209
103,39,0.705111,0.01,0.744518
103,40,0.669856,0.01,0.712728
103,41,0.675138,0.01,0.721237
103,42,0.680336,0.01,0.731084
103,43,0.685451,0.01,0.741598
103,44,0.690483,0.01,0.752327
103,45,0.695436,0.01,0.719841
103,46,0.700309,0.01,0.727858
103,47,0.705104,0.01,0.737247
103,48,0.709822,0.01,0.747333
103,49,0.714465,0.01,0.757664
103,50,0.719033,0.01,0.724703
103,51,0.723529,0.01,0.732382
103,52,0.727952,0.01,0.741457
103,53,0.732305,0.01,0.751251
103,54,0.736588,0.01,0.76131
103,55,0.740803,0.01,0.728024
103,56,0.74495,0.01,0.735473
103,57,0.749031,0.01,0.744333
103,58,0.753046,0.01,0.753928
103,59,0.756998,0.01,0.763801
103,60,0.760886,0.01,0.730293
103,61,0.764711,0.01,0.737584
103,62,0.768476,0.01,0.746298
103,63,0.77218,0.01,0.755756
103,64,0.733571,0.01,0.722084
103,65,0.737834,0.01,0.685169
103,66,0.742029,0.01,0.69185
103,67,0.746157,0.01,0.701118
103,68,0.750218,0.01,0.711878
103,69,0.712707,0.01,0.680408
103,70,0.677072,0.01,0.646012
103,71,0.682239,0.01,0.654782
103,72,0.687323,0.01,0.666182
103,73,0.692326,0.01,0.679058
103,74,0.697248,0.01,0.692628
103,75,0.662386,0.01,0.664069
103,76,0.667788,0.01,0.675222
103,77,0.673103,0.01,0.687749
103,78,0.678334,0.01,0.700911
103,79,0.68348,0.01,0.714211
103,80,0.688545,0.01,0.684891
103,81,0.693528,0.01,0.69521
103,82,0.698431,0.01,0.706778
103,83,0.703256,0.01,0.718919
103,84,0.708004,0.01,0.731179
103,85,0.712676,0.01,0.700541
103,86,0.717273,0.01,0.709877
103,87,0.721797,0.01,0.720499
103,88,0.685707,0.01,0.688698
103,89,0.690736,0.01,0.697745
103,90,0.695684,0.01,0.665133
103,91,0.700553,0.01,0.674324
103,92,0.705344,0.01,0.685591
103,93,0.710059,0.01,0.697977
103,94,0.714698,0.01,0.710834
103,95,0.719263,0.01,0.681211
103,96,0.723755,0.01,0.691468
103,97,0.728174,0.01,0.703073
103,98,0.732524,0.01,0.715315
103,99,0.736803,0.01,0.727717
103,100,0.741014,0.01,0.697286
103,101,0.745158,0.01,0.706794
103,102,0.749236,0.01,0.717593
103,103,0.753248,0.01,0.729007
103,104,0.757196,0.01,0.740584
103,105,0.761081,0.01,0.709123
103,106,0.764904,0.01,0.717872
103,107,0.768665,0.01,0.727944
103,108,0.772366,0.01,0.73867
103,109,0.776009,0.01,0.749598
103,110,0.779592,0.01,0.717353
103,111,0.783119,0.01,0.72554
103,112,0.786589,0.01,0.735088
103,113,0.790004,0.01,0.745323
103,114,0.793364,0.01,0.755793
103,115,0.79667,0.01,0.722998
103,116,0.799923,0.01,0.730796
103,117,0.803124,0.01,0.73998
103,118,0.806274,0.01,0.749877
103,119,0.809374,0.01,0.760031
103,120,0.812424,0.01,0.726859
103,121,0.815425,0.01,0.734389
103,122,0.818378,0.01,0.743324
103,123,0.821284,0.01,0.752989
103,124,0.824144,0.01,0.762927
103,125,0.826957,0.01,0.729497
103,126,0.829726,0.01,0.736844
103,127,0.83245,0.01,0.745608
103,128,0.835131,0.01,0.755114
103,129,0.837769,0.01,0.764905
103,130,0.840365,0.01,0.731299
103,131,0.842919,0.01,0.73852
103,132,0.845432,0.01,0.747169
103,133,0.847905,0.01,0.756567
103,134,0.850339,0.01,0.766257
103,135,0.852733,0.01,0.73253
103,136,0.85509,0.01,0.739666
103,137,0.857408,0.01,0.748235
103,138,0.85969,0.01,0.757559
103,139,0.861935,0.01,0.76718
103,140,0.864144,0.01,0.73337
103,141,0.866317,0.01,0.740448
103,142,0.868456,0.01,0.748963
103,143,0.870561,0.01,0.758236
103,144,0.872632,0.01,0.767811
103,145,0.87467,0.01,0.733945
103,146,0.876675,0.01,0.740983
103,147,0.878648,0.01,0.74946
103,148,0.88059,0.01,0.758699
103,149,0.882501,0.01,0.768241
103,150,0.884381,0.01,0.734337
103,151,0.886231,0.01,0.741348
103,152,0.888051,0.01,0.7498
103,153,0.889842,0.01,0.759015
103,154,0.891605,0.01,0.768536
103,155,0.893339,0.01,0.734605
103,156,0.895046,0.01,0.741597
103,157,0.896725,0.01,0.750032
103,158,0.851889,0.01,0.715611
103,159,0.854258,0.01,0.722798
103,160,0.85659,0.01,0.687957
103,161,0.858885,0.01,0.695567
103,162,0.861143,0.01,0.705363
103,163,0.863364,0.01,0.716379
103,164,0.86555,0.01,0.727959
103,165,0.867702,0.01,0.69681
103,166,0.869818,0.01,0.705985
103,167,0.871901,0.01,0.716583
103,168,0.873951,0.01,0.727888
103,169,0.875968,0.01,0.739417
103,170,0.877952,0.01,0.707943
103,171,0.879905,0.01,0.716712
103,172,0.881827,0.01,0.726822
103,173,0.883717,0.01,0.737595
103,174,0.885578,0.01,0.748577
103,175,0.887409,0.01,0.716403
103,176,0.88921,0.01,0.724646
103,177,0.890983,0.01,0.734249
103,178,0.892727,0.01,0.744537
103,179,0.894443,0.01,0.755058
103,180,0.896132,0.01,0.722325
103,181,0.897794,0.01,0.730168
103,182,0.899429,0.01,0.739395
103,183,0.901039,0.01,0.749331
103,184,0.902622,0.01,0.759522
103,185,0.90418,0.01,0.726395
103,186,0.905713,0.01,0.733957
103,187,0.907222,0.01,0.742922
103,188,0.908706,0.01,0.752614
103,189,0.863271,0.01,0.719222
103,190,0.865458,0.01,0.682562
103,191,0.867611,0.01,0.689424
103,192,0.869729,0.01,0.69886
103,193,0.871814,0.01,0.709777
103,194,0.873865,0.01,0.721431
103,195,0.875883,0.01,0.690504
103,196,0.877869,0.01,0.699928
103,197,0.879823,0.01,0.710814
103,198,0.881746,0.01,0.722427
103,199,0.883638,0.01,0.734271
103,200,0.8855,0.01,0.703195
104,1,0.50632,0.50632,0.52079
104,2,0.513043,0.513043,0.54281
104,3,0.520011,0.520011,0.565173
104,4,0.527115,0.527115,0.587294
104,5,0.534277,0.263557,0.568735
104,6,0.541447,0.266695,0.586821
104,7,0.548586,0.269976,0.605706
104,8,0.55567,0.273341,0.624716
104,9,0.562682,0.276746,0.643414
104,10,0.569612,0.138373,0.62051
104,11,0.576451,0.139853,0.635351
104,12,0.547628,0.13286,0.609294
104,13,0.554833,0.13452,0.62288
104,14,0.561932,0.136218,0.638082
104,15,0.568925,0.068109,0.612273
104,16,0.575811,0.068856,0.625909
104,17,0.58259,0.069641,0.641081
104,18,0.589263,0.070447,0.656937
104,19,0.595831,0.071264,0.672909
104,20,0.602295,0.035632,0.646917
104,21,0.608656,0.035985,0.659685
104,22,0.614916,0.036356,0.673587
104,23,0.621077,0.036736,0.68794
104,24,0.627139,0.037122,0.702286
104,25,0.633104,0.018561,0.674166
104,26,0.638974,0.018726,0.685301
104,27,0.64475,0.0189,0.697606
104,28,0.650434,0.019079,0.710418
104,29,0.656027,0.019261,0.723293
104,30,0.661531,0.01,0.693381
104,31,0.666946,0.01,0.703226
104,32,0.672275,0.01,0.714318
104,33,0.638661,0.01,0.683076
104,34,0.644442,0.01,0.692518
104,35,0.650131,0.01,0.660376
104,36,0.655729,0.01,0.669898
104,37,0.661238,0.01,0.681475
104,38,0.666658,0.01,0.694147
104,39,0.671991,0.01,0.70727
104,40,0.677239,0.01,0.677966
104,41,0.682404,0.01,0.688448
104,42,0.687485,0.01,0.700263
104,43,0.692485,0.01,0.7127
104,44,0.697406,0.01,0.725284
104,45,0.702247,0.01,0.69507
104,46,0.707011,0.01,0.704732
104,47,0.711699,0.01,0.715674
104,48,0.716312,0.01,0.727221
104,49,0.720851,0.01,0.738922
104,50,0.725317,0.01,0.70761
104,51,0.729712,0.01,0.716463
104,52,0.734037,0.01,0.726634
104,53,0.738292,0.01,0.73745
104,54,0.742479,0.01,0.748463
104,55,0.7466,0.01,0.716319
104,56,0.750654,0.01,0.724578
104,57,0.754644,0.01,0.734193
104,58,0.758569,0.01,0.74449
104,59,0.762432,0.01,0.755018
104,60,0.766233,0.01,0.722292
104,61,0.769974,0.01,0.730139
104,62,0.773654,0.01,0.739369
104,63,0.777276,0.01,0.749308
104,64,0.780839,0.01,0.759501
104,65,0.784346,0.01,0.726377
104,66,0.787796,0.01,0.73394
104,67,0.791191,0.01,0.742906
104,68,0.751632,0.01,0.709121
104,69,0.755606,0.01,0.716758
104,70,0.759516,0.01,0.682456
104,71,0.763364,0.01,0.690448
104,72,0.76715,0.01,0.700599
104,73,0.770876,0.01,0.711945
104,74,0.774542,0.01,0.723833
104,75,0.778149,0.01,0.693052
104,76,0.781699,0.01,0.702488
104,77,0.785191,0.01,0.713329
104,78,0.788628,0.01,0.724859
104,79,0.79201,0.01,0.736599
104,80,0.795338,0.01,0.705376
104,81,0.798613,0.01,0.714323
104,82,0.801835,0.01,0.724599
104,83,0.805006,0.01,0.735527
104,84,0.808125,0.01,0.746652
104,85,0.811195,0.01,0.714649
104,86,0.814216,0.01,0.723014
104,87,0.773505,0.01,0.689192
104,88,0.777129,0.01,0.697261
104,89,0.780695,0.01,0.707321
104,90,0.784204,0.01,0.675354
104,91,0.787657,0.01,0.684623
104,92,0.791054,0.01,0.695727
104,93,0.794398,0.01,0.707795
104,94,0.797687,0.01,0.72024
104,95,0.800924,0.01,0.69003
104,96,0.804109,0.01,0.699807
104,97,0.807244,0.01,0.710926
104,98,0.810328,0.01,0.722688
104,99,0.813363,0.01,0.734624
104,100,0.816349,0.01,0.703619
104,101,0.819287,0.01,0.71271
104,102,0.822179,0.01,0.723114
104,103,0.825024,0.01,0.734155
104,104,0.827823,0.01,0.745383
104,105,0.830578,0.01,0.713501
104,106,0.833289,0.01,0.721949
104,107,0.835956,0.01,0.731742
104,108,0.838581,0.01,0.742206
104,109,0.841164,0.01,0.75289
104,110,0.843705,0.01,0.720352
104,111,0.846206,0.01,0.728332
104,112,0.848666,0.01,0.737687
104,113,0.851088,0.01,0.747742
104,114,0.808533,0.01,0.714784
104,115,0.811597,0.01,0.678519
104,116,0.814611,0.01,0.685662
104,117,0.817578,0.01,0.695359
104,118,0.820496,0.01,0.706518
104,119,0.823368,0.01,0.718398
104,120,0.826194,0.01,0.687742
104,121,0.828975,0.01,0.697357
104,122,0.831712,0.01,0.708422
104,123,0.834404,0.01,0.720201
104,124,0.837054,0.01,0.732199
104,125,0.839661,0.01,0.701308
104,126,0.842226,0.01,0.710506
104,127,0.844751,0.01,0.721024
104,128,0.847235,0.01,0.732185
104,129,0.849679,0.01,0.743531
104,130,0.852084,0.01,0.711797
104,131,0.854451,0.01,0.720354
104,132,0.85678,0.01,0.730251
104,133,0.859071,0.01,0.740814
104,134,0.861326,0.01,0.751592
104,135,0.863545,0.01,0.719167
104,136,0.865728,0.01,0.727227
104,137,0.867876,0.01,0.736658
104,138,0.86999,0.01,0.746783
104,139,0.872071,0.01,0.757151
104,140,0.828467,0.01,0.724235
104,141,0.831212,0.01,0.731947
104,142,0.833912,0.01,0.741051
104,143,0.83657,0.01,0.750873
104,144,0.839184,0.01,0.760958
104,145,0.841758,0.01,0.727704
104,146,0.844289,0.01,0.735175
104,147,0.846781,0.01,0.744055
104,148,0.849232,0.01,0.753669
104,149,0.851645,0.01,0.76356
104,150,0.854018,0.01,0.730074
104,151,0.856354,0.01,0.73738
104,152,0.858652,0.01,0.746108
104,153,0.860914,0.01,0.755579
104,154,0.863139,0.01,0.765338
104,155,0.865329,0.01,0.731693
104,156,0.867484,0.01,0.738887
104,157,0.869604,0.01,0.74751
104,158,0.87169,0.01,0.756884
104,159,0.873743,0.01,0.766552
104,160,0.875763,0.01,0.732799
104,161,0.877751,0.01,0.739916
104,162,0.833864,0.01,0.704598
104,163,0.836522,0.01,0.711604
104,164,0.839137,0.01,0.720673
104,165,0.841711,0.01,0.687519
104,166,0.844244,0.01,0.695945
104,167,0.846736,0.01,0.706265
104,168,0.849188,0.01,0.717603
104,169,0.851601,0.01,0.729368
104,170,0.853976,0.01,0.698344
104,171,0.856312,0.01,0.707545
104,172,0.858611,0.01,0.718127
104,173,0.860873,0.01,0.72939
104,174,0.863099,0.01,0.74086
104,175,0.86529,0.01,0.7093
104,176,0.867445,0.01,0.717996
104,177,0.869566,0.01,0.728033
104,178,0.871653,0.01,0.738733
104,179,0.873706,0.01,0.749643
104,180,0.875727,0.01,0.717381
104,181,0.877715,0.01,0.72556
104,182,0.879672,0.01,0.735102
104,183,0.881597,0.01,0.745333
104,184,0.883492,0.01,0.7558
104,185,0.885356,0.01,0.723003
104,186,0.88719,0.01,0.730799
104,187,0.888995,0.01,0.739982
104,188,0.890771,0.01,0.749878
104,189,0.892519,0.01,0.760032
104,190,0.894239,0.01,0.726859
104,191,0.895931,0.01,0.734389
104,192,0.897596,0.01,0.743324
104,193,0.899234,0.01,0.752988
104,194,0.900847,0.01,0.762927
104,195,0.902433,0.01,0.729496
104,196,0.903994,0.01,0.736843
104,197,0.90553,0.01,0.745608
104,198,0.907042,0.01,0.755114
104,199,0.908529,0.01,0.764905
104,200,0.909993,0.01,0.731298
105,1,0.50632,0.50632,0.52079
105,2,0.513043,0.513043,0.54281
105,3,0.520011,0.520011,0.565173
105,4,0.527115,0.527115,0.587294
105,5,0.534277,0.263557,0.568735
105,6,0.541447,0.266695,0.586821
105,7,0.548586,0.269976,0.605706
105,8,0.521156,0.256478,0.583885
105,9,0.52868,0.260058,0.600071
105,10,0.536124,0.130029,0.576044
105,11,0.543478,0.131619,0.591351
105,12,0.550735,0.133282,0.60833
105,13,0.55789,0.134989,0.626045
105,14,0.564941,0.136716,0.643871
105,15,0.571885,0.068358,0.620199
105,16,0.578724,0.06911,0.634679
105,17,0.585456,0.069897,0.650218
105,18,0.592083,0.070703,0.666123
105,19,0.598606,0.071519,0.681935
105,20,0.605026,0.03576,0.655584
105,21,0.611343,0.036112,0.667985
105,22,0.61756,0.036481,0.681475
105,23,0.623679,0.03686,0.695395
105,24,0.629699,0.037244,0.709304
105,25,0.635623,0.018622,0.680633
105,26,0.641453,0.018786,0.691358
105,27,0.64719,0.018959,0.703271
105,28,0.652834,0.019137,0.715709
105,29,0.658389,0.019318,0.72823
105,30,0.663855,0.01,0.697891
105,31,0.669233,0.01,0.707429
105,32,0.674525,0.01,0.718233
105,33,0.679733,0.01,0.729638
105,34,0.684857,0.01,0.741197
105,35,0.689899,0.01,0.709704
105,36,0.694861,0.01,0.718424
105,37,0.699743,0.01,0.728467
105,38,0.704547,0.01,0.739162
105,39,0.709274,0.01,0.75006
105,40,0.713926,0.01,0.717778
105,41,0.718503,0.01,0.725938
105,42,0.723007,0.01,0.735459
105,43,0.727439,0.01,0.74567
105,44,0.7318,0.01,0.756116
105,45,0.736091,0.01,0.723293
105,46,0.740314,0.01,0.731071
105,47,0.744469,0.01,0.740236
105,48,0.748557,0.01,0.750115
105,49,0.75258,0.01,0.760253
105,50,0.756539,0.01,0.727061
105,51,0.760434,0.01,0.734577
105,52,0.764267,0.01,0.743499
105,53,0.768039,0.01,0.753152
105,54,0.771751,0.01,0.763079
105,55,0.775403,0.01,0.729635
105,56,0.778996,0.01,0.736972
105,57,0.782532,0.01,0.745728
105,58,0.786012,0.01,0.755226
105,59,0.789435,0.01,0.765009
105,60,0.792804,0.01,0.731393
105,61,0.79612,0.01,0.738608
105,62,0.799382,0.01,0.747251
105,63,0.802592,0.01,0.756643
105,64,0.80575,0.01,0.766328
105,65,0.808858,0.01,0.732594
105,66,0.811916,0.01,0.739726
105,67,0.814926,0.01,0.748291
105,68,0.817887,0.01,0.757611
105,69,0.776993,0.01,0.723773
105,70,0.780561,0.01,0.686707
105,71,0.784072,0.01,0.693282
105,72,0.787527,0.01,0.70245
105,73,0.790926,0.01,0.713118
105,74,0.794271,0.01,0.72454
105,75,0.797563,0.01,0.693335
105,76,0.800802,0.01,0.702563
105,77,0.803989,0.01,0.713267
105,78,0.807125,0.01,0.724709
105,79,0.810211,0.01,0.736394
105,80,0.813248,0.01,0.705129
105,81,0.816236,0.01,0.714062
105,82,0.819176,0.01,0.724334
105,83,0.822069,0.01,0.735264
105,84,0.824916,0.01,0.746397
105,85,0.827718,0.01,0.714407
105,86,0.830474,0.01,0.722783
105,87,0.833187,0.01,0.732512
105,88,0.835856,0.01,0.742918
105,89,0.838482,0.01,0.753549
105,90,0.841066,0.01,0.72095
105,91,0.843609,0.01,0.728887
105,92,0.846111,0.01,0.738202
105,93,0.848574,0.01,0.74822
105,94,0.850996,0.01,0.758489
105,95,0.85338,0.01,0.725453
105,96,0.855726,0.01,0.73308
105,97,0.858035,0.01,0.742106
105,98,0.860306,0.01,0.751855
105,99,0.862541,0.01,0.761872
105,100,0.864741,0.01,0.728535
105,101,0.866905,0.01,0.735949
105,102,0.869034,0.01,0.744776
105,103,0.87113,0.01,0.75434
105,104,0.873192,0.01,0.764184
105,105,0.875221,0.01,0.730642
105,106,0.877217,0.01,0.737909
105,107,0.879182,0.01,0.7466
105,108,0.881115,0.01,0.756037
105,109,0.883017,0.01,0.765764
105,110,0.884889,0.01,0.732081
105,111,0.88673,0.01,0.739248
105,112,0.888543,0.01,0.747846
105,113,0.890326,0.01,0.757197
105,114,0.892081,0.01,0.766843
105,115,0.893808,0.01,0.733064
105,116,0.895507,0.01,0.740163
105,117,0.897178,0.01,0.748698
105,118,0.898824,0.01,0.757989
105,119,0.900442,0.01,0.767581
105,120,0.902035,0.01,0.733735
105,121,0.903603,0.01,0.740788
105,122,0.905145,0.01,0.749279
105,123,0.906663,0.01,0.75853
105,124,0.908156,0.01,0.768084
105,125,0.909626,0.01,0.734194
105,126,0.911072,0.01,0.741215
105,127,0.912495,0.01,0.749676
105,128,0.913895,0.01,0.7589
105,129,0.915272,0.01,0.768428
105,130,0.916628,0.01,0.734507
105,131,0.917962,0.01,0.741506
105,132,0.919275,0.01,0.749948
105,133,0.920566,0.01,0.759153
105,134,0.921837,0.01,0.768663
105,135,0.923088,0.01,0.734721
105,136,0.924318,0.01,0.741706
105,137,0.925529,0.01,0.750133
105,138,0.926721,0.01,0.759325
105,139,0.927893,0.01,0.768824
105,140,0.929047,0.01,0.734868
105,141,0.930182,0.01,0.741842
105,142,0.931299,0.01,0.75026
105,143,0.932398,0.01,0.759443
105,144,0.93348,0.01,0.768933
105,145,0.934544,0.01,0.734967
105,146,0.935592,0.01,0.741935
105,147,0.936622,0.01,0.750346
105,148,0.937636,0.01,0.759523
105,149,0.938634,0.01,0.769008
105,150,0.939616,0.01,0.735036
105,151,0.940582,0.01,0.741998
105,152,0.941533,0.01,0.750405
105,153,0.942468,0.01,0.759578
105,154,0.943389,0.01,0.769059
105,155,0.944295,0.01,0.735082
105,156,0.945186,0.01,0.742041
105,157,0.946063,0.01,0.750446
105,158,0.89876,0.01,0.715988
105,159,0.90038,0.01,0.723148
105,160,0.901973,0.01,0.688276
105,161,0.903542,0.01,0.695864
105,162,0.905085,0.01,0.705639
105,163,0.906604,0.01,0.716636
105,164,0.908098,0.01,0.728199
105,165,0.909569,0.01,0.697028
105,166,0.911016,0.01,0.706188
105,167,0.912439,0.01,0.716772
105,168,0.91384,0.01,0.728063
105,169,0.915219,0.01,0.739581
105,170,0.916575,0.01,0.708092
105,171,0.91791,0.01,0.71685
105,172,0.919224,0.01,0.726951
105,173,0.920516,0.01,0.737715
105,174,0.921788,0.01,0.748688
105,175,0.923039,0.01,0.716505
105,176,0.92427,0.01,0.724741
105,177,0.925482,0.01,0.734337
105,178,0.926674,0.01,0.744619
105,179,0.927848,0.01,0.755134
105,180,0.929002,0.01,0.722395
105,181,0.930138,0.01,0.730233
105,182,0.931256,0.01,0.739455
105,183,0.932356,0.01,0.749387
105,184,0.933438,0.01,0.759575
105,185,0.934503,0.01,0.726443
105,186,0.935551,0.01,0.734001
105,187,0.888773,0.01,0.69921
105,188,0.890553,0.01,0.70659
105,189,0.892304,0.01,0.716006
105,190,0.894027,0.01,0.683269
105,191,0.895723,0.01,0.69199
105,192,0.897391,0.01,0.702584
105,193,0.899033,0.01,0.714177
105,194,0.900649,0.01,0.72618
105,195,0.855616,0.01,0.695441
105,196,0.857926,0.01,0.704843
105,197,0.860199,0.01,0.715613
105,198,0.862436,0.01,0.72705
105,199,0.864637,0.01,0.738683
105,200,0.866803,0.01,0.707316
106,1,0.475,0.475,0.48
106,2,0.48172,0.48172,0.4995
106,3,0.488836,0.488836,0.521127
106,4,0.496192,0.496192,0.543685
106,5,0.503677,0.248096,0.526571
106,6,0.511214,0.251421,0.5463
106,7,0.518753,0.254904,0.567098
106,8,0.526255,0.25848,0.588159
106,9,0.533696,0.262102,0.608953
106,10,0.54106,0.131051,0.588713
106,11,0.548336,0.132643,0.605544
106,12,0.555515,0.134303,0.623221
106,13,0.562593,0.136001,0.641081
106,14,0.569569,0.137719,0.658687
106,15,0.54109,0.130833,0.634464
106,16,0.548417,0.132665,0.648358
106,17,0.55563,0.13449,0.66323
106,18,0.527849,0.127765,0.63652
106,19,0.535395,0.129684,0.649179
106,20,0.542823,0.064842,0.62089
106,21,0.550134,0.06567,0.633147
106,22,0.55733,0.066524,0.647269
106,23,0.56441,0.067394,0.662312
106,24,0.571378,0.068269,0.677642
106,25,0.578235,0.034135,0.650978
106,26,0.584983,0.034514,0.663333
106,27,0.591623,0.03491,0.67689
106,28,0.598157,0.035315,0.690949
106,29,0.604586,0.035724,0.705041
106,30,0.610912,0.017862,0.676633
106,31,0.617138,0.018039,0.687574
106,32,0.623263,0.018224,0.699707
106,33,0.629291,0.018414,0.712362
106,34,0.635222,0.018606,0.725094
106,35,0.641059,0.01,0.695015
106,36,0.646802,0.01,0.704742
106,37,0.652453,0.01,0.715726
106,38,0.658014,0.01,0.7273
106,39,0.663485,0.01,0.739017
106,40,0.66887,0.01,0.707716
106,41,0.635426,0.01,0.672697
106,42,0.641259,0.01,0.680566
106,43,0.646999,0.01,0.690842
106,44,0.652647,0.01,0.702474
106,45,0.658205,0.01,0.67199
106,46,0.663674,0.01,0.682044
106,47,0.669055,0.01,0.693713
106,48,0.67435,0.01,0.706192
106,49,0.67956,0.01,0.718938
106,50,0.684687,0.01,0.68902
106,51,0.650453,0.01,0.655384
106,52,0.656046,0.01,0.664305
106,53,0.661549,0.01,0.675605
106,54,0.666964,0.01,0.688221
106,55,0.672293,0.01,0.65894
106,56,0.677536,0.01,0.669864
106,57,0.682696,0.01,0.682353
106,58,0.687772,0.01,0.695602
106,59,0.692768,0.01,0.709071
106,60,0.697684,0.01,0.680022
106,61,0.702521,0.01,0.690581
106,62,0.707281,0.01,0.702401
106,63,0.711964,0.01,0.714797
106,64,0.716573,0.01,0.72731
106,65,0.721107,0.01,0.696985
106,66,0.72557,0.01,0.706551
106,67,0.729961,0.01,0.717392
106,68,0.734281,0.01,0.728838
106,69,0.738533,0.01,0.74044
106,70,0.742716,0.01,0.709004
106,71,0.746833,0.01,0.717767
106,72,0.750883,0.01,0.727851
106,73,0.754869,0.01,0.738586
106,74,0.758791,0.01,0.749522
106,75,0.762651,0.01,0.717286
106,76,0.766448,0.01,0.725479
106,77,0.770185,0.01,0.735032
106,78,0.773862,0.01,0.745271
106,79,0.77748,0.01,0.755745
106,80,0.781041,0.01,0.722955
106,81,0.784544,0.01,0.730756
106,82,0.787991,0.01,0.739943
106,83,0.791383,0.01,0.749842
106,84,0.794721,0.01,0.759999
106,85,0.754985,0.01,0.72683
106,86,0.758906,0.01,0.734362
106,87,0.762763,0.01,0.743299
106,88,0.766559,0.01,0.752965
106,89,0.770294,0.01,0.762905
106,90,0.773969,0.01,0.729477
106,91,0.777586,0.01,0.736825
106,92,0.781144,0.01,0.745591
106,93,0.784646,0.01,0.755098
106,94,0.788092,0.01,0.76489
106,95,0.791482,0.01,0.731285
106,96,0.794818,0.01,0.738508
106,97,0.798101,0.01,0.747157
106,98,0.801332,0.01,0.756556
106,99,0.80451,0.01,0.766247
106,100,0.807638,0.01,0.73252
106,101,0.810716,0.01,0.739657
106,102,0.813745,0.01,0.748227
106,103,0.816725,0.01,0.757551
106,104,0.819657,0.01,0.767173
106,105,0.822543,0.01,0.733364
106,106,0.825382,0.01,0.740443
106,107,0.828176,0.01,0.748958
106,108,0.786767,0.01,0.714632
106,109,0.790179,0.01,0.721887
106,110,0.793536,0.01,0.687128
106,111,0.796839,0.01,0.694795
106,112,0.80009,0.01,0.704645
106,113,0.803288,0.01,0.71571
106,114,0.806436,0.01,0.727337
106,115,0.809533,0.01,0.696243
106,116,0.81258,0.01,0.705457
106,117,0.815579,0.01,0.716092
106,118,0.81853,0.01,0.727431
106,119,0.821433,0.01,0.738992
106,120,0.82429,0.01,0.707556
106,121,0.827102,0.01,0.716351
106,122,0.829868,0.01,0.726487
106,123,0.83259,0.01,0.737283
106,124,0.835269,0.01,0.748286
106,125,0.837904,0.01,0.716138
106,126,0.840498,0.01,0.7244
106,127,0.84305,0.01,0.73402
106,128,0.845561,0.01,0.744324
106,129,0.848032,0.01,0.754859
106,130,0.850464,0.01,0.722145
106,131,0.852856,0.01,0.73
106,132,0.855211,0.01,0.739238
106,133,0.857527,0.01,0.749185
106,134,0.859807,0.01,0.759387
106,135,0.86205,0.01,0.726272
106,136,0.864257,0.01,0.733842
106,137,0.866429,0.01,0.742815
106,138,0.868566,0.01,0.752515
106,139,0.825138,0.01,0.719131
106,140,0.827936,0.01,0.68248
106,141,0.830689,0.01,0.689347
106,142,0.833398,0.01,0.698789
106,143,0.836063,0.01,0.70971
106,144,0.838686,0.01,0.721369
106,145,0.841267,0.01,0.690447
106,146,0.843807,0.01,0.699875
106,147,0.846306,0.01,0.710766
106,148,0.848765,0.01,0.722382
106,149,0.851185,0.01,0.734228
106,150,0.853566,0.01,0.703157
106,151,0.855909,0.01,0.712226
106,152,0.858214,0.01,0.722625
106,153,0.860483,0.01,0.733674
106,154,0.862715,0.01,0.744917
106,155,0.864912,0.01,0.713059
106,156,0.867073,0.01,0.721529
106,157,0.8692,0.01,0.731345
106,158,0.871293,0.01,0.741832
106,159,0.873352,0.01,0.752538
106,160,0.875378,0.01,0.720029
106,161,0.877372,0.01,0.72803
106,162,0.833504,0.01,0.693769
106,163,0.836168,0.01,0.701526
106,164,0.838789,0.01,0.711292
106,165,0.841368,0.01,0.678974
106,166,0.843907,0.01,0.687993
106,167,0.801711,0.01,0.655595
106,168,0.804884,0.01,0.665103
106,169,0.808006,0.01,0.676769
106,170,0.811078,0.01,0.646944
106,171,0.770524,0.01,0.614493
106,172,0.774195,0.01,0.624904
106,173,0.777808,0.01,0.637995
106,174,0.781363,0.01,0.65256
106,175,0.784861,0.01,0.625844
106,176,0.788304,0.01,0.63874
106,177,0.791691,0.01,0.653163
106,178,0.795024,0.01,0.668279
106,179,0.798303,0.01,0.683533
106,180,0.801531,0.01,0.656659
106,181,0.804706,0.01,0.668784
106,182,0.764471,0.01,0.639553
106,183,0.768239,0.01,0.650938
106,184,0.771947,0.01,0.664122
106,185,0.775596,0.01,0.635924
106,186,0.779187,0.01,0.647885
106,187,0.78272,0.01,0.661507
106,188,0.786196,0.01,0.675929
106,189,0.789617,0.01,0.69057
106,190,0.792983,0.01,0.662992
106,191,0.796295,0.01,0.674639
106,192,0.799555,0.01,0.687499
106,193,0.802762,0.01,0.700883
106,194,0.805918,0.01,0.714329
106,195,0.809023,0.01,0.685133
106,196,0.812079,0.01,0.695505
106,197,0.815085,0.01,0.707102
106,198,0.818044,0.01,0.719254
106,199,0.820955,0.01,0.731516
106,200,0.82382,0.01,0.70087
107,1,0.50632,0.50632,0.52079
107,2,0.513043,0.513043,0.54281
107,3,0.520011,0.520011,0.565173
107,4,0.527115,0.527115,0.587294
107,5,0.534277,0.263557,0.568735
107,6,0.541447,0.266695,0.586821
107,7,0.548586,0.269976,0.605706
107,8,0.521156,0.256478,0.583885
107,9,0.52868,0.260058,0.600071
107,10,0.536124,0.130029,0.576044
107,11,0.543478,0.131619,0.591351
107,12,0.550735,0.133282,0.60833
107,13,0.55789,0.134989,0.626045
107,14,0.564941,0.136716,0.643871
107,15,0.571885,0.068358,0.620199
107,16,0.578724,0.06911,0.634679
107,17,0.585456,0.069897,0.650218
107,18,0.592083,0.070703,0.666123
107,19,0.598606,0.071519,0.681935
107,20,0.605026,0.03576,0.655584
107,21,0.611343,0.036112,0.667985
107,22,0.61756,0.036481,0.681475
107,23,0.623679,0.03686,0.695395
107,24,0.629699,0.037244,0.709304
107,25,0.635623,0.018622,0.680633
107,26,0.641453,0.018786,0.691358
107,27,0.64719,0.018959,0.703271
107,28,0.652834,0.019137,0.715709
107,29,0.658389,0.019318,0.72823
107,30,0.663855,0.01,0.697891
107,31,0.669233,0.01,0.707429
107,32,0.674525,0.01,0.718233
107,33,0.679733,0.01,0.729638
107,34,0.684857,0.01,0.741197
107,35,0.689899,0.01,0.709704
107,36,0.694861,0.01,0.718424
107,37,0.699743,0.01,0.728467
107,38,0.704547,0.01,0.739162
107,39,0.709274,0.01,0.75006
107,40,0.713926,0.01,0.717778
107,41,0.718503,0.01,0.725938
107,42,0.723007,0.01,0.735459
107,43,0.727439,0.01,0.74567
107,44,0.691067,0.01,0.712897
107,45,0.69601,0.01,0.676802
107,46,0.700874,0.01,0.684063
107,47,0.70566,0.01,0.693872
107,48,0.710369,0.01,0.705134
107,49,0.715003,0.01,0.71711
107,50,0.719563,0.01,0.686569
107,51,0.72405,0.01,0.696266
107,52,0.728466,0.01,0.707407
107,53,0.73281,0.01,0.719256
107,54,0.737085,0.01,0.73132
107,55,0.741292,0.01,0.700507
107,56,0.745431,0.01,0.70976
107,57,0.749504,0.01,0.720331
107,58,0.753512,0.01,0.731539
107,59,0.757456,0.01,0.74293
107,60,0.761337,0.01,0.71125
107,61,0.765155,0.01,0.719845
107,62,0.768913,0.01,0.729777
107,63,0.77261,0.01,0.740373
107,64,0.776248,0.01,0.751181
107,65,0.779828,0.01,0.718793
107,66,0.783351,0.01,0.72688
107,67,0.786818,0.01,0.736334
107,68,0.790228,0.01,0.746482
107,69,0.793585,0.01,0.756871
107,70,0.796887,0.01,0.72398
107,71,0.800137,0.01,0.731709
107,72,0.803335,0.01,0.74083
107,73,0.806482,0.01,0.750668
107,74,0.809578,0.01,0.760767
107,75,0.769099,0.01,0.727529
107,76,0.772794,0.01,0.735013
107,77,0.734154,0.01,0.700132
107,78,0.738407,0.01,0.707448
107,79,0.742593,0.01,0.716805
107,80,0.746711,0.01,0.683996
107,81,0.750764,0.01,0.692667
107,82,0.754752,0.01,0.703214
107,83,0.758676,0.01,0.714763
107,84,0.762537,0.01,0.726726
107,85,0.766336,0.01,0.695938
107,86,0.770075,0.01,0.705305
107,87,0.773754,0.01,0.716043
107,88,0.777374,0.01,0.72745
107,89,0.780936,0.01,0.739055
107,90,0.784441,0.01,0.707656
107,91,0.78789,0.01,0.716467
107,92,0.791283,0.01,0.726609
107,93,0.794623,0.01,0.737408
107,94,0.797909,0.01,0.74841
107,95,0.801142,0.01,0.716258
107,96,0.804324,0.01,0.724515
107,97,0.807455,0.01,0.73413
107,98,0.810536,0.01,0.744428
107,99,0.813567,0.01,0.754958
107,100,0.81655,0.01,0.722235
107,101,0.775723,0.01,0.685922
107,102,0.779311,0.01,0.692874
107,103,0.740345,0.01,0.658561
107,104,0.7445,0.01,0.667086
107,105,0.748588,0.01,0.63477
107,106,0.75261,0.01,0.644788
107,107,0.756569,0.01,0.657209
107,108,0.760464,0.01,0.670937
107,109,0.764296,0.01,0.685231
107,110,0.768067,0.01,0.657482
107,111,0.771778,0.01,0.66917
107,112,0.77543,0.01,0.682173
107,113,0.779023,0.01,0.69576
107,114,0.782559,0.01,0.709445
107,115,0.786038,0.01,0.680575
107,116,0.789461,0.01,0.691207
107,117,0.79283,0.01,0.703062
107,118,0.796144,0.01,0.715466
107,119,0.799406,0.01,0.727971
107,120,0.802616,0.01,0.697624
107,121,0.805774,0.01,0.707164
107,122,0.808881,0.01,0.717976
107,123,0.811939,0.01,0.72939
107,124,0.814948,0.01,0.74096
107,125,0.817909,0.01,0.709483
107,126,0.820823,0.01,0.718216
107,127,0.823689,0.01,0.728271
107,128,0.82651,0.01,0.738979
107,129,0.829286,0.01,0.749889
107,130,0.832018,0.01,0.717621
107,131,0.834705,0.01,0.725791
107,132,0.83735,0.01,0.735323
107,133,0.839952,0.01,0.745542
107,134,0.797955,0.01,0.712781
107,135,0.758057,0.01,0.676695
107,136,0.761928,0.01,0.683964
107,137,0.765737,0.01,0.693779
107,138,0.769486,0.01,0.705049
107,139,0.773174,0.01,0.717031
107,140,0.776803,0.01,0.686496
107,141,0.780374,0.01,0.696198
107,142,0.783888,0.01,0.707344
107,143,0.787346,0.01,0.719197
107,144,0.790748,0.01,0.731265
107,145,0.794096,0.01,0.700458
107,146,0.797391,0.01,0.709714
107,147,0.800633,0.01,0.720288
107,148,0.803823,0.01,0.731499
107,149,0.806961,0.01,0.742893
107,150,0.81005,0.01,0.711216
107,151,0.813089,0.01,0.719814
107,152,0.772435,0.01,0.686272
107,153,0.776076,0.01,0.694541
107,154,0.779659,0.01,0.704788
107,155,0.783184,0.01,0.673045
107,156,0.786653,0.01,0.682473
107,157,0.790067,0.01,0.693726
107,158,0.793426,0.01,0.705932
107,159,0.796731,0.01,0.718506
107,160,0.799983,0.01,0.688451
107,161,0.803183,0.01,0.698337
107,162,0.806332,0.01,0.709558
107,163,0.809431,0.01,0.721415
107,164,0.81248,0.01,0.733439
107,165,0.81548,0.01,0.70254
107,166,0.818433,0.01,0.711706
107,167,0.821338,0.01,0.722179
107,168,0.824196,0.01,0.733286
107,169,0.827009,0.01,0.744574
107,170,0.829777,0.01,0.712764
107,171,0.832501,0.01,0.721263
107,172,0.835181,0.01,0.731103
107,173,0.837818,0.01,0.741612
107,174,0.840413,0.01,0.752337
107,175,0.842966,0.01,0.719848
107,176,0.845479,0.01,0.727863
107,177,0.847951,0.01,0.73725
107,178,0.850384,0.01,0.747336
107,179,0.852778,0.01,0.757666
107,180,0.855133,0.01,0.724705
107,181,0.857451,0.01,0.732384
107,182,0.859732,0.01,0.741458
107,183,0.861976,0.01,0.751252
107,184,0.864185,0.01,0.761311
107,185,0.866358,0.01,0.728025
107,186,0.82304,0.01,0.691197
107,187,0.825871,0.01,0.697783
107,188,0.828657,0.01,0.706866
107,189,0.831399,0.01,0.717386
107,190,0.834096,0.01,0.685573
107,191,0.836751,0.01,0.694685
107,192,0.839363,0.01,0.705477
107,193,0.841933,0.01,0.717139
107,194,0.799836,0.01,0.686324
107,195,0.803039,0.01,0.652188
107,196,0.80619,0.01,0.660942
107,197,0.809291,0.01,0.672204
107,198,0.812343,0.01,0.684865
107,199,0.815345,0.01,0.698174
107,200,0.8183,0.01,0.669252
108,1,0.50632,0.50632,0.52079
108,2,0.481004,0.481004,0.5027
108,3,0.488132,0.488132,0.5225
108,4,0.495499,0.495499,0.54384
108,5,0.502994,0.247749,0.525665
108,6,0.510543,0.25108,0.544906
108,7,0.518092,0.254568,0.565416
108,8,0.525605,0.25815,0.586324
108,9,0.533057,0.261777,0.607057
108,10,0.540431,0.130889,0.58681
108,11,0.547716,0.132483,0.603681
108,12,0.554906,0.134145,0.621422
108,13,0.561994,0.135847,0.639361
108,14,0.568979,0.137566,0.657056
108,15,0.54053,0.130688,0.632948
108,16,0.547865,0.132522,0.646932
108,17,0.555088,0.134349,0.661892
108,18,0.562198,0.136163,0.677177
108,19,0.569198,0.137959,0.692355
108,20,0.576087,0.068979,0.665199
108,21,0.582866,0.069744,0.676998
108,22,0.589539,0.070535,0.689908
108,23,0.596105,0.071342,0.703275
108,24,0.602566,0.072155,0.71666
108,25,0.608924,0.036077,0.687353
108,26,0.615181,0.036426,0.697623
108,27,0.621338,0.036791,0.709108
108,28,0.627396,0.037166,0.721147
108,29,0.633358,0.037546,0.733294
108,30,0.639224,0.018773,0.702507
108,31,0.607263,0.017834,0.667955
108,32,0.5769,0.016943,0.631927
108,33,0.583669,0.017134,0.640234
108,34,0.59033,0.017333,0.651636
108,35,0.596885,0.01,0.622195
108,36,0.603335,0.01,0.633872
108,37,0.609681,0.01,0.647601
108,38,0.615927,0.01,0.662381
108,39,0.622072,0.01,0.677538
108,40,0.628119,0.01,0.650727
108,41,0.634069,0.01,0.663016
108,42,0.639924,0.01,0.676538
108,43,0.645685,0.01,0.690581
108,44,0.651354,0.01,0.704671
108,45,0.656932,0.01,0.676269
108,46,0.662421,0.01,0.687222
108,47,0.667823,0.01,0.699369
108,48,0.673137,0.01,0.712041
108,49,0.678367,0.01,0.724791
108,50,0.644449,0.01,0.694734
108,51,0.650138,0.01,0.704479
108,52,0.655735,0.01,0.715479
108,53,0.661244,0.01,0.727069
108,54,0.666664,0.01,0.738801
108,55,0.671997,0.01,0.707518
108,56,0.677245,0.01,0.716388
108,57,0.682409,0.01,0.726571
108,58,0.687491,0.01,0.737397
108,59,0.692491,0.01,0.748416
108,60,0.697411,0.01,0.71628
108,61,0.702252,0.01,0.724543
108,62,0.707016,0.01,0.734162
108,63,0.711704,0.01,0.744462
108,64,0.716317,0.01,0.754992
108,65,0.720856,0.01,0.722269
108,66,0.725322,0.01,0.730118
108,67,0.729717,0.01,0.739349
108,68,0.734041,0.01,0.74929
108,69,0.738297,0.01,0.759485
108,70,0.742484,0.01,0.726362
108,71,0.746604,0.01,0.733926
108,72,0.750659,0.01,0.742893
108,73,0.754648,0.01,0.752588
108,74,0.758574,0.01,0.762554
108,75,0.762437,0.01,0.729157
108,76,0.766238,0.01,0.736528
108,77,0.769978,0.01,0.745314
108,78,0.773658,0.01,0.754841
108,79,0.77728,0.01,0.764651
108,80,0.780843,0.01,0.731067
108,81,0.78435,0.01,0.738305
108,82,0.7878,0.01,0.746968
108,83,0.791195,0.01,0.75638
108,84,0.794536,0.01,0.766083
108,85,0.797824,0.01,0.732371
108,86,0.801058,0.01,0.739518
108,87,0.804241,0.01,0.748098
108,88,0.807374,0.01,0.757431
108,89,0.767005,0.01,0.723609
108,90,0.770733,0.01,0.686558
108,91,0.774401,0.01,0.693143
108,92,0.778011,0.01,0.702321
108,93,0.781562,0.01,0.712997
108,94,0.785057,0.01,0.724428
108,95,0.788497,0.01,0.693234
108,96,0.791881,0.01,0.702468
108,97,0.795211,0.01,0.713178
108,98,0.798487,0.01,0.724627
108,99,0.801711,0.01,0.736318
108,100,0.804884,0.01,0.70506
108,101,0.808006,0.01,0.713997
108,102,0.811078,0.01,0.724273
108,103,0.814101,0.01,0.735208
108,104,0.817075,0.01,0.746344
108,105,0.820002,0.01,0.714359
108,106,0.822882,0.01,0.722739
108,107,0.825716,0.01,0.73247
108,108,0.828504,0.01,0.742879
108,109,0.831248,0.01,0.753513
108,110,0.833948,0.01,0.720917
108,111,0.836605,0.01,0.728856
108,112,0.839219,0.01,0.738174
108,113,0.841792,0.01,0.748194
108,114,0.844323,0.01,0.758464
108,115,0.846814,0.01,0.725431
108,116,0.849265,0.01,0.73306
108,117,0.851677,0.01,0.742087
108,118,0.809093,0.01,0.708374
108,119,0.812147,0.01,0.716063
108,120,0.815153,0.01,0.681823
108,121,0.818111,0.01,0.689859
108,122,0.821021,0.01,0.700051
108,123,0.823884,0.01,0.711435
108,124,0.826702,0.01,0.723358
108,125,0.785367,0.01,0.692619
108,126,0.788801,0.01,0.702085
108,127,0.79218,0.01,0.712954
108,128,0.795506,0.01,0.72451
108,129,0.798777,0.01,0.736274
108,130,0.801997,0.01,0.70508
108,131,0.805165,0.01,0.714048
108,132,0.808282,0.01,0.724343
108,133,0.81135,0.01,0.735288
108,134,0.814368,0.01,0.74643
108,135,0.817338,0.01,0.714448
108,136,0.820261,0.01,0.722826
108,137,0.823137,0.01,0.732555
108,138,0.78198,0.01,0.699685
108,139,0.785468,0.01,0.707972
108,140,0.788901,0.01,0.674451
108,141,0.792278,0.01,0.682996
108,142,0.795602,0.01,0.693663
108,143,0.798872,0.01,0.705489
108,144,0.80209,0.01,0.717825
108,145,0.805257,0.01,0.687578
108,146,0.808373,0.01,0.697394
108,147,0.811439,0.01,0.708588
108,148,0.814456,0.01,0.720447
108,149,0.817425,0.01,0.732493
108,150,0.820346,0.01,0.701636
108,151,0.82322,0.01,0.710843
108,152,0.826049,0.01,0.72136
108,153,0.828832,0.01,0.732513
108,154,0.831571,0.01,0.743847
108,155,0.834265,0.01,0.712095
108,156,0.836917,0.01,0.720637
108,157,0.839527,0.01,0.730518
108,158,0.842094,0.01,0.741065
108,159,0.844621,0.01,0.751827
108,160,0.847107,0.01,0.719383
108,161,0.849553,0.01,0.727429
108,162,0.85196,0.01,0.736846
108,163,0.854329,0.01,0.746959
108,164,0.85666,0.01,0.757315
108,165,0.858953,0.01,0.724385
108,166,0.86121,0.01,0.732086
108,167,0.86343,0.01,0.741181
108,168,0.865615,0.01,0.750994
108,169,0.867766,0.01,0.761071
108,170,0.869881,0.01,0.727806
108,171,0.871963,0.01,0.73527
108,172,0.874012,0.01,0.744144
108,173,0.876028,0.01,0.753752
108,174,0.878011,0.01,0.763637
108,175,0.879963,0.01,0.730144
108,176,0.881884,0.01,0.737446
108,177,0.883773,0.01,0.746169
108,178,0.885633,0.01,0.755636
108,179,0.887463,0.01,0.765391
108,180,0.889264,0.01,0.731741
108,181,0.891035,0.01,0.738932
108,182,0.892779,0.01,0.747552
108,183,0.894494,0.01,0.756923
108,184,0.896182,0.01,0.766588
108,185,0.851373,0.01,0.732831
108,186,0.853751,0.01,0.739947
108,187,0.856091,0.01,0.748496
108,188,0.858394,0.01,0.757802
108,189,0.86066,0.01,0.767406
108,190,0.862889,0.01,0.733577
108,191,0.865083,0.01,0.74064
108,192,0.867241,0.01,0.749142
108,193,0.869366,0.01,0.758402
108,194,0.871456,0.01,0.767965
108,195,0.873512,0.01,0.734086
108,196,0.875536,0.01,0.741114
108,197,0.877528,0.01,0.749582
108,198,0.879487,0.01,0.758813
108,199,0.881415,0.01,0.768347
108,200,0.883313,0.01,0.734433
109,1,0.50632,0.50632,0.52079
109,2,0.513043,0.513043,0.54281
109,3,0.520011,0.520011,0.565173
109,4,0.527115,0.527115,0.587294
109,5,0.534277,0.263557,0.568735
109,6,0.541447,0.266695,0.586821
109,7,0.548586,0.269976,0.605706
109,8,0.55567,0.273341,0.624716
109,9,0.562682,0.276746,0.643414
109,10,0.569612,0.138373,0.62051
109,11,0.576451,0.139853,0.635351
109,12,0.583194,0.141401,0.65111
109,13,0.58984,0.142988,0.66714
109,14,0.596386,0.144595,0.683012
109,15,0.602832,0.072298,0.656688
109,16,0.609179,0.072989,0.669076
109,17,0.615427,0.073715,0.682536
109,18,0.621576,0.074461,0.696413
109,19,0.627628,0.075218,0.710274
109,20,0.596247,0.071457,0.681536
109,21,0.602705,0.072277,0.69221
109,22,0.60906,0.073095,0.704071
109,23,0.615314,0.073908,0.716459
109,24,0.584549,0.070213,0.686291
109,25,0.591195,0.035106,0.652568
109,26,0.597736,0.035477,0.661511
109,27,0.604171,0.035862,0.672884
109,28,0.610504,0.036256,0.685603
109,29,0.616736,0.036652,0.698935
109,30,0.622868,0.018326,0.670014
109,31,0.628902,0.018496,0.68086
109,32,0.63484,0.018674,0.69307
109,33,0.640682,0.018857,0.705914
109,34,0.646431,0.019042,0.718904
109,35,0.652089,0.01,0.689199
109,36,0.657655,0.01,0.699237
109,37,0.663133,0.01,0.710538
109,38,0.668522,0.01,0.722426
109,39,0.673826,0.01,0.734449
109,40,0.679045,0.01,0.703525
109,41,0.68418,0.01,0.712657
109,42,0.689233,0.01,0.723088
109,43,0.694206,0.01,0.734148
109,44,0.699098,0.01,0.745388
109,45,0.703913,0.01,0.713516
109,46,0.70865,0.01,0.721969
109,47,0.713312,0.01,0.731764
109,48,0.717899,0.01,0.74223
109,49,0.722412,0.01,0.752914
109,50,0.726854,0.01,0.720376
109,51,0.731224,0.01,0.728355
109,52,0.735524,0.01,0.737709
109,53,0.739756,0.01,0.747763
109,54,0.74392,0.01,0.758064
109,55,0.748017,0.01,0.725067
109,56,0.752049,0.01,0.732721
109,57,0.756016,0.01,0.741772
109,58,0.718215,0.01,0.708088
109,59,0.722724,0.01,0.715796
109,60,0.72716,0.01,0.68158
109,61,0.731526,0.01,0.689633
109,62,0.735821,0.01,0.699841
109,63,0.740048,0.01,0.711239
109,64,0.744207,0.01,0.723177
109,65,0.7483,0.01,0.692454
109,66,0.752327,0.01,0.701931
109,67,0.75629,0.01,0.712811
109,68,0.760189,0.01,0.724377
109,69,0.764026,0.01,0.73615
109,70,0.767802,0.01,0.704967
109,71,0.771517,0.01,0.713943
109,72,0.775173,0.01,0.724245
109,73,0.77877,0.01,0.735197
109,74,0.78231,0.01,0.746345
109,75,0.785793,0.01,0.71437
109,76,0.78922,0.01,0.722755
109,77,0.749759,0.01,0.688956
109,78,0.753763,0.01,0.697041
109,79,0.757703,0.01,0.707116
109,80,0.76158,0.01,0.675167
109,81,0.765394,0.01,0.684449
109,82,0.769148,0.01,0.695565
109,83,0.772842,0.01,0.707645
109,84,0.776476,0.01,0.7201
109,85,0.780053,0.01,0.689902
109,86,0.783572,0.01,0.699689
109,87,0.787035,0.01,0.710816
109,88,0.790442,0.01,0.722585
109,89,0.793795,0.01,0.734528
109,90,0.797094,0.01,0.703532
109,91,0.800341,0.01,0.712629
109,92,0.803535,0.01,0.723038
109,93,0.806679,0.01,0.734085
109,94,0.809772,0.01,0.745318
109,95,0.812815,0.01,0.713442
109,96,0.81581,0.01,0.721894
109,97,0.818757,0.01,0.73169
109,98,0.821657,0.01,0.742158
109,99,0.824511,0.01,0.752845
109,100,0.827319,0.01,0.720311
109,101,0.830082,0.01,0.728294
109,102,0.8328,0.01,0.737651
109,103,0.835475,0.01,0.747709
109,104,0.838108,0.01,0.758013
109,105,0.840698,0.01,0.725021
109,106,0.843247,0.01,0.732678
109,107,0.845755,0.01,0.741732
109,108,0.848223,0.01,0.751507
109,109,0.850651,0.01,0.761548
109,110,0.853041,0.01,0.728241
109,111,0.855392,0.01,0.735675
109,112,0.857706,0.01,0.744521
109,113,0.859983,0.01,0.754102
109,114,0.862223,0.01,0.763963
109,115,0.864427,0.01,0.730441
109,116,0.866597,0.01,0.737722
109,117,0.868731,0.01,0.746426
109,118,0.870831,0.01,0.755875
109,119,0.82729,0.01,0.722192
109,120,0.830053,0.01,0.685268
109,121,0.832772,0.01,0.691942
109,122,0.835448,0.01,0.701203
109,123,0.838081,0.01,0.711957
109,124,0.840671,0.01,0.72346
109,125,0.843221,0.01,0.692352
109,126,0.845729,0.01,0.701648
109,127,0.848198,0.01,0.712415
109,128,0.850626,0.01,0.723916
109,129,0.853016,0.01,0.735657
109,130,0.855368,0.01,0.704458
109,131,0.857682,0.01,0.713437
109,132,0.859959,0.01,0.723752
109,133,0.8622,0.01,0.734723
109,134,0.864405,0.01,0.745893
109,135,0.866574,0.01,0.713948
109,136,0.868709,0.01,0.722356
109,137,0.87081,0.01,0.732114
109,138,0.872877,0.01,0.742548
109,139,0.874911,0.01,0.753205
109,140,0.876912,0.01,0.720636
109,141,0.878882,0.01,0.728595
109,142,0.880819,0.01,0.73793
109,143,0.882726,0.01,0.747968
109,144,0.884603,0.01,0.758254
109,145,0.886449,0.01,0.725239
109,146,0.888266,0.01,0.732881
109,147,0.890054,0.01,0.741921
109,148,0.891813,0.01,0.751682
109,149,0.893544,0.01,0.761711
109,150,0.895247,0.01,0.728389
109,151,0.896923,0.01,0.735813
109,152,0.898572,0.01,0.744649
109,153,0.900195,0.01,0.754222
109,154,0.901792,0.01,0.764075
109,155,0.903363,0.01,0.730542
109,156,0.90491,0.01,0.737816
109,157,0.906431,0.01,0.746514
109,158,0.907928,0.01,0.755957
109,159,0.909401,0.01,0.765689
109,160,0.910851,0.01,0.732013
109,161,0.912277,0.01,0.739185
109,162,0.913681,0.01,0.747787
109,163,0.915062,0.01,0.757142
109,164,0.916421,0.01,0.766792
109,165,0.917758,0.01,0.733017
109,166,0.919074,0.01,0.74012
109,167,0.87312,0.01,0.704784
109,168,0.87515,0.01,0.711777
109,169,0.877148,0.01,0.720833
109,170,0.879114,0.01,0.687665
109,171,0.881048,0.01,0.696081
109,172,0.882951,0.01,0.706391
109,173,0.884824,0.01,0.717721
109,174,0.886667,0.01,0.729478
109,175,0.88848,0.01,0.698444
109,176,0.890264,0.01,0.707638
109,177,0.89202,0.01,0.718214
109,178,0.893748,0.01,0.72947
109,179,0.895448,0.01,0.740935
109,180,0.897121,0.01,0.709368
109,181,0.898767,0.01,0.71806
109,182,0.900386,0.01,0.728092
109,183,0.90198,0.01,0.738788
109,184,0.903549,0.01,0.749694
109,185,0.905092,0.01,0.717428
109,186,0.90661,0.01,0.725604
109,187,0.908105,0.01,0.735143
109,188,0.909575,0.01,0.745371
109,189,0.911022,0.01,0.755835
109,190,0.912445,0.01,0.723034
109,191,0.913846,0.01,0.730828
109,192,0.915225,0.01,0.74001
109,193,0.916581,0.01,0.749903
109,194,0.917916,0.01,0.760056
109,195,0.919229,0.01,0.726881
109,196,0.920521,0.01,0.734409
109,197,0.921793,0.01,0.743343
109,198,0.923044,0.01,0.753006
109,199,0.924276,0.01,0.762943
109,200,0.925487,0.01,0.729511
110,1,0.50632,0.50632,0.52079
110,2,0.513043,0.513043,0.54281
110,3,0.520011,0.520011,0.565173
110,4,0.527115,0.527115,0.587294
110,5,0.534277,0.263557,0.568735
110,6,0.541447,0.266695,0.586821
110,7,0.548586,0.269976,0.605706
110,8,0.55567,0.273341,0.624716
110,9,0.562682,0.276746,0.643414
110,10,0.569612,0.138373,0.62051
110,11,0.576451,0.139853,0.635351
110,12,0.583194,0.141401,0.65111
110,13,0.58984,0.142988,0.66714
110,14,0.560348,0.135839,0.64134
110,15,0.567366,0.067919,0.611605
110,16,0.574277,0.06867,0.623379
110,17,0.545563,0.065236,0.594953
110,18,0.552826,0.066079,0.607729
110,19,0.559975,0.066942,0.622718
110,20,0.567012,0.033471,0.5971
110,21,0.573937,0.033853,0.611171
110,22,0.580752,0.034253,0.626932
110,23,0.587458,0.034665,0.643467
110,24,0.594058,0.035082,0.660161
110,25,0.600552,0.017541,0.635108
110,26,0.570525,0.016664,0.606016
110,27,0.577396,0.016859,0.618224
110,28,0.584157,0.017062,0.632626
110,29,0.590811,0.01727,0.648156
110,30,0.597357,0.01,0.622386
110,31,0.6038,0.01,0.635813
110,32,0.610139,0.01,0.650642
110,33,0.616377,0.01,0.666076
110,34,0.622514,0.01,0.681582
110,35,0.628554,0.01,0.654974
110,36,0.634497,0.01,0.667266
110,37,0.602772,0.01,0.638216
110,38,0.609128,0.01,0.649717
110,39,0.615382,0.01,0.663002
110,40,0.621536,0.01,0.63492
110,41,0.627591,0.01,0.646959
110,42,0.63355,0.01,0.660651
110,43,0.639413,0.01,0.675136
110,44,0.645182,0.01,0.689835
110,45,0.65086,0.01,0.662326
110,46,0.618317,0.01,0.630939
110,47,0.624423,0.01,0.641487
110,48,0.630433,0.01,0.654323
110,49,0.636346,0.01,0.668381
110,50,0.642164,0.01,0.640839
110,51,0.610056,0.01,0.610006
110,52,0.616295,0.01,0.621292
110,53,0.622434,0.01,0.635028
110,54,0.628475,0.01,0.650075
110,55,0.63442,0.01,0.623839
110,56,0.640269,0.01,0.63701
110,57,0.646025,0.01,0.651648
110,58,0.651688,0.01,0.666936
110,59,0.657261,0.01,0.682329
110,60,0.662745,0.01,0.655605
110,61,0.668141,0.01,0.667827
110,62,0.673451,0.01,0.681204
110,63,0.678676,0.01,0.695055
110,64,0.683817,0.01,0.708927
110,65,0.688876,0.01,0.680233
110,66,0.693854,0.01,0.690956
110,67,0.698752,0.01,0.702876
110,68,0.703572,0.01,0.715326
110,69,0.708315,0.01,0.727864
110,70,0.712982,0.01,0.697548
110,71,0.717574,0.01,0.707105
110,72,0.722093,0.01,0.717928
110,73,0.72654,0.01,0.729352
110,74,0.690213,0.01,0.698032
110,75,0.695169,0.01,0.66326
110,76,0.700047,0.01,0.67146
110,77,0.704846,0.01,0.682142
110,78,0.709568,0.01,0.694218
110,79,0.714215,0.01,0.706952
110,80,0.678504,0.01,0.677316
110,81,0.683648,0.01,0.687655
110,82,0.68871,0.01,0.699393
110,83,0.693691,0.01,0.711798
110,84,0.698592,0.01,0.724379
110,85,0.703414,0.01,0.694186
110,86,0.708159,0.01,0.703878
110,87,0.712829,0.01,0.714857
110,88,0.717424,0.01,0.726445
110,89,0.721945,0.01,0.738189
110,90,0.726394,0.01,0.706932
110,91,0.730771,0.01,0.715827
110,92,0.735079,0.01,0.726038
110,93,0.739318,0.01,0.736893
110,94,0.743489,0.01,0.747943
110,95,0.706314,0.01,0.715843
110,96,0.711013,0.01,0.724135
110,97,0.715637,0.01,0.73378
110,98,0.679855,0.01,0.700806
110,99,0.684978,0.01,0.709019
110,100,0.690018,0.01,0.675407
110,101,0.694978,0.01,0.683888
110,102,0.699858,0.01,0.694493
110,103,0.70466,0.01,0.706263
110,104,0.709386,0.01,0.718546
110,105,0.714036,0.01,0.688235
110,106,0.718611,0.01,0.698005
110,107,0.723113,0.01,0.709157
110,108,0.686958,0.01,0.678095
110,109,0.691966,0.01,0.687734
110,110,0.696895,0.01,0.65588
110,111,0.701744,0.01,0.665642
110,112,0.706517,0.01,0.677463
110,113,0.711212,0.01,0.690379
110,114,0.715833,0.01,0.703738
110,115,0.72038,0.01,0.674725
110,116,0.724853,0.01,0.685421
110,117,0.729256,0.01,0.697437
110,118,0.733588,0.01,0.710065
110,119,0.73785,0.01,0.722827
110,120,0.742045,0.01,0.692829
110,121,0.746172,0.01,0.702644
110,122,0.750233,0.01,0.713729
110,123,0.754229,0.01,0.72541
110,124,0.758162,0.01,0.737237
110,125,0.762031,0.01,0.706074
110,126,0.765839,0.01,0.715033
110,127,0.769585,0.01,0.725303
110,128,0.773272,0.01,0.736212
110,129,0.7769,0.01,0.74731
110,130,0.780469,0.01,0.715269
110,131,0.783982,0.01,0.723601
110,132,0.787438,0.01,0.733283
110,133,0.790839,0.01,0.743644
110,134,0.794186,0.01,0.75423
110,135,0.797479,0.01,0.721575
110,136,0.800719,0.01,0.729471
110,137,0.803907,0.01,0.738747
110,138,0.807045,0.01,0.748729
110,139,0.810132,0.01,0.758963
110,140,0.81317,0.01,0.725886
110,141,0.816159,0.01,0.733484
110,142,0.775351,0.01,0.698739
110,143,0.778946,0.01,0.706152
110,144,0.782483,0.01,0.715599
110,145,0.743359,0.01,0.682897
110,146,0.747465,0.01,0.691645
110,147,0.751505,0.01,0.702263
110,148,0.755481,0.01,0.713878
110,149,0.717707,0.01,0.683103
110,150,0.722224,0.01,0.649078
110,151,0.726668,0.01,0.657956
110,152,0.731042,0.01,0.66936
110,153,0.735345,0.01,0.682173
110,154,0.739579,0.01,0.695637
110,155,0.743746,0.01,0.666912
110,156,0.747846,0.01,0.677922
110,157,0.751881,0.01,0.690299
110,158,0.755851,0.01,0.70331
110,159,0.759757,0.01,0.716463
110,160,0.763601,0.01,0.686959
110,161,0.725421,0.01,0.653642
110,162,0.729814,0.01,0.662755
110,163,0.734137,0.01,0.674213
110,164,0.738391,0.01,0.686959
110,165,0.742577,0.01,0.657824
110,166,0.746695,0.01,0.668842
110,167,0.750748,0.01,0.681414
110,168,0.754736,0.01,0.694737
110,169,0.75866,0.01,0.708271
110,170,0.762522,0.01,0.679299
110,171,0.766322,0.01,0.689911
110,172,0.77006,0.01,0.70178
110,173,0.773739,0.01,0.71422
110,174,0.77736,0.01,0.726774
110,175,0.780922,0.01,0.696498
110,176,0.784427,0.01,0.706099
110,177,0.787876,0.01,0.716971
110,178,0.79127,0.01,0.728447
110,179,0.79461,0.01,0.740076
110,180,0.797896,0.01,0.708672
110,181,0.80113,0.01,0.717458
110,182,0.804312,0.01,0.727564
110,183,0.807443,0.01,0.738319
110,184,0.810524,0.01,0.749274
110,185,0.813555,0.01,0.717059
110,186,0.816538,0.01,0.725268
110,187,0.819474,0.01,0.734836
110,188,0.822362,0.01,0.745089
110,189,0.825204,0.01,0.755575
110,190,0.828001,0.01,0.7228
110,191,0.830753,0.01,0.730612
110,192,0.833461,0.01,0.739809
110,193,0.791788,0.01,0.7063
110,194,0.795119,0.01,0.714132
110,195,0.798398,0.01,0.680065
110,196,0.801623,0.01,0.688223
110,197,0.804797,0.01,0.698528
110,198,0.80792,0.01,0.710018
110,199,0.810994,0.01,0.72204
110,200,0.814018,0.01,0.691418
111,1,0.50632,0.50632,0.52079
111,2,0.513043,0.513043,0.54281
111,3,0.520011,0.520011,0.565173
111,4,0.527115,0.527115,0.587294
111,5,0.534277,0.263557,0.568735
111,6,0.541447,0.266695,0.586821
111,7,0.514374,0.25336,0.56477
111,8,0.521947,0.256855,0.581275
111,9,0.529457,0.260429,0.599245
111,10,0.536889,0.130215,0.576789
111,11,0.544231,0.131802,0.59283
111,12,0.551476,0.133462,0.610257
111,13,0.558619,0.135165,0.628223
111,14,0.565658,0.13689,0.646167
111,15,0.572591,0.068445,0.622543
111,16,0.579418,0.069196,0.636992
111,17,0.586139,0.069981,0.652463
111,18,0.592756,0.070786,0.668276
111,19,0.599268,0.071601,0.683984
111,20,0.605677,0.035801,0.657493
111,21,0.611984,0.036152,0.669783
111,22,0.618191,0.03652,0.683164
111,23,0.624299,0.036899,0.696978
111,24,0.630309,0.037282,0.710785
111,25,0.636224,0.018641,0.681988
111,26,0.642044,0.018805,0.692623
111,27,0.647771,0.018978,0.704451
111,28,0.615383,0.018029,0.67409
111,29,0.621536,0.018222,0.684154
111,30,0.627592,0.01,0.652758
111,31,0.63355,0.01,0.66281
111,32,0.639413,0.01,0.674878
111,33,0.645183,0.01,0.688008
111,34,0.65086,0.01,0.701557
111,35,0.656446,0.01,0.672762
111,36,0.661943,0.01,0.683606
111,37,0.667352,0.01,0.695757
111,38,0.672674,0.01,0.708507
111,39,0.677911,0.01,0.721381
111,40,0.683065,0.01,0.691516
111,41,0.688136,0.01,0.701425
111,42,0.693125,0.01,0.712596
111,43,0.698035,0.01,0.724357
111,44,0.702867,0.01,0.736257
111,45,0.707621,0.01,0.705182
111,46,0.712299,0.01,0.714204
111,47,0.676684,0.01,0.681167
111,48,0.681857,0.01,0.689794
111,49,0.686947,0.01,0.700371
111,50,0.691956,0.01,0.669024
111,51,0.696885,0.01,0.678732
111,52,0.701735,0.01,0.690245
111,53,0.706507,0.01,0.702694
111,54,0.711203,0.01,0.715493
111,55,0.675643,0.01,0.685706
111,56,0.641861,0.01,0.652242
111,57,0.647591,0.01,0.661316
111,58,0.653229,0.01,0.672778
111,59,0.620568,0.01,0.642874
111,60,0.626639,0.01,0.610481
111,61,0.632613,0.01,0.62101
111,62,0.638491,0.01,0.634259
111,63,0.644275,0.01,0.649005
111,64,0.649967,0.01,0.664418
111,65,0.655567,0.01,0.638149
111,66,0.661078,0.01,0.650982
111,67,0.666501,0.01,0.665109
111,68,0.671837,0.01,0.679783
111,69,0.677087,0.01,0.694509
111,70,0.682254,0.01,0.666909
111,71,0.687338,0.01,0.678456
111,72,0.692341,0.01,0.691172
111,73,0.697263,0.01,0.704386
111,74,0.702107,0.01,0.717648
111,75,0.706873,0.01,0.688211
111,76,0.711563,0.01,0.698399
111,77,0.716178,0.01,0.709815
111,78,0.720719,0.01,0.721793
111,79,0.725188,0.01,0.733888
111,80,0.729585,0.01,0.703041
111,81,0.733911,0.01,0.71222
111,82,0.738169,0.01,0.72269
111,83,0.742358,0.01,0.733785
111,84,0.74648,0.01,0.745055
111,85,0.750537,0.01,0.713217
111,86,0.754528,0.01,0.721693
111,87,0.758456,0.01,0.731509
111,88,0.76232,0.01,0.741993
111,89,0.766123,0.01,0.752695
111,90,0.769865,0.01,0.720177
111,91,0.773547,0.01,0.728171
111,92,0.777171,0.01,0.737537
111,93,0.780736,0.01,0.747603
111,94,0.784244,0.01,0.757915
111,95,0.787696,0.01,0.724932
111,96,0.791093,0.01,0.732596
111,97,0.794436,0.01,0.741655
111,98,0.797725,0.01,0.751436
111,99,0.800961,0.01,0.761482
111,100,0.804146,0.01,0.728181
111,101,0.807279,0.01,0.735619
111,102,0.810363,0.01,0.744469
111,103,0.813397,0.01,0.754054
111,104,0.816383,0.01,0.763918
111,105,0.819321,0.01,0.7304
111,106,0.822212,0.01,0.737684
111,107,0.825056,0.01,0.74639
111,108,0.827855,0.01,0.755842
111,109,0.83061,0.01,0.765583
111,110,0.83332,0.01,0.731915
111,111,0.835987,0.01,0.739095
111,112,0.838611,0.01,0.747703
111,113,0.841193,0.01,0.757064
111,114,0.843734,0.01,0.766719
111,115,0.846234,0.01,0.732951
111,116,0.848695,0.01,0.740058
111,117,0.851115,0.01,0.7486
111,118,0.853498,0.01,0.757898
111,119,0.855842,0.01,0.767496
111,120,0.858148,0.01,0.733658
111,121,0.860418,0.01,0.740716
111,122,0.862651,0.01,0.749212
111,123,0.864849,0.01,0.758468
111,124,0.867011,0.01,0.768026
111,125,0.869139,0.01,0.734141
111,126,0.871233,0.01,0.741166
111,127,0.873293,0.01,0.749631
111,128,0.87532,0.01,0.758858
111,129,0.877315,0.01,0.768389
111,130,0.879278,0.01,0.734471
111,131,0.88121,0.01,0.741473
111,132,0.88311,0.01,0.749917
111,133,0.884981,0.01,0.759124
111,134,0.886821,0.01,0.768636
111,135,0.84248,0.01,0.734697
111,136,0.845,0.01,0.741683
111,137,0.84748,0.01,0.750112
111,138,0.84992,0.01,0.759305
111,139,0.852322,0.01,0.768805
111,140,0.854685,0.01,0.734851
111,141,0.85701,0.01,0.741826
111,142,0.814159,0.01,0.706338
111,143,0.817133,0.01,0.713223
111,144,0.820058,0.01,0.722179
111,145,0.822938,0.01,0.688891
111,146,0.825771,0.01,0.697222
111,147,0.828558,0.01,0.707453
111,148,0.831301,0.01,0.718709
111,149,0.834,0.01,0.730397
111,150,0.836656,0.01,0.699281
111,151,0.83927,0.01,0.708417
111,152,0.841842,0.01,0.718939
111,153,0.844372,0.01,0.730145
111,154,0.846862,0.01,0.741563
111,155,0.849312,0.01,0.70994
111,156,0.851723,0.01,0.718592
111,157,0.854096,0.01,0.728587
111,158,0.85643,0.01,0.739249
111,159,0.858727,0.01,0.750123
111,160,0.860988,0.01,0.717819
111,161,0.863212,0.01,0.725967
111,162,0.865401,0.01,0.735481
111,163,0.867554,0.01,0.745685
111,164,0.869673,0.01,0.756128
111,165,0.871759,0.01,0.723301
111,166,0.87381,0.01,0.731077
111,167,0.83012,0.01,0.696546
111,168,0.832838,0.01,0.70411
111,169,0.835513,0.01,0.713698
111,170,0.838144,0.01,0.681166
111,171,0.840734,0.01,0.690033
111,172,0.843282,0.01,0.700763
111,173,0.84579,0.01,0.712482
111,174,0.848257,0.01,0.724603
111,175,0.850685,0.01,0.694004
111,176,0.853074,0.01,0.703506
111,177,0.855425,0.01,0.714369
111,178,0.857738,0.01,0.725892
111,179,0.860014,0.01,0.737605
111,180,0.862254,0.01,0.706335
111,181,0.864458,0.01,0.715237
111,182,0.866627,0.01,0.725465
111,183,0.868761,0.01,0.736344
111,184,0.87086,0.01,0.74742
111,185,0.872927,0.01,0.715356
111,186,0.87496,0.01,0.723676
111,187,0.876961,0.01,0.733348
111,188,0.878929,0.01,0.743701
111,189,0.880866,0.01,0.754281
111,190,0.882772,0.01,0.721619
111,191,0.884648,0.01,0.729511
111,192,0.840416,0.01,0.69512
111,193,0.798395,0.01,0.658468
111,194,0.801621,0.01,0.665877
111,195,0.804795,0.01,0.632621
111,196,0.807918,0.01,0.642238
111,197,0.767522,0.01,0.611476
111,198,0.771242,0.01,0.622763
111,199,0.774902,0.01,0.636469
111,200,0.778503,0.01,0.6094
112,1,0.50632,0.50632,0.52079
112,2,0.513043,0.513043,0.54281
112,3,0.520011,0.520011,0.565173
112,4,0.527115,0.527115,0.587294
112,5,0.534277,0.263557,0.568735
112,6,0.541447,0.266695,0.586821
112,7,0.548586,0.269976,0.605706
112,8,0.55567,0.273341,0.624716
112,9,0.562682,0.276746,0.643414
112,10,0.569612,0.138373,0.62051
112,11,0.541131,0.131454,0.593179
112,12,0.548426,0.133045,0.606519
112,13,0.555618,0.134702,0.621901
112,14,0.562704,0.136396,0.638294
112,15,0.569685,0.068198,0.613513
112,16,0.541201,0.064788,0.585173
112,17,0.54853,0.065589,0.598211
112,18,0.555746,0.066426,0.613569
112,19,0.562848,0.067283,0.63012
112,20,0.569839,0.033642,0.605676
112,21,0.576718,0.034021,0.620115
112,22,0.583489,0.034419,0.63593
112,23,0.590152,0.034827,0.652312
112,24,0.596709,0.035242,0.668722
112,25,0.603161,0.017621,0.643215
112,26,0.609509,0.017801,0.656297
112,27,0.579034,0.016911,0.628202
112,28,0.585769,0.017113,0.640387
112,29,0.592397,0.01732,0.654311
112,30,0.598918,0.01,0.626996
112,31,0.605335,0.01,0.63958
112,32,0.61165,0.01,0.653782
112,33,0.617863,0.01,0.668741
112,34,0.623978,0.01,0.683883
112,35,0.629994,0.01,0.656903
112,36,0.635914,0.01,0.668973
112,37,0.641739,0.01,0.682227
112,38,0.647472,0.01,0.695977
112,39,0.653112,0.01,0.709764
112,40,0.658662,0.01,0.680975
112,41,0.664124,0.01,0.691636
112,42,0.669498,0.01,0.703501
112,43,0.674786,0.01,0.715904
112,44,0.679989,0.01,0.728398
112,45,0.685109,0.01,0.69803
112,46,0.690147,0.01,0.707552
112,47,0.695105,0.01,0.718344
112,48,0.699983,0.01,0.729737
112,49,0.704784,0.01,0.741286
112,50,0.709507,0.01,0.709784
112,51,0.714155,0.01,0.718497
112,52,0.718729,0.01,0.728534
112,53,0.723229,0.01,0.739224
112,54,0.727657,0.01,0.750118
112,55,0.732015,0.01,0.717829
112,56,0.736302,0.01,0.725986
112,57,0.740522,0.01,0.735504
112,58,0.744673,0.01,0.745711
112,59,0.748759,0.01,0.756155
112,60,0.752778,0.01,0.723328
112,61,0.756734,0.01,0.731103
112,62,0.760626,0.01,0.740266
112,63,0.764456,0.01,0.750143
112,64,0.768225,0.01,0.760279
112,65,0.771933,0.01,0.727085
112,66,0.775582,0.01,0.734599
112,67,0.779173,0.01,0.74352
112,68,0.740214,0.01,0.70968
112,69,0.744371,0.01,0.717278
112,70,0.748461,0.01,0.68293
112,71,0.752486,0.01,0.690889
112,72,0.756446,0.01,0.701009
112,73,0.760343,0.01,0.712327
112,74,0.764177,0.01,0.724189
112,75,0.76795,0.01,0.693375
112,76,0.771663,0.01,0.702789
112,77,0.775317,0.01,0.713609
112,78,0.736551,0.01,0.682149
112,79,0.740766,0.01,0.691507
112,80,0.703728,0.01,0.659317
112,81,0.708468,0.01,0.66884
112,82,0.713133,0.01,0.680439
112,83,0.717722,0.01,0.693148
112,84,0.681836,0.01,0.663829
112,85,0.647744,0.01,0.631248
112,86,0.653381,0.01,0.641218
112,87,0.658926,0.01,0.653683
112,88,0.664384,0.01,0.667513
112,89,0.669754,0.01,0.681945
112,90,0.675037,0.01,0.654395
112,91,0.641286,0.01,0.623195
112,92,0.647025,0.01,0.634008
112,93,0.652673,0.01,0.647171
112,94,0.65823,0.01,0.661592
112,95,0.663698,0.01,0.63453
112,96,0.669079,0.01,0.647066
112,97,0.674374,0.01,0.66108
112,98,0.679584,0.01,0.675765
112,99,0.68471,0.01,0.690582
112,100,0.689755,0.01,0.663156
112,101,0.694719,0.01,0.674871
112,102,0.699603,0.01,0.687772
112,103,0.70441,0.01,0.701176
112,104,0.709139,0.01,0.71463
112,105,0.713793,0.01,0.685432
112,106,0.718372,0.01,0.695798
112,107,0.722878,0.01,0.707383
112,108,0.727312,0.01,0.719523
112,109,0.731675,0.01,0.73177
112,110,0.735969,0.01,0.701106
112,111,0.740193,0.01,0.710417
112,112,0.74435,0.01,0.721011
112,113,0.74844,0.01,0.732221
112,114,0.752465,0.01,0.743598
112,115,0.756426,0.01,0.71189
112,116,0.760323,0.01,0.720458
112,117,0.764158,0.01,0.730359
112,118,0.767931,0.01,0.740923
112,119,0.771644,0.01,0.751698
112,120,0.775298,0.01,0.719269
112,121,0.778893,0.01,0.727326
112,122,0.782431,0.01,0.736751
112,123,0.785912,0.01,0.746872
112,124,0.789338,0.01,0.757235
112,125,0.792708,0.01,0.724312
112,126,0.796025,0.01,0.732019
112,127,0.799288,0.01,0.741118
112,128,0.8025,0.01,0.750936
112,129,0.80566,0.01,0.761017
112,130,0.808769,0.01,0.727757
112,131,0.811829,0.01,0.735225
112,132,0.771238,0.01,0.700325
112,133,0.774898,0.01,0.707628
112,134,0.778499,0.01,0.716972
112,135,0.782043,0.01,0.684148
112,136,0.742941,0.01,0.648789
112,137,0.747054,0.01,0.657035
112,138,0.751101,0.01,0.668048
112,139,0.755084,0.01,0.680633
112,140,0.759002,0.01,0.651511
112,141,0.762858,0.01,0.662678
112,142,0.766653,0.01,0.675476
112,143,0.770386,0.01,0.689069
112,144,0.77406,0.01,0.702898
112,145,0.735357,0.01,0.674313
112,146,0.739591,0.01,0.685222
112,147,0.743758,0.01,0.697382
112,148,0.747858,0.01,0.710104
112,149,0.751892,0.01,0.722927
112,150,0.755862,0.01,0.692979
112,151,0.759768,0.01,0.702815
112,152,0.763612,0.01,0.71391
112,153,0.767394,0.01,0.725594
112,154,0.729024,0.01,0.694591
112,155,0.73336,0.01,0.660114
112,156,0.737626,0.01,0.668527
112,157,0.741824,0.01,0.679408
112,158,0.745955,0.01,0.691671
112,159,0.750019,0.01,0.704579
112,160,0.754019,0.01,0.675153
112,161,0.757955,0.01,0.685641
112,162,0.761828,0.01,0.697518
112,163,0.765638,0.01,0.710053
112,164,0.769388,0.01,0.722755
112,165,0.773078,0.01,0.692706
112,166,0.776709,0.01,0.7025
112,167,0.780281,0.01,0.713574
112,168,0.783797,0.01,0.725252
112,169,0.787256,0.01,0.737079
112,170,0.79066,0.01,0.70592
112,171,0.794009,0.01,0.714886
112,172,0.797305,0.01,0.725162
112,173,0.800548,0.01,0.736078
112,174,0.80374,0.01,0.747184
112,175,0.80688,0.01,0.715152
112,176,0.80997,0.01,0.723492
112,177,0.81301,0.01,0.733181
112,178,0.816002,0.01,0.743548
112,179,0.818946,0.01,0.754141
112,180,0.821843,0.01,0.721493
112,181,0.824693,0.01,0.729395
112,182,0.827498,0.01,0.738677
112,183,0.830258,0.01,0.748663
112,184,0.832974,0.01,0.758902
112,185,0.835647,0.01,0.72583
112,186,0.838276,0.01,0.733432
112,187,0.840864,0.01,0.742433
112,188,0.84341,0.01,0.75216
112,189,0.845915,0.01,0.762156
112,190,0.848381,0.01,0.728794
112,191,0.850807,0.01,0.73619
112,192,0.853194,0.01,0.745
112,193,0.855543,0.01,0.754548
112,194,0.857854,0.01,0.764378
112,195,0.860128,0.01,0.730819
112,196,0.862366,0.01,0.738074
112,197,0.864568,0.01,0.746753
112,198,0.866735,0.01,0.75618
112,199,0.868868,0.01,0.765897
112,200,0.825424,0.01,0.732202
113,1,0.50632,0.50632,0.52079
113,2,0.513043,0.513043,0.54281
113,3,0.520011,0.520011,0.565173
113,4,0.527115,0.527115,0.587294
113,5,0.534277,0.263557,0.568735
113,6,0.541447,0.266695,0.586821
113,7,0.548586,0.269976,0.605706
113,8,0.55567,0.273341,0.624716
113,9,0.562682,0.276746,0.643414
113,10,0.569612,0.138373,0.62051
113,11,0.576451,0.139853,0.635351
113,12,0.583194,0.141401,0.65111
113,13,0.58984,0.142988,0.66714
113,14,0.596386,0.144595,0.683012
113,15,0.602832,0.072298,0.656688
113,16,0.609179,0.072989,0.669076
113,17,0.615427,0.073715,0.682536
113,18,0.621576,0.074461,0.696413
113,19,0.627628,0.075218,0.710274
113,20,0.633584,0.037609,0.681536
113,21,0.639445,0.037931,0.69221
113,22,0.645213,0.038272,0.704071
113,23,0.650889,0.038622,0.716459
113,24,0.656475,0.038978,0.728932
113,25,0.661971,0.019489,0.698533
113,26,0.667379,0.019639,0.708028
113,27,0.672701,0.019799,0.718793
113,28,0.677937,0.019963,0.73016
113,29,0.68309,0.020131,0.741682
113,30,0.688161,0.01,0.710147
113,31,0.69315,0.01,0.718837
113,32,0.69806,0.01,0.728851
113,33,0.702891,0.01,0.73952
113,34,0.707644,0.01,0.750393
113,35,0.712322,0.01,0.718081
113,36,0.716925,0.01,0.72622
113,37,0.721454,0.01,0.735722
113,38,0.725911,0.01,0.745914
113,39,0.730296,0.01,0.756344
113,40,0.734612,0.01,0.723501
113,41,0.738858,0.01,0.731264
113,42,0.743036,0.01,0.740416
113,43,0.747148,0.01,0.750282
113,44,0.751193,0.01,0.760409
113,45,0.713634,0.01,0.727203
113,46,0.718215,0.01,0.734709
113,47,0.722724,0.01,0.743622
113,48,0.72716,0.01,0.753266
113,49,0.731526,0.01,0.763185
113,50,0.735821,0.01,0.729732
113,51,0.740048,0.01,0.737062
113,52,0.744207,0.01,0.745812
113,53,0.7483,0.01,0.755304
113,54,0.752327,0.01,0.765082
113,55,0.75629,0.01,0.731459
113,56,0.760189,0.01,0.73867
113,57,0.72218,0.01,0.703463
113,58,0.726625,0.01,0.710548
113,59,0.730999,0.01,0.71969
113,60,0.735303,0.01,0.686623
113,61,0.739538,0.01,0.695112
113,62,0.743706,0.01,0.705489
113,63,0.747806,0.01,0.716881
113,64,0.751841,0.01,0.728697
113,65,0.755812,0.01,0.697733
113,66,0.759719,0.01,0.706976
113,67,0.763563,0.01,0.717598
113,68,0.767346,0.01,0.728897
113,69,0.771069,0.01,0.740401
113,70,0.774732,0.01,0.708882
113,71,0.778336,0.01,0.717608
113,72,0.781883,0.01,0.727671
113,73,0.785373,0.01,0.738397
113,74,0.788807,0.01,0.74933
113,75,0.792186,0.01,0.717096
113,76,0.795511,0.01,0.725295
113,77,0.798783,0.01,0.734855
113,78,0.802002,0.01,0.745103
113,79,0.80517,0.01,0.755586
113,80,0.808287,0.01,0.722808
113,81,0.811355,0.01,0.730617
113,82,0.814373,0.01,0.739813
113,83,0.817343,0.01,0.749721
113,84,0.820266,0.01,0.759885
113,85,0.823141,0.01,0.726726
113,86,0.825971,0.01,0.734265
113,87,0.828756,0.01,0.743209
113,88,0.831495,0.01,0.752881
113,89,0.834192,0.01,0.762827
113,90,0.836844,0.01,0.729405
113,91,0.839455,0.01,0.736759
113,92,0.797482,0.01,0.701722
113,93,0.800722,0.01,0.708928
113,94,0.803911,0.01,0.718182
113,95,0.807048,0.01,0.68525
113,96,0.810136,0.01,0.693834
113,97,0.813173,0.01,0.7043
113,98,0.816163,0.01,0.715775
113,99,0.819104,0.01,0.727667
113,100,0.821998,0.01,0.696795
113,101,0.824846,0.01,0.706103
113,102,0.827649,0.01,0.716785
113,103,0.786266,0.01,0.685128
113,104,0.789686,0.01,0.694325
113,105,0.793051,0.01,0.661925
113,106,0.796362,0.01,0.67129
113,107,0.799621,0.01,0.682735
113,108,0.75964,0.01,0.652571
113,109,0.763485,0.01,0.663216
113,110,0.76727,0.01,0.632836
113,111,0.770993,0.01,0.643822
113,112,0.774657,0.01,0.656895
113,113,0.778263,0.01,0.671054
113,114,0.781811,0.01,0.685626
113,115,0.785302,0.01,0.658109
113,116,0.746037,0.01,0.62683
113,117,0.7501,0.01,0.637523
113,118,0.754098,0.01,0.650535
113,119,0.758033,0.01,0.664787
113,120,0.761904,0.01,0.637501
113,121,0.765714,0.01,0.649862
113,122,0.769462,0.01,0.663704
113,123,0.773151,0.01,0.678223
113,124,0.776781,0.01,0.69288
113,125,0.780352,0.01,0.66526
113,126,0.783866,0.01,0.676834
113,127,0.787325,0.01,0.689602
113,128,0.790727,0.01,0.702882
113,129,0.794076,0.01,0.716219
113,130,0.797371,0.01,0.686882
113,131,0.800613,0.01,0.697147
113,132,0.803803,0.01,0.70864
113,133,0.806942,0.01,0.720693
113,134,0.810031,0.01,0.732859
113,135,0.81307,0.01,0.702099
113,136,0.816061,0.01,0.71134
113,137,0.819004,0.01,0.721871
113,138,0.8219,0.01,0.733021
113,139,0.82475,0.01,0.744343
113,140,0.827554,0.01,0.712568
113,141,0.830313,0.01,0.721089
113,142,0.833028,0.01,0.730946
113,143,0.8357,0.01,0.741469
113,144,0.793915,0.01,0.709071
113,145,0.797212,0.01,0.673316
113,146,0.757351,0.01,0.636379
113,147,0.761234,0.01,0.64415
113,148,0.765054,0.01,0.655121
113,149,0.768813,0.01,0.667949
113,150,0.772512,0.01,0.639347
113,151,0.776152,0.01,0.651038
113,152,0.779733,0.01,0.664419
113,153,0.783258,0.01,0.678622
113,154,0.744095,0.01,0.650956
113,155,0.748189,0.01,0.619773
113,156,0.752218,0.01,0.630671
113,157,0.756183,0.01,0.64396
113,158,0.760084,0.01,0.658529
113,159,0.763923,0.01,0.673629
113,160,0.7677,0.01,0.646863
113,161,0.771417,0.01,0.659262
113,162,0.775074,0.01,0.672933
113,163,0.778673,0.01,0.687148
113,164,0.782214,0.01,0.701422
113,165,0.785699,0.01,0.673259
113,166,0.789127,0.01,0.684394
113,167,0.792501,0.01,0.696718
113,168,0.795821,0.01,0.709561
113,169,0.799088,0.01,0.722474
113,170,0.802303,0.01,0.692616
113,171,0.805466,0.01,0.702503
113,172,0.808578,0.01,0.713637
113,173,0.811641,0.01,0.725353
113,174,0.814655,0.01,0.737202
113,175,0.81762,0.01,0.706061
113,176,0.776739,0.01,0.671188
113,177,0.780312,0.01,0.679161
113,178,0.783827,0.01,0.689534
113,179,0.787285,0.01,0.701256
113,180,0.790689,0.01,0.670881
113,181,0.794038,0.01,0.681012
113,182,0.797333,0.01,0.692752
113,183,0.800576,0.01,0.705297
113,184,0.803767,0.01,0.718105
113,185,0.806906,0.01,0.688262
113,186,0.809996,0.01,0.698255
113,187,0.813036,0.01,0.709546
113,188,0.816027,0.01,0.721449
113,189,0.818971,0.01,0.733503
113,190,0.821867,0.01,0.702628
113,191,0.824718,0.01,0.711803
113,192,0.827522,0.01,0.722281
113,193,0.830282,0.01,0.733388
113,194,0.832997,0.01,0.744674
113,195,0.791347,0.01,0.71286
113,196,0.794686,0.01,0.721356
113,197,0.797971,0.01,0.731191
113,198,0.801203,0.01,0.741695
113,199,0.804384,0.01,0.752415
113,200,0.807514,0.01,0.71992
114,1,0.50632,0.50632,0.52079
114,2,0.513043,0.513043,0.54281
114,3,0.520011,0.520011,0.565173
114,4,0.527115,0.527115,0.587294
114,5,0.534277,0.263557,0.568735
114,6,0.541447,0.266695,0.586821
114,7,0.548586,0.269976,0.605706
114,8,0.55567,0.273341,0.624716
114,9,0.562682,0.276746,0.643414
114,10,0.569612,0.138373,0.62051
114,11,0.576451,0.139853,0.635351
114,12,0.583194,0.141401,0.65111
114,13,0.58984,0.142988,0.66714
114,14,0.596386,0.144595,0.683012
114,15,0.602832,0.072298,0.656688
114,16,0.609179,0.072989,0.669076
114,17,0.615427,0.073715,0.682536
114,18,0.621576,0.074461,0.696413
114,19,0.627628,0.075218,0.710274
114,20,0.633584,0.037609,0.681536
114,21,0.601905,0.035729,0.648853
114,22,0.608273,0.036081,0.658377
114,23,0.61454,0.036451,0.670193
114,24,0.620706,0.03683,0.683258
114,25,0.626775,0.018415,0.654488
114,26,0.632746,0.01858,0.665757
114,27,0.638622,0.018754,0.678556
114,28,0.606691,0.017817,0.649672
114,29,0.612984,0.018012,0.660994
114,30,0.619176,0.01,0.631256
114,31,0.625269,0.01,0.642585
114,32,0.631264,0.01,0.655907
114,33,0.637164,0.01,0.670249
114,34,0.642969,0.01,0.684957
114,35,0.648682,0.01,0.657574
114,36,0.654303,0.01,0.669436
114,37,0.659834,0.01,0.682545
114,38,0.665277,0.01,0.696194
114,39,0.670632,0.01,0.709911
114,40,0.675902,0.01,0.681057
114,41,0.681088,0.01,0.691686
114,42,0.647033,0.01,0.660595
114,43,0.652681,0.01,0.670616
114,44,0.658238,0.01,0.682501
114,45,0.663706,0.01,0.652726
114,46,0.669087,0.01,0.663554
114,47,0.674382,0.01,0.676112
114,48,0.679591,0.01,0.689536
114,49,0.684718,0.01,0.703245
114,50,0.689762,0.01,0.674547
114,51,0.694726,0.01,0.685397
114,52,0.699611,0.01,0.697515
114,53,0.704417,0.01,0.710206
114,54,0.709146,0.01,0.723007
114,55,0.7138,0.01,0.693039
114,56,0.718379,0.01,0.702863
114,57,0.722885,0.01,0.71395
114,58,0.727319,0.01,0.725628
114,59,0.731682,0.01,0.737447
114,60,0.735975,0.01,0.706273
114,61,0.740199,0.01,0.715223
114,62,0.744356,0.01,0.725482
114,63,0.748446,0.01,0.73638
114,64,0.752471,0.01,0.747468
114,65,0.756432,0.01,0.715414
114,66,0.760329,0.01,0.723737
114,67,0.764163,0.01,0.73341
114,68,0.725955,0.01,0.700471
114,69,0.73034,0.01,0.708708
114,70,0.734655,0.01,0.675124
114,71,0.7389,0.01,0.683624
114,72,0.701955,0.01,0.650882
114,73,0.706724,0.01,0.660333
114,74,0.711416,0.01,0.672061
114,75,0.716034,0.01,0.642404
114,76,0.720577,0.01,0.653521
114,77,0.725048,0.01,0.666477
114,78,0.729447,0.01,0.68036
114,79,0.733776,0.01,0.694559
114,80,0.697087,0.01,0.666499
114,81,0.701934,0.01,0.677836
114,82,0.706703,0.01,0.690429
114,83,0.711396,0.01,0.703577
114,84,0.716013,0.01,0.716813
114,85,0.720557,0.01,0.687374
114,86,0.725028,0.01,0.69758
114,87,0.729428,0.01,0.709025
114,88,0.733757,0.01,0.721038
114,89,0.738017,0.01,0.733172
114,90,0.742208,0.01,0.702375
114,91,0.746333,0.01,0.711594
114,92,0.750392,0.01,0.722103
114,93,0.754385,0.01,0.733235
114,94,0.758315,0.01,0.744541
114,95,0.762182,0.01,0.712747
114,96,0.765987,0.01,0.721255
114,97,0.769732,0.01,0.7311
114,98,0.773416,0.01,0.741612
114,99,0.777041,0.01,0.75234
114,100,0.780609,0.01,0.719853
114,101,0.784119,0.01,0.727869
114,102,0.787573,0.01,0.737256
114,103,0.790972,0.01,0.747342
114,104,0.794316,0.01,0.757672
114,105,0.797607,0.01,0.724711
114,106,0.800845,0.01,0.73239
114,107,0.804032,0.01,0.741463
114,108,0.807167,0.01,0.751257
114,109,0.810253,0.01,0.761316
114,110,0.813289,0.01,0.728029
114,111,0.816276,0.01,0.735478
114,112,0.819216,0.01,0.744338
114,113,0.822108,0.01,0.753932
114,114,0.824954,0.01,0.763805
114,115,0.827755,0.01,0.730296
114,116,0.830511,0.01,0.737588
114,117,0.833223,0.01,0.746301
114,118,0.791562,0.01,0.712212
114,119,0.794897,0.01,0.719635
114,120,0.798178,0.01,0.685077
114,121,0.801408,0.01,0.692887
114,122,0.804585,0.01,0.702868
114,123,0.807712,0.01,0.714057
114,124,0.810788,0.01,0.725799
114,125,0.813816,0.01,0.694842
114,126,0.816795,0.01,0.704154
114,127,0.819726,0.01,0.714879
114,128,0.82261,0.01,0.726302
114,129,0.825449,0.01,0.737941
114,130,0.828241,0.01,0.706599
114,131,0.83099,0.01,0.715461
114,132,0.833694,0.01,0.725658
114,133,0.836355,0.01,0.736512
114,134,0.838973,0.01,0.747569
114,135,0.841549,0.01,0.715485
114,136,0.844085,0.01,0.723792
114,137,0.846579,0.01,0.733454
114,138,0.849034,0.01,0.743797
114,139,0.851449,0.01,0.754369
114,140,0.853826,0.01,0.721698
114,141,0.856165,0.01,0.729584
114,142,0.858466,0.01,0.738851
114,143,0.860731,0.01,0.748825
114,144,0.862959,0.01,0.759052
114,145,0.865152,0.01,0.725967
114,146,0.821894,0.01,0.689322
114,147,0.824744,0.01,0.696039
114,148,0.827548,0.01,0.705242
114,149,0.830307,0.01,0.715875
114,150,0.833022,0.01,0.684197
114,151,0.835694,0.01,0.693404
114,152,0.838323,0.01,0.704285
114,153,0.84091,0.01,0.71603
114,154,0.843455,0.01,0.728093
114,155,0.84596,0.01,0.697359
114,156,0.848425,0.01,0.70672
114,157,0.85085,0.01,0.717425
114,158,0.853236,0.01,0.728781
114,159,0.855584,0.01,0.740325
114,160,0.857895,0.01,0.708842
114,161,0.860169,0.01,0.717586
114,162,0.862406,0.01,0.727662
114,163,0.864607,0.01,0.738396
114,164,0.866774,0.01,0.749335
114,165,0.868905,0.01,0.717105
114,166,0.871003,0.01,0.725306
114,167,0.873067,0.01,0.734867
114,168,0.875098,0.01,0.745116
114,169,0.877096,0.01,0.755598
114,170,0.879063,0.01,0.72282
114,171,0.880998,0.01,0.730629
114,172,0.882902,0.01,0.739825
114,173,0.884775,0.01,0.749732
114,174,0.886619,0.01,0.759896
114,175,0.888433,0.01,0.726735
114,176,0.890218,0.01,0.734274
114,177,0.891975,0.01,0.743217
114,178,0.893703,0.01,0.752889
114,179,0.895404,0.01,0.762834
114,180,0.897077,0.01,0.729412
114,181,0.898724,0.01,0.736765
114,182,0.900344,0.01,0.745535
114,183,0.901939,0.01,0.755046
114,184,0.903508,0.01,0.764842
114,185,0.858333,0.01,0.731241
114,186,0.815416,0.01,0.694126
114,187,0.818369,0.01,0.70051
114,188,0.821275,0.01,0.709403
114,189,0.824135,0.01,0.719747
114,190,0.826949,0.01,0.687723
114,191,0.829718,0.01,0.696686
114,192,0.832442,0.01,0.707339
114,193,0.835123,0.01,0.718872
114,194,0.837761,0.01,0.730738
114,195,0.840357,0.01,0.699768
114,196,0.842911,0.01,0.708962
114,197,0.845425,0.01,0.719511
114,198,0.847898,0.01,0.730723
114,199,0.850331,0.01,0.742132
114,200,0.852726,0.01,0.710488
115,1,0.50632,0.50632,0.52079
115,2,0.513043,0.513043,0.54281
115,3,0.520011,0.520011,0.565173
115,4,0.527115,0.527115,0.587294
115,5,0.534277,0.263557,0.568735
115,6,0.541447,0.266695,0.586821
115,7,0.548586,0.269976,0.605706
115,8,0.55567,0.273341,0.624716
115,9,0.562682,0.276746,0.643414
115,10,0.569612,0.138373,0.62051
115,11,0.576451,0.139853,0.635351
115,12,0.583194,0.141401,0.65111
115,13,0.58984,0.142988,0.66714
115,14,0.596386,0.144595,0.683012
115,15,0.602832,0.072298,0.656688
115,16,0.609179,0.072989,0.669076
115,17,0.615427,0.073715,0.682536
115,18,0.621576,0.074461,0.696413
115,19,0.627628,0.075218,0.710274
115,20,0.633584,0.037609,0.681536
115,21,0.639445,0.037931,0.69221
115,22,0.645213,0.038272,0.704071
115,23,0.650889,0.038622,0.716459
115,24,0.656475,0.038978,0.728932
115,25,0.661971,0.019489,0.698533
115,26,0.667379,0.019639,0.708028
115,27,0.672701,0.019799,0.718793
115,28,0.677937,0.019963,0.73016
115,29,0.68309,0.020131,0.741682
115,30,0.688161,0.01,0.710147
115,31,0.69315,0.01,0.718837
115,32,0.69806,0.01,0.728851
115,33,0.702891,0.01,0.73952
115,34,0.707644,0.01,0.750393
115,35,0.712322,0.01,0.718081
115,36,0.716925,0.01,0.72622
115,37,0.721454,0.01,0.735722
115,38,0.725911,0.01,0.745914
115,39,0.730296,0.01,0.756344
115,40,0.734612,0.01,0.723501
115,41,0.738858,0.01,0.731264
115,42,0.743036,0.01,0.740416
115,43,0.747148,0.01,0.750282
115,44,0.751193,0.01,0.760409
115,45,0.755174,0.01,0.727203
115,46,0.759091,0.01,0.734709
115,47,0.762946,0.01,0.743622
115,48,0.766739,0.01,0.753266
115,49,0.728402,0.01,0.719816
115,50,0.732747,0.01,0.683103
115,51,0.737023,0.01,0.689927
115,52,0.741231,0.01,0.699329
115,53,0.745371,0.01,0.710213
115,54,0.749445,0.01,0.721836
115,55,0.753454,0.01,0.690873
115,56,0.757399,0.01,0.700272
115,57,0.761281,0.01,0.711134
115,58,0.7651,0.01,0.722725
115,59,0.768858,0.01,0.734548
115,60,0.772557,0.01,0.703448
115,61,0.776196,0.01,0.712497
115,62,0.779777,0.01,0.722877
115,63,0.7833,0.01,0.733909
115,64,0.786767,0.01,0.745135
115,65,0.790179,0.01,0.713258
115,66,0.793536,0.01,0.721714
115,67,0.79684,0.01,0.731517
115,68,0.80009,0.01,0.741992
115,69,0.803289,0.01,0.752687
115,70,0.806436,0.01,0.720165
115,71,0.809533,0.01,0.728156
115,72,0.812581,0.01,0.737522
115,73,0.815579,0.01,0.747588
115,74,0.81853,0.01,0.7579
115,75,0.821434,0.01,0.724917
115,76,0.824291,0.01,0.732581
115,77,0.827102,0.01,0.741642
115,78,0.829868,0.01,0.751423
115,79,0.832591,0.01,0.76147
115,80,0.835269,0.01,0.728169
115,81,0.793506,0.01,0.691328
115,82,0.79681,0.01,0.697906
115,83,0.800061,0.01,0.70698
115,84,0.80326,0.01,0.717492
115,85,0.806408,0.01,0.68567
115,86,0.809505,0.01,0.694775
115,87,0.812553,0.01,0.705561
115,88,0.815552,0.01,0.717217
115,89,0.818503,0.01,0.729198
115,90,0.821407,0.01,0.698365
115,91,0.824265,0.01,0.707657
115,92,0.827076,0.01,0.718296
115,93,0.785723,0.01,0.686565
115,94,0.789151,0.01,0.695693
115,95,0.792525,0.01,0.663202
115,96,0.795844,0.01,0.672494
115,97,0.799111,0.01,0.683865
115,98,0.759155,0.01,0.653611
115,99,0.763009,0.01,0.664189
115,100,0.766801,0.01,0.633727
115,101,0.770532,0.01,0.644654
115,102,0.774203,0.01,0.657671
115,103,0.777816,0.01,0.671777
115,104,0.781371,0.01,0.6863
115,105,0.784869,0.01,0.658724
115,106,0.788311,0.01,0.670467
115,107,0.791698,0.01,0.683478
115,108,0.795031,0.01,0.697043
115,109,0.79831,0.01,0.710687
115,110,0.801537,0.01,0.681752
115,111,0.804713,0.01,0.692326
115,112,0.807837,0.01,0.704119
115,113,0.810912,0.01,0.716462
115,114,0.813937,0.01,0.728906
115,115,0.816914,0.01,0.698483
115,116,0.819844,0.01,0.707967
115,117,0.778852,0.01,0.675486
115,118,0.78239,0.01,0.684505
115,119,0.785872,0.01,0.695449
115,120,0.789298,0.01,0.66454
115,121,0.792669,0.01,0.674559
115,122,0.795986,0.01,0.686361
115,123,0.799251,0.01,0.699079
115,124,0.802463,0.01,0.712129
115,125,0.805623,0.01,0.682642
115,126,0.808733,0.01,0.692932
115,127,0.811793,0.01,0.704529
115,128,0.814805,0.01,0.716734
115,129,0.817768,0.01,0.729083
115,130,0.820684,0.01,0.698573
115,131,0.823553,0.01,0.708014
115,132,0.826376,0.01,0.718743
115,133,0.829154,0.01,0.730088
115,134,0.831887,0.01,0.741598
115,135,0.834577,0.01,0.710054
115,136,0.837224,0.01,0.718741
115,137,0.795363,0.01,0.685304
115,138,0.798637,0.01,0.693645
115,139,0.801859,0.01,0.703957
115,140,0.805029,0.01,0.672291
115,141,0.808149,0.01,0.681773
115,142,0.811218,0.01,0.693075
115,143,0.814239,0.01,0.705328
115,144,0.817211,0.01,0.717944
115,145,0.77635,0.01,0.687939
115,146,0.779929,0.01,0.697862
115,147,0.78345,0.01,0.709116
115,148,0.786915,0.01,0.721003
115,149,0.790324,0.01,0.733056
115,150,0.793679,0.01,0.702191
115,151,0.79698,0.01,0.711381
115,152,0.800228,0.01,0.721877
115,153,0.803425,0.01,0.733005
115,154,0.80657,0.01,0.744312
115,155,0.809665,0.01,0.712526
115,156,0.81271,0.01,0.721042
115,157,0.815707,0.01,0.730897
115,158,0.818655,0.01,0.74142
115,159,0.821557,0.01,0.752158
115,160,0.824412,0.01,0.719686
115,161,0.827221,0.01,0.727712
115,162,0.829986,0.01,0.73711
115,163,0.832706,0.01,0.747205
115,164,0.791071,0.01,0.714295
115,165,0.794414,0.01,0.678074
115,166,0.797703,0.01,0.685247
115,167,0.80094,0.01,0.694973
115,168,0.760893,0.01,0.663018
115,169,0.764719,0.01,0.672571
115,170,0.768483,0.01,0.641013
115,171,0.772187,0.01,0.651252
115,172,0.775832,0.01,0.663683
115,173,0.779419,0.01,0.677283
115,174,0.782948,0.01,0.691361
115,175,0.786421,0.01,0.663274
115,176,0.789838,0.01,0.674671
115,177,0.793201,0.01,0.687368
115,178,0.79651,0.01,0.700649
115,179,0.799766,0.01,0.714032
115,180,0.802969,0.01,0.684789
115,181,0.806122,0.01,0.695147
115,182,0.809224,0.01,0.706741
115,183,0.812276,0.01,0.718899
115,184,0.81528,0.01,0.731172
115,185,0.818235,0.01,0.700545
115,186,0.821144,0.01,0.709886
115,187,0.824005,0.01,0.720511
115,188,0.826821,0.01,0.731751
115,189,0.829592,0.01,0.743158
115,190,0.832319,0.01,0.711486
115,191,0.835002,0.01,0.72008
115,192,0.837642,0.01,0.730007
115,193,0.840239,0.01,0.740594
115,194,0.842795,0.01,0.751392
115,195,0.845311,0.01,0.71899
115,196,0.847786,0.01,0.727066
115,197,0.850221,0.01,0.736509
115,198,0.852618,0.01,0.746646
115,199,0.854976,0.01,0.757025
115,200,0.857296,0.01,0.724121
116,1,0.50632,0.50632,0.52079
116,2,0.513043,0.513043,0.54281
116,3,0.520011,0.520011,0.565173
116,4,0.49401,0.49401,0.547365
116,5,0.46931,0.46931,0.52524
116,6,0.477225,0.477225,0.542602
116,7,0.453363,0.453363,0.521002
116,8,0.461706,0.461706,0.538712
116,9,0.470037,0.470037,0.558352
116,10,0.478318,0.235018,0.538345
116,11,0.486527,0.238685,0.556425
116,12,0.494646,0.242465,0.575938
116,13,0.502664,0.246304,0.595978
116,14,0.510573,0.250167,0.615945
116,15,0.485045,0.237659,0.594814
116,16,0.493251,0.241718,0.611082
116,17,0.501336,0.245755,0.628277
116,18,0.509298,0.249755,0.645717
116,19,0.517138,0.253712,0.662954
116,20,0.524856,0.126856,0.638305
116,21,0.532452,0.128563,0.65191
116,22,0.539929,0.130321,0.666519
116,23,0.547288,0.132107,0.681478
116,24,0.554529,0.133903,0.696355
116,25,0.561655,0.066951,0.66884
116,26,0.568668,0.067732,0.680385
116,27,0.575569,0.068545,0.693059
116,28,0.582359,0.069375,0.706206
116,29,0.589041,0.070214,0.719387
116,30,0.595616,0.035107,0.689837
116,31,0.602086,0.03547,0.699934
116,32,0.608453,0.03585,0.711259
116,33,0.614717,0.036239,0.723148
116,34,0.620882,0.036633,0.735157
116,35,0.626948,0.018317,0.704203
116,36,0.632916,0.018486,0.713305
116,37,0.63879,0.018664,0.723703
116,38,0.644569,0.018846,0.734729
116,39,0.650256,0.019032,0.745935
116,40,0.655852,0.01,0.71402
116,41,0.661358,0.01,0.722441
116,42,0.666776,0.01,0.732205
116,43,0.672108,0.01,0.742642
116,44,0.677354,0.01,0.753298
116,45,0.682517,0.01,0.720727
116,46,0.687596,0.01,0.728682
116,47,0.692595,0.01,0.738013
116,48,0.697513,0.01,0.748047
116,49,0.702353,0.01,0.758328
116,50,0.707115,0.01,0.725308
116,51,0.711802,0.01,0.732946
116,52,0.716413,0.01,0.741981
116,53,0.72095,0.01,0.751739
116,54,0.725415,0.01,0.761764
116,55,0.729808,0.01,0.728437
116,56,0.734131,0.01,0.735858
116,57,0.738385,0.01,0.744691
116,58,0.701466,0.01,0.710746
116,59,0.706243,0.01,0.71827
116,60,0.710943,0.01,0.683834
116,61,0.715568,0.01,0.69173
116,62,0.720118,0.01,0.701792
116,63,0.724597,0.01,0.713056
116,64,0.729003,0.01,0.724867
116,65,0.733339,0.01,0.693993
116,66,0.737606,0.01,0.703364
116,67,0.741804,0.01,0.714144
116,68,0.745935,0.01,0.725618
116,69,0.75,0.01,0.737305
116,70,0.754,0.01,0.706019
116,71,0.757936,0.01,0.714921
116,72,0.761809,0.01,0.725156
116,73,0.76562,0.01,0.736045
116,74,0.76937,0.01,0.747134
116,75,0.77306,0.01,0.715089
116,76,0.776691,0.01,0.723423
116,77,0.780264,0.01,0.733111
116,78,0.78378,0.01,0.743478
116,79,0.78724,0.01,0.754072
116,80,0.790644,0.01,0.721428
116,81,0.793993,0.01,0.729332
116,82,0.79729,0.01,0.738617
116,83,0.800533,0.01,0.748607
116,84,0.803724,0.01,0.758849
116,85,0.806865,0.01,0.725782
116,86,0.809955,0.01,0.733386
116,87,0.812996,0.01,0.742391
116,88,0.815988,0.01,0.75212
116,89,0.818932,0.01,0.762119
116,90,0.821829,0.01,0.72876
116,91,0.82468,0.01,0.736158
116,92,0.827485,0.01,0.744971
116,93,0.830245,0.01,0.754521
116,94,0.832961,0.01,0.764353
116,95,0.835634,0.01,0.730796
116,96,0.838264,0.01,0.738052
116,97,0.840851,0.01,0.746733
116,98,0.843398,0.01,0.756161
116,99,0.845903,0.01,0.765879
116,100,0.848369,0.01,0.732186
116,101,0.850795,0.01,0.739346
116,102,0.853182,0.01,0.747937
116,103,0.855531,0.01,0.757282
116,104,0.857843,0.01,0.766922
116,105,0.860117,0.01,0.733136
116,106,0.862356,0.01,0.74023
116,107,0.864558,0.01,0.74876
116,108,0.866725,0.01,0.758047
116,109,0.868857,0.01,0.767634
116,110,0.870956,0.01,0.733784
116,111,0.87302,0.01,0.740834
116,112,0.875052,0.01,0.749322
116,113,0.877051,0.01,0.75857
116,114,0.879018,0.01,0.768121
116,115,0.835067,0.01,0.734227
116,116,0.837706,0.01,0.741246
116,117,0.840303,0.01,0.749705
116,118,0.842858,0.01,0.758927
116,119,0.845373,0.01,0.768453
116,120,0.847847,0.01,0.73453
116,121,0.850281,0.01,0.741528
116,122,0.852677,0.01,0.749968
116,123,0.855034,0.01,0.759171
116,124,0.857353,0.01,0.76868
116,125,0.859636,0.01,0.734737
116,126,0.861881,0.01,0.74172
116,127,0.864091,0.01,0.750147
116,128,0.866266,0.01,0.759338
116,129,0.868406,0.01,0.768836
116,130,0.870511,0.01,0.734878
116,131,0.872583,0.01,0.741852
116,132,0.874622,0.01,0.750269
116,133,0.876628,0.01,0.759451
116,134,0.878602,0.01,0.768941
116,135,0.880544,0.01,0.734975
116,136,0.882455,0.01,0.741941
116,137,0.884336,0.01,0.750352
116,138,0.886187,0.01,0.759529
116,139,0.888008,0.01,0.769014
116,140,0.889799,0.01,0.735041
116,141,0.891563,0.01,0.742003
116,142,0.893298,0.01,0.75041
116,143,0.848633,0.01,0.715955
116,144,0.851055,0.01,0.723117
116,145,0.853438,0.01,0.688248
116,146,0.855783,0.01,0.695838
116,147,0.85809,0.01,0.705615
116,148,0.860361,0.01,0.716613
116,149,0.862595,0.01,0.728178
116,150,0.864794,0.01,0.697008
116,151,0.866957,0.01,0.70617
116,152,0.869086,0.01,0.716755
116,153,0.87118,0.01,0.728048
116,154,0.873241,0.01,0.739566
116,155,0.875269,0.01,0.708079
116,156,0.877265,0.01,0.716838
116,157,0.879229,0.01,0.72694
116,158,0.881161,0.01,0.737705
116,159,0.883063,0.01,0.748679
116,160,0.884934,0.01,0.716496
116,161,0.886775,0.01,0.724732
116,162,0.888586,0.01,0.734329
116,163,0.890369,0.01,0.744612
116,164,0.892123,0.01,0.755127
116,165,0.893849,0.01,0.722389
116,166,0.895547,0.01,0.730227
116,167,0.897219,0.01,0.73945
116,168,0.898863,0.01,0.749382
116,169,0.900481,0.01,0.75957
116,170,0.902074,0.01,0.726438
116,171,0.90364,0.01,0.733997
116,172,0.905182,0.01,0.742959
116,173,0.906699,0.01,0.752649
116,174,0.908192,0.01,0.762611
116,175,0.909661,0.01,0.729209
116,176,0.864178,0.01,0.692275
116,177,0.866351,0.01,0.698787
116,178,0.86849,0.01,0.7078
116,179,0.870594,0.01,0.718255
116,180,0.872664,0.01,0.686365
116,181,0.874702,0.01,0.695421
116,182,0.876706,0.01,0.706163
116,183,0.878679,0.01,0.717777
116,184,0.88062,0.01,0.729719
116,185,0.88253,0.01,0.69884
116,186,0.88441,0.01,0.708099
116,187,0.886259,0.01,0.718707
116,188,0.888079,0.01,0.729975
116,189,0.88987,0.01,0.741436
116,190,0.891632,0.01,0.709854
116,191,0.893366,0.01,0.718528
116,192,0.895072,0.01,0.728538
116,193,0.896751,0.01,0.739211
116,194,0.898403,0.01,0.750093
116,195,0.900028,0.01,0.717796
116,196,0.901628,0.01,0.725949
116,197,0.903202,0.01,0.735466
116,198,0.904751,0.01,0.745673
116,199,0.906275,0.01,0.756117
116,200,0.907774,0.01,0.723292
117,1,0.50632,0.50632,0.52079
117,2,0.513043,0.513043,0.54281
117,3,0.520011,0.520011,0.565173
117,4,0.527115,0.527115,0.587294
117,5,0.534277,0.263557,0.568735
117,6,0.541447,0.266695,0.586821
117,7,0.514374,0.25336,0.56477
117,8,0.521947,0.256855,0.581275
117,9,0.529457,0.260429,0.599245
117,10,0.536889,0.130215,0.576789
117,11,0.544231,0.131802,0.59283
117,12,0.551476,0.133462,0.610257
117,13,0.558619,0.135165,0.628223
117,14,0.565658,0.13689,0.646167
117,15,0.572591,0.068445,0.622543
117,16,0.579418,0.069196,0.636992
117,17,0.586139,0.069981,0.652463
117,18,0.592756,0.070786,0.668276
117,19,0.599268,0.071601,0.683984
117,20,0.605677,0.035801,0.657493
117,21,0.575393,0.034011,0.626885
117,22,0.546623,0.03231,0.594471
117,23,0.519292,0.030694,0.561773
117,24,0.526981,0.031127,0.573256
117,25,0.534548,0.015564,0.5458
117,26,0.541995,0.015765,0.560149
117,27,0.549322,0.015977,0.577155
117,28,0.556532,0.016197,0.595536
117,29,0.563628,0.016421,0.614431
117,30,0.570609,0.01,0.592407
117,31,0.577479,0.01,0.608302
117,32,0.58424,0.01,0.625312
117,33,0.590892,0.01,0.642693
117,34,0.597437,0.01,0.659955
117,35,0.603878,0.01,0.635401
117,36,0.610216,0.01,0.649115
117,37,0.616453,0.01,0.663855
117,38,0.58563,0.01,0.637015
117,39,0.59226,0.01,0.6496
117,40,0.598784,0.01,0.621237
117,41,0.605203,0.01,0.63345
117,42,0.61152,0.01,0.647538
117,43,0.617736,0.01,0.662553
117,44,0.623852,0.01,0.67786
117,45,0.62987,0.01,0.65117
117,46,0.635792,0.01,0.663508
117,47,0.64162,0.01,0.677051
117,48,0.647354,0.01,0.691097
117,49,0.652996,0.01,0.705178
117,50,0.658548,0.01,0.676757
117,51,0.664012,0.01,0.687689
117,52,0.669387,0.01,0.699813
117,53,0.674677,0.01,0.71246
117,54,0.679882,0.01,0.725186
117,55,0.685004,0.01,0.695098
117,56,0.690044,0.01,0.70482
117,57,0.695003,0.01,0.715798
117,58,0.699883,0.01,0.727367
117,59,0.704685,0.01,0.739079
117,60,0.70941,0.01,0.707772
117,61,0.71406,0.01,0.716625
117,62,0.718635,0.01,0.726791
117,63,0.723137,0.01,0.737602
117,64,0.727566,0.01,0.748608
117,65,0.731925,0.01,0.716454
117,66,0.736215,0.01,0.724706
117,67,0.740435,0.01,0.734313
117,68,0.744588,0.01,0.744602
117,69,0.748675,0.01,0.755123
117,70,0.752696,0.01,0.722389
117,71,0.756653,0.01,0.730229
117,72,0.760546,0.01,0.739453
117,73,0.764378,0.01,0.749386
117,74,0.768148,0.01,0.759574
117,75,0.771857,0.01,0.726443
117,76,0.775507,0.01,0.734002
117,77,0.779099,0.01,0.742964
117,78,0.782634,0.01,0.752653
117,79,0.786112,0.01,0.762615
117,80,0.789534,0.01,0.729213
117,81,0.792901,0.01,0.736579
117,82,0.796215,0.01,0.745363
117,83,0.756404,0.01,0.711358
117,84,0.760302,0.01,0.718839
117,85,0.764137,0.01,0.684352
117,86,0.767911,0.01,0.692213
117,87,0.729515,0.01,0.658705
117,88,0.733843,0.01,0.667612
117,89,0.738101,0.01,0.678835
117,90,0.742292,0.01,0.648575
117,91,0.746415,0.01,0.659264
117,92,0.750472,0.01,0.671821
117,93,0.754465,0.01,0.685333
117,94,0.758393,0.01,0.699187
117,95,0.762259,0.01,0.670714
117,96,0.766063,0.01,0.681759
117,97,0.769806,0.01,0.694079
117,98,0.773489,0.01,0.706974
117,99,0.777113,0.01,0.719975
117,100,0.780679,0.01,0.690253
117,101,0.784189,0.01,0.700259
117,102,0.787642,0.01,0.711518
117,103,0.791039,0.01,0.723359
117,104,0.794383,0.01,0.735331
117,105,0.797673,0.01,0.704342
117,106,0.80091,0.01,0.713424
117,107,0.804095,0.01,0.723807
117,108,0.80723,0.01,0.73482
117,109,0.810314,0.01,0.746016
117,110,0.813349,0.01,0.714091
117,111,0.816335,0.01,0.722505
117,112,0.819274,0.01,0.732264
117,113,0.822166,0.01,0.742695
117,114,0.825011,0.01,0.753347
117,115,0.827811,0.01,0.720771
117,116,0.830566,0.01,0.728723
117,117,0.833277,0.01,0.738051
117,118,0.835944,0.01,0.748082
117,119,0.838569,0.01,0.75836
117,120,0.841152,0.01,0.725337
117,121,0.843694,0.01,0.732973
117,122,0.846195,0.01,0.742006
117,123,0.848656,0.01,0.751762
117,124,0.851077,0.01,0.761786
117,125,0.85346,0.01,0.728457
117,126,0.855804,0.01,0.735876
117,127,0.858112,0.01,0.744708
117,128,0.860382,0.01,0.754277
117,129,0.862616,0.01,0.764126
117,130,0.864814,0.01,0.730589
117,131,0.866977,0.01,0.73786
117,132,0.869105,0.01,0.746554
117,133,0.8712,0.01,0.755995
117,134,0.87326,0.01,0.765724
117,135,0.875288,0.01,0.732045
117,136,0.877284,0.01,0.739215
117,137,0.879247,0.01,0.747815
117,138,0.881179,0.01,0.757168
117,139,0.88308,0.01,0.766816
117,140,0.884951,0.01,0.733039
117,141,0.886792,0.01,0.74014
117,142,0.842452,0.01,0.704802
117,143,0.844973,0.01,0.711794
117,144,0.847453,0.01,0.720849
117,145,0.849894,0.01,0.68768
117,146,0.852296,0.01,0.696095
117,147,0.854659,0.01,0.706404
117,148,0.856984,0.01,0.717732
117,149,0.859273,0.01,0.729489
117,150,0.861524,0.01,0.698454
117,151,0.86374,0.01,0.707647
117,152,0.86592,0.01,0.718223
117,153,0.868065,0.01,0.729478
117,154,0.870176,0.01,0.740942
117,155,0.872254,0.01,0.709375
117,156,0.874297,0.01,0.718066
117,157,0.876309,0.01,0.728098
117,158,0.878288,0.01,0.738794
117,159,0.880235,0.01,0.7497
117,160,0.882151,0.01,0.717433
117,161,0.884037,0.01,0.725608
117,162,0.885892,0.01,0.735147
117,163,0.887718,0.01,0.745374
117,164,0.889515,0.01,0.755838
117,165,0.891282,0.01,0.723038
117,166,0.893022,0.01,0.730831
117,167,0.894734,0.01,0.740012
117,168,0.896418,0.01,0.749906
117,169,0.898075,0.01,0.760058
117,170,0.899706,0.01,0.726883
117,171,0.901311,0.01,0.734411
117,172,0.90289,0.01,0.743345
117,173,0.904443,0.01,0.753008
117,174,0.905972,0.01,0.762945
117,175,0.907477,0.01,0.729513
117,176,0.908957,0.01,0.736859
117,177,0.863509,0.01,0.701813
117,178,0.865693,0.01,0.709012
117,179,0.867842,0.01,0.718261
117,180,0.869957,0.01,0.685322
117,181,0.872037,0.01,0.693901
117,182,0.874085,0.01,0.704362
117,183,0.876099,0.01,0.715832
117,184,0.878082,0.01,0.72772
117,185,0.880032,0.01,0.696844
117,186,0.836031,0.01,0.662386
117,187,0.838654,0.01,0.670757
117,188,0.841236,0.01,0.681564
117,189,0.843776,0.01,0.693734
117,190,0.846276,0.01,0.663932
117,191,0.848735,0.01,0.674494
117,192,0.851155,0.01,0.686651
117,193,0.853537,0.01,0.699595
117,194,0.85588,0.01,0.712781
117,195,0.858186,0.01,0.683396
117,196,0.860455,0.01,0.693718
117,197,0.862688,0.01,0.705318
117,198,0.864885,0.01,0.717511
117,199,0.867047,0.01,0.729834
117,200,0.869174,0.01,0.699284
118,1,0.50632,0.50632,0.52079
118,2,0.513043,0.513043,0.54281
118,3,0.520011,0.520011,0.565173
118,4,0.527115,0.527115,0.587294
118,5,0.534277,0.263557,0.568735
118,6,0.541447,0.266695,0.586821
118,7,0.548586,0.269976,0.605706
118,8,0.55567,0.273341,0.624716
118,9,0.562682,0.276746,0.643414
118,10,0.569612,0.138373,0.62051
118,11,0.576451,0.139853,0.635351
118,12,0.583194,0.141401,0.65111
118,13,0.58984,0.142988,0.66714
118,14,0.596386,0.144595,0.683012
118,15,0.602832,0.072298,0.656688
118,16,0.609179,0.072989,0.669076
118,17,0.615427,0.073715,0.682536
118,18,0.621576,0.074461,0.696413
118,19,0.627628,0.075218,0.710274
118,20,0.633584,0.037609,0.681536
118,21,0.639445,0.037931,0.69221
118,22,0.607473,0.036035,0.661145
118,23,0.613753,0.036405,0.671166
118,24,0.619932,0.036786,0.68304
118,25,0.626013,0.018393,0.653242
118,26,0.631996,0.018558,0.664047
118,27,0.637884,0.018733,0.67658
118,28,0.643678,0.018913,0.689978
118,29,0.611494,0.017967,0.661335
118,30,0.61771,0.01,0.629251
118,31,0.623826,0.01,0.639505
118,32,0.629845,0.01,0.65219
118,33,0.635767,0.01,0.666194
118,34,0.641595,0.01,0.680767
118,35,0.609515,0.01,0.653369
118,36,0.615763,0.01,0.665318
118,37,0.621911,0.01,0.67857
118,38,0.62796,0.01,0.692395
118,39,0.633913,0.01,0.706305
118,40,0.63977,0.01,0.677708
118,41,0.645534,0.01,0.688534
118,42,0.651205,0.01,0.700572
118,43,0.656786,0.01,0.713147
118,44,0.662278,0.01,0.725812
118,45,0.667681,0.01,0.695655
118,46,0.672998,0.01,0.705332
118,47,0.67823,0.01,0.71627
118,48,0.644319,0.01,0.684848
118,49,0.65001,0.01,0.694163
118,50,0.655609,0.01,0.66187
118,51,0.66112,0.01,0.671288
118,52,0.666542,0.01,0.682766
118,53,0.671877,0.01,0.695348
118,54,0.677127,0.01,0.708387
118,55,0.682293,0.01,0.678982
118,56,0.687376,0.01,0.689394
118,57,0.692378,0.01,0.701143
118,58,0.6973,0.01,0.713519
118,59,0.702143,0.01,0.726046
118,60,0.706909,0.01,0.695764
118,61,0.711599,0.01,0.705378
118,62,0.716213,0.01,0.716275
118,63,0.720754,0.01,0.72778
118,64,0.725222,0.01,0.739443
118,65,0.729618,0.01,0.708084
118,66,0.733944,0.01,0.716904
118,67,0.738201,0.01,0.727044
118,68,0.74239,0.01,0.737832
118,69,0.746512,0.01,0.748818
118,70,0.750567,0.01,0.716643
118,71,0.754558,0.01,0.724879
118,72,0.758485,0.01,0.734473
118,73,0.76235,0.01,0.744751
118,74,0.766152,0.01,0.75526
118,75,0.769894,0.01,0.722513
118,76,0.773575,0.01,0.730345
118,77,0.777198,0.01,0.73956
118,78,0.780763,0.01,0.749486
118,79,0.784271,0.01,0.759667
118,80,0.787722,0.01,0.726528
118,81,0.791119,0.01,0.73408
118,82,0.794461,0.01,0.743037
118,83,0.79775,0.01,0.752721
118,84,0.800986,0.01,0.762678
118,85,0.80417,0.01,0.72927
118,86,0.807303,0.01,0.736633
118,87,0.810386,0.01,0.745412
118,88,0.769867,0.01,0.711403
118,89,0.773549,0.01,0.718882
118,90,0.777172,0.01,0.684391
118,91,0.780738,0.01,0.692248
118,92,0.784246,0.01,0.702275
118,93,0.787698,0.01,0.713504
118,94,0.791095,0.01,0.725285
118,95,0.794437,0.01,0.694373
118,96,0.797726,0.01,0.703718
118,97,0.800962,0.01,0.714473
118,98,0.804147,0.01,0.725924
118,99,0.807281,0.01,0.73759
118,100,0.810364,0.01,0.706279
118,101,0.813398,0.01,0.715163
118,102,0.816384,0.01,0.725381
118,103,0.775565,0.01,0.69311
118,104,0.779156,0.01,0.701833
118,105,0.782689,0.01,0.668839
118,106,0.786166,0.01,0.677763
118,107,0.789588,0.01,0.688786
118,108,0.792954,0.01,0.700946
118,109,0.796267,0.01,0.713593
118,110,0.799527,0.01,0.683721
118,111,0.802734,0.01,0.693802
118,112,0.805891,0.01,0.705245
118,113,0.808996,0.01,0.717335
118,114,0.812052,0.01,0.729596
118,115,0.815059,0.01,0.698997
118,116,0.818019,0.01,0.708387
118,117,0.82093,0.01,0.719074
118,118,0.823795,0.01,0.730385
118,119,0.826615,0.01,0.741867
118,120,0.829389,0.01,0.710292
118,121,0.832119,0.01,0.718959
118,122,0.834805,0.01,0.728956
118,123,0.837448,0.01,0.739612
118,124,0.840049,0.01,0.750474
118,125,0.842608,0.01,0.718151
118,126,0.845126,0.01,0.726283
118,127,0.847604,0.01,0.735779
118,128,0.850042,0.01,0.745966
118,129,0.852442,0.01,0.756391
118,130,0.854803,0.01,0.723543
118,131,0.857126,0.01,0.731303
118,132,0.859412,0.01,0.740452
118,133,0.861661,0.01,0.750316
118,134,0.863875,0.01,0.76044
118,135,0.866053,0.01,0.727231
118,136,0.868196,0.01,0.734735
118,137,0.870305,0.01,0.743646
118,138,0.87238,0.01,0.753289
118,139,0.874422,0.01,0.763206
118,140,0.876431,0.01,0.729751
118,141,0.878408,0.01,0.73708
118,142,0.880354,0.01,0.745829
118,143,0.836336,0.01,0.711782
118,144,0.794519,0.01,0.674905
118,145,0.797807,0.01,0.637208
118,146,0.801042,0.01,0.644598
118,147,0.804225,0.01,0.655312
118,148,0.807358,0.01,0.667967
118,149,0.81044,0.01,0.681624
118,150,0.813473,0.01,0.653409
118,151,0.816457,0.01,0.664967
118,152,0.819394,0.01,0.677972
118,153,0.822284,0.01,0.691648
118,154,0.825127,0.01,0.705477
118,155,0.827925,0.01,0.676829
118,156,0.830678,0.01,0.687651
118,157,0.833387,0.01,0.699704
118,158,0.836053,0.01,0.712308
118,159,0.838676,0.01,0.725008
118,160,0.841258,0.01,0.694903
118,161,0.843797,0.01,0.70462
118,162,0.846297,0.01,0.7156
118,163,0.848756,0.01,0.727174
118,164,0.851176,0.01,0.738894
118,165,0.853557,0.01,0.707597
118,166,0.8559,0.01,0.716459
118,167,0.858206,0.01,0.726635
118,168,0.860474,0.01,0.737455
118,169,0.862707,0.01,0.74847
118,170,0.864904,0.01,0.716328
118,171,0.867065,0.01,0.724588
118,172,0.869192,0.01,0.734203
118,173,0.871285,0.01,0.7445
118,174,0.873344,0.01,0.755027
118,175,0.875371,0.01,0.722301
118,176,0.831602,0.01,0.685984
118,177,0.834297,0.01,0.692932
118,178,0.836948,0.01,0.702352
118,179,0.839557,0.01,0.713185
118,180,0.797579,0.01,0.681746
118,181,0.800818,0.01,0.691124
118,182,0.804005,0.01,0.702163
118,183,0.807141,0.01,0.714055
118,184,0.810226,0.01,0.726255
118,185,0.813263,0.01,0.695685
118,186,0.81625,0.01,0.705163
118,187,0.775438,0.01,0.672743
118,188,0.736666,0.01,0.637947
118,189,0.740879,0.01,0.646708
118,190,0.745025,0.01,0.615093
118,191,0.749105,0.01,0.62589
118,192,0.753119,0.01,0.639212
118,193,0.757069,0.01,0.653902
118,194,0.760956,0.01,0.669177
118,195,0.764781,0.01,0.642672
118,196,0.768544,0.01,0.65529
118,197,0.772248,0.01,0.669187
118,198,0.775892,0.01,0.683627
118,199,0.779477,0.01,0.69812
118,200,0.783006,0.01,0.670229
119,1,0.50632,0.50632,0.52079
119,2,0.513043,0.513043,0.54281
119,3,0.520011,0.520011,0.565173
119,4,0.527115,0.527115,0.587294
119,5,0.534277,0.263557,0.568735
119,6,0.541447,0.266695,0.586821
119,7,0.514374,0.25336,0.56477
119,8,0.521947,0.256855,0.581275
119,9,0.529457,0.260429,0.599245
119,10,0.536889,0.130215,0.576789
119,11,0.544231,0.131802,0.59283
119,12,0.551476,0.133462,0.610257
119,13,0.558619,0.135165,0.628223
119,14,0.565658,0.13689,0.646167
119,15,0.572591,0.068445,0.622543
119,16,0.543961,0.065023,0.594697
119,17,0.551247,0.065829,0.607757
119,18,0.558419,0.066668,0.622931
119,19,0.565478,0.067526,0.639166
119,20,0.572427,0.033763,0.614228
119,21,0.579265,0.034141,0.628237
119,22,0.585995,0.034538,0.643603
119,23,0.592618,0.034945,0.659533
119,24,0.599135,0.035358,0.675499
119,25,0.605548,0.017679,0.649439
119,26,0.611859,0.017858,0.662117
119,27,0.618069,0.018045,0.67591
119,28,0.62418,0.018238,0.690143
119,29,0.630193,0.018433,0.704366
119,30,0.598683,0.017511,0.676088
119,31,0.605104,0.017722,0.687103
119,32,0.611422,0.017932,0.699294
119,33,0.617639,0.01814,0.711995
119,34,0.623757,0.018347,0.724766
119,35,0.592569,0.01743,0.694728
119,36,0.599088,0.017649,0.704481
119,37,0.605503,0.017865,0.715487
119,38,0.611815,0.018078,0.727081
119,39,0.618026,0.018288,0.738815
119,40,0.624137,0.01,0.707533
119,41,0.630151,0.01,0.716404
119,42,0.636069,0.01,0.726586
119,43,0.641891,0.01,0.737412
119,44,0.647621,0.01,0.748431
119,45,0.653259,0.01,0.716293
119,46,0.658807,0.01,0.724556
119,47,0.664266,0.01,0.734174
119,48,0.669638,0.01,0.744473
119,49,0.674924,0.01,0.755003
119,50,0.680125,0.01,0.722279
119,51,0.685243,0.01,0.730127
119,52,0.690279,0.01,0.739358
119,53,0.695235,0.01,0.749298
119,54,0.700111,0.01,0.759492
119,55,0.704909,0.01,0.726368
119,56,0.709631,0.01,0.733932
119,57,0.714276,0.01,0.742899
119,58,0.718848,0.01,0.752593
119,59,0.723346,0.01,0.762559
119,60,0.727773,0.01,0.729162
119,61,0.732129,0.01,0.736532
119,62,0.736414,0.01,0.745318
119,63,0.740632,0.01,0.754845
119,64,0.744782,0.01,0.764654
119,65,0.748865,0.01,0.73107
119,66,0.752883,0.01,0.738308
119,67,0.715239,0.01,0.703133
119,68,0.719795,0.01,0.710241
119,69,0.683806,0.01,0.675639
119,70,0.688865,0.01,0.639374
119,71,0.693843,0.01,0.6474
119,72,0.698741,0.01,0.658469
119,73,0.703562,0.01,0.67129
119,74,0.708305,0.01,0.684986
119,75,0.712972,0.01,0.656723
119,76,0.717564,0.01,0.668183
119,77,0.722083,0.01,0.681057
119,78,0.72653,0.01,0.694584
119,79,0.730905,0.01,0.708254
119,80,0.735211,0.01,0.679401
119,81,0.69845,0.01,0.6467
119,82,0.703275,0.01,0.656265
119,83,0.708023,0.01,0.668152
119,84,0.712694,0.01,0.681304
119,85,0.717291,0.01,0.652659
119,86,0.721815,0.01,0.664029
119,87,0.726266,0.01,0.67693
119,88,0.730645,0.01,0.69056
119,89,0.734955,0.01,0.704382
119,90,0.739196,0.01,0.675755
119,91,0.743369,0.01,0.686611
119,92,0.747475,0.01,0.698708
119,93,0.751515,0.01,0.711361
119,94,0.755491,0.01,0.724113
119,95,0.759403,0.01,0.694074
119,96,0.763253,0.01,0.703842
119,97,0.76704,0.01,0.714872
119,98,0.770768,0.01,0.726493
119,99,0.774436,0.01,0.738257
119,100,0.778045,0.01,0.707016
119,101,0.781596,0.01,0.715917
119,102,0.78509,0.01,0.726129
119,103,0.788529,0.01,0.736984
119,104,0.791912,0.01,0.748031
119,105,0.795242,0.01,0.715928
119,106,0.798518,0.01,0.724215
119,107,0.801742,0.01,0.733856
119,108,0.804914,0.01,0.744177
119,109,0.808035,0.01,0.754727
119,110,0.811107,0.01,0.722027
119,111,0.814129,0.01,0.729893
119,112,0.817103,0.01,0.73914
119,113,0.820029,0.01,0.749095
119,114,0.822909,0.01,0.759303
119,115,0.825742,0.01,0.726196
119,116,0.82853,0.01,0.733772
119,117,0.831274,0.01,0.74275
119,118,0.833973,0.01,0.752454
119,119,0.83663,0.01,0.76243
119,120,0.839244,0.01,0.729044
119,121,0.841816,0.01,0.736422
119,122,0.844347,0.01,0.745216
119,123,0.846837,0.01,0.75475
119,124,0.849288,0.01,0.764566
119,125,0.851699,0.01,0.730989
119,126,0.854072,0.01,0.738233
119,127,0.856407,0.01,0.746901
119,128,0.858704,0.01,0.756317
119,129,0.860965,0.01,0.766025
119,130,0.86319,0.01,0.732318
119,131,0.865379,0.01,0.739469
119,132,0.867533,0.01,0.748052
119,133,0.869652,0.01,0.757388
119,134,0.871738,0.01,0.767022
119,135,0.87379,0.01,0.733226
119,136,0.875809,0.01,0.740314
119,137,0.877796,0.01,0.748838
119,138,0.879752,0.01,0.75812
119,139,0.881676,0.01,0.767702
119,140,0.883569,0.01,0.733846
119,141,0.885432,0.01,0.740891
119,142,0.84116,0.01,0.705486
119,143,0.843701,0.01,0.712431
119,144,0.846202,0.01,0.721442
119,145,0.848663,0.01,0.688219
119,146,0.851084,0.01,0.696597
119,147,0.853467,0.01,0.706871
119,148,0.855812,0.01,0.718167
119,149,0.858119,0.01,0.729893
119,150,0.860389,0.01,0.698823
119,151,0.862622,0.01,0.70799
119,152,0.864821,0.01,0.718542
119,153,0.866983,0.01,0.729775
119,154,0.869112,0.01,0.741219
119,155,0.871206,0.01,0.709626
119,156,0.873267,0.01,0.7183
119,157,0.875294,0.01,0.728316
119,158,0.87729,0.01,0.738997
119,159,0.879253,0.01,0.749888
119,160,0.881185,0.01,0.717605
119,161,0.883086,0.01,0.725768
119,162,0.884957,0.01,0.735295
119,163,0.840709,0.01,0.702183
119,164,0.843257,0.01,0.710298
119,165,0.845765,0.01,0.67657
119,166,0.848233,0.01,0.684969
119,167,0.850661,0.01,0.6955
119,168,0.853051,0.01,0.707199
119,169,0.855402,0.01,0.719416
119,170,0.857715,0.01,0.689028
119,171,0.859992,0.01,0.698743
119,172,0.862232,0.01,0.709844
119,173,0.864436,0.01,0.721616
119,174,0.866605,0.01,0.73358
119,175,0.86874,0.01,0.702627
119,176,0.87084,0.01,0.711764
119,177,0.872907,0.01,0.722218
119,178,0.87494,0.01,0.733311
119,179,0.876941,0.01,0.74459
119,180,0.87891,0.01,0.712771
119,181,0.880847,0.01,0.721267
119,182,0.882754,0.01,0.731104
119,183,0.88463,0.01,0.74161
119,184,0.886476,0.01,0.752334
119,185,0.888292,0.01,0.719845
119,186,0.890079,0.01,0.727859
119,187,0.891838,0.01,0.737246
119,188,0.893569,0.01,0.747332
119,189,0.895272,0.01,0.757662
119,190,0.896947,0.01,0.724701
119,191,0.898596,0.01,0.73238
119,192,0.900219,0.01,0.741454
119,193,0.901815,0.01,0.751249
119,194,0.903386,0.01,0.761308
119,195,0.904932,0.01,0.728022
119,196,0.906453,0.01,0.735471
119,197,0.90795,0.01,0.744331
119,198,0.909422,0.01,0.753926
119,199,0.910872,0.01,0.763799
119,200,0.912298,0.01,0.730291
120,1,0.50632,0.50632,0.52079
120,2,0.513043,0.513043,0.54281
120,3,0.520011,0.520011,0.565173
120,4,0.527115,0.527115,0.587294
120,5,0.534277,0.263557,0.568735
120,6,0.541447,0.266695,0.586821
120,7,0.548586,0.269976,0.605706
120,8,0.55567,0.273341,0.624716
120,9,0.562682,0.276746,0.643414
120,10,0.569612,0.138373,0.62051
120,11,0.576451,0.139853,0.635351
120,12,0.583194,0.141401,0.65111
120,13,0.58984,0.142988,0.66714
120,14,0.596386,0.144595,0.683012
120,15,0.602832,0.072298,0.656688
120,16,0.609179,0.072989,0.669076
120,17,0.615427,0.073715,0.682536
120,18,0.621576,0.074461,0.696413
120,19,0.627628,0.075218,0.710274
120,20,0.633584,0.037609,0.681536
120,21,0.639445,0.037931,0.69221
120,22,0.645213,0.038272,0.704071
120,23,0.650889,0.038622,0.716459
120,24,0.656475,0.038978,0.728932
120,25,0.661971,0.019489,0.698533
120,26,0.667379,0.019639,0.708028
120,27,0.672701,0.019799,0.718793
120,28,0.677937,0.019963,0.73016
120,29,0.68309,0.020131,0.741682
120,30,0.688161,0.01,0.710147
120,31,0.69315,0.01,0.718837
120,32,0.69806,0.01,0.728851
120,33,0.702891,0.01,0.73952
120,34,0.707644,0.01,0.750393
120,35,0.712322,0.01,0.718081
120,36,0.716925,0.01,0.72622
120,37,0.721454,0.01,0.735722
120,38,0.725911,0.01,0.745914
120,39,0.730296,0.01,0.756344
120,40,0.734612,0.01,0.723501
120,41,0.738858,0.01,0.731264
120,42,0.743036,0.01,0.740416
120,43,0.747148,0.01,0.750282
120,44,0.751193,0.01,0.760409
120,45,0.755174,0.01,0.727203
120,46,0.759091,0.01,0.734709
120,47,0.762946,0.01,0.743622
120,48,0.766739,0.01,0.753266
120,49,0.770471,0.01,0.763185
120,50,0.774143,0.01,0.729732
120,51,0.777757,0.01,0.737062
120,52,0.781313,0.01,0.745812
120,53,0.784812,0.01,0.755304
120,54,0.788255,0.01,0.765082
120,55,0.791643,0.01,0.731459
120,56,0.794977,0.01,0.73867
120,57,0.798257,0.01,0.747308
120,58,0.801485,0.01,0.756696
120,59,0.761411,0.01,0.72294
120,60,0.765228,0.01,0.685949
120,61,0.768984,0.01,0.692576
120,62,0.772681,0.01,0.701793
120,63,0.776318,0.01,0.712506
120,64,0.779897,0.01,0.723971
120,65,0.783418,0.01,0.692817
120,66,0.786884,0.01,0.702081
120,67,0.790293,0.01,0.712818
120,68,0.793649,0.01,0.724291
120,69,0.79695,0.01,0.736006
120,70,0.800199,0.01,0.704775
120,71,0.760189,0.01,0.66988
120,72,0.764026,0.01,0.677873
120,73,0.725825,0.01,0.644829
120,74,0.730212,0.01,0.654272
120,75,0.734528,0.01,0.623066
120,76,0.738776,0.01,0.633878
120,77,0.742955,0.01,0.647044
120,78,0.747068,0.01,0.661469
120,79,0.751115,0.01,0.676414
120,80,0.755097,0.01,0.649446
120,81,0.759016,0.01,0.661689
120,82,0.762871,0.01,0.675208
120,83,0.766665,0.01,0.689277
120,84,0.770399,0.01,0.703411
120,85,0.731879,0.01,0.675079
120,86,0.736169,0.01,0.686092
120,87,0.74039,0.01,0.698301
120,88,0.744544,0.01,0.711036
120,89,0.748631,0.01,0.723848
120,90,0.752653,0.01,0.693868
120,91,0.756611,0.01,0.703669
120,92,0.760505,0.01,0.714723
120,93,0.764337,0.01,0.726363
120,94,0.768107,0.01,0.738143
120,95,0.771818,0.01,0.706918
120,96,0.775469,0.01,0.715829
120,97,0.779061,0.01,0.72605
120,98,0.782596,0.01,0.736912
120,99,0.786075,0.01,0.747965
120,100,0.789497,0.01,0.715868
120,101,0.792865,0.01,0.72416
120,102,0.79618,0.01,0.733805
120,103,0.799441,0.01,0.74413
120,104,0.80265,0.01,0.754683
120,105,0.805807,0.01,0.721988
120,106,0.808914,0.01,0.729856
120,107,0.811972,0.01,0.739106
120,108,0.81498,0.01,0.749063
120,109,0.81794,0.01,0.759274
120,110,0.820853,0.01,0.726169
120,111,0.779811,0.01,0.689507
120,112,0.783334,0.01,0.696211
120,113,0.7868,0.01,0.705403
120,114,0.790212,0.01,0.716024
120,115,0.793568,0.01,0.684333
120,116,0.796871,0.01,0.693531
120,117,0.800121,0.01,0.704403
120,118,0.803319,0.01,0.71614
120,119,0.806466,0.01,0.728195
120,120,0.809563,0.01,0.697452
120,121,0.81261,0.01,0.706807
120,122,0.815608,0.01,0.717505
120,123,0.818558,0.01,0.728856
120,124,0.821461,0.01,0.740395
120,125,0.824318,0.01,0.708906
120,126,0.827129,0.01,0.717645
120,127,0.829895,0.01,0.727717
120,128,0.832616,0.01,0.738447
120,129,0.835295,0.01,0.749382
120,130,0.83793,0.01,0.717149
120,131,0.840523,0.01,0.725346
120,132,0.843075,0.01,0.734905
120,133,0.845585,0.01,0.745151
120,134,0.803306,0.01,0.712422
120,135,0.806453,0.01,0.676367
120,136,0.80955,0.01,0.683657
120,137,0.812597,0.01,0.693493
120,138,0.815596,0.01,0.704782
120,139,0.818546,0.01,0.716782
120,140,0.821449,0.01,0.686269
120,141,0.824306,0.01,0.695987
120,142,0.827117,0.01,0.707147
120,143,0.785761,0.01,0.67614
120,144,0.789189,0.01,0.68585
120,145,0.792562,0.01,0.654104
120,146,0.795881,0.01,0.663958
120,147,0.799147,0.01,0.675873
120,148,0.802361,0.01,0.688884
120,149,0.805523,0.01,0.702336
120,150,0.808635,0.01,0.673438
120,151,0.811696,0.01,0.684218
120,152,0.771112,0.01,0.65344
120,153,0.774774,0.01,0.663772
120,154,0.778377,0.01,0.676003
120,155,0.781923,0.01,0.646687
120,156,0.785413,0.01,0.65787
120,157,0.788846,0.01,0.670778
120,158,0.792225,0.01,0.684541
120,159,0.795549,0.01,0.698575
120,160,0.79882,0.01,0.670273
120,161,0.802039,0.01,0.681409
120,162,0.805206,0.01,0.693796
120,163,0.808323,0.01,0.706741
120,164,0.81139,0.01,0.719779
120,165,0.814408,0.01,0.690094
120,166,0.817377,0.01,0.700122
120,167,0.820299,0.01,0.711397
120,168,0.823174,0.01,0.723251
120,169,0.826004,0.01,0.735235
120,170,0.784703,0.01,0.704257
120,171,0.788148,0.01,0.713347
120,172,0.791538,0.01,0.723736
120,173,0.794873,0.01,0.734756
120,174,0.798155,0.01,0.745956
120,175,0.801385,0.01,0.714037
120,176,0.804563,0.01,0.722455
120,177,0.80769,0.01,0.732218
120,178,0.810767,0.01,0.742652
120,179,0.813794,0.01,0.753307
120,180,0.816774,0.01,0.720735
120,181,0.819705,0.01,0.728689
120,182,0.82259,0.01,0.73802
120,183,0.825428,0.01,0.748053
120,184,0.828222,0.01,0.758334
120,185,0.83097,0.01,0.725313
120,186,0.833675,0.01,0.73295
120,187,0.836336,0.01,0.741985
120,188,0.838954,0.01,0.751743
120,189,0.841531,0.01,0.761768
120,190,0.844067,0.01,0.728441
120,191,0.846562,0.01,0.735861
120,192,0.849017,0.01,0.744694
120,193,0.851432,0.01,0.754263
120,194,0.853809,0.01,0.764113
120,195,0.856148,0.01,0.730577
120,196,0.85845,0.01,0.737849
120,197,0.860715,0.01,0.746544
120,198,0.862943,0.01,0.755985
120,199,0.865136,0.01,0.765716
120,200,0.867294,0.01,0.732037
121,1,0.50632,0.50632,0.52079
121,2,0.513043,0.513043,0.54281
121,3,0.520011,0.520011,0.565173
121,4,0.527115,0.527115,0.587294
121,5,0.534277,0.263557,0.568735
121,6,0.541447,0.266695,0.586821
121,7,0.548586,0.269976,0.605706
121,8,0.55567,0.273341,0.624716
121,9,0.562682,0.276746,0.643414
121,10,0.569612,0.138373,0.62051
121,11,0.576451,0.139853,0.635351
121,12,0.583194,0.141401,0.65111
121,13,0.554034,0.134331,0.625467
121,14,0.561147,0.136031,0.638885
121,15,0.568152,0.068016,0.611507
121,16,0.57505,0.068765,0.624411
121,17,0.581841,0.069551,0.639137
121,18,0.588526,0.070358,0.654743
121,19,0.595106,0.071176,0.670597
121,20,0.601582,0.035588,0.64456
121,21,0.607954,0.035942,0.65736
121,22,0.614226,0.036313,0.671331
121,23,0.583514,0.034498,0.643641
121,24,0.590177,0.034908,0.65567
121,25,0.596734,0.017454,0.626676
121,26,0.603186,0.017634,0.638465
121,27,0.609534,0.017823,0.652172
121,28,0.615782,0.018018,0.666842
121,29,0.621929,0.018216,0.681835
121,30,0.627978,0.01,0.654776
121,31,0.63393,0.01,0.666856
121,32,0.639787,0.01,0.680161
121,33,0.645551,0.01,0.693987
121,34,0.651222,0.01,0.707865
121,35,0.656802,0.01,0.679201
121,36,0.623962,0.01,0.646627
121,37,0.629979,0.01,0.656254
121,38,0.635899,0.01,0.668181
121,39,0.641725,0.01,0.68136
121,40,0.647457,0.01,0.652736
121,41,0.653098,0.01,0.664114
121,42,0.658648,0.01,0.677019
121,43,0.66411,0.01,0.69065
121,44,0.669484,0.01,0.70447
121,45,0.674772,0.01,0.675839
121,46,0.679976,0.01,0.686692
121,47,0.645977,0.01,0.655918
121,48,0.651641,0.01,0.666196
121,49,0.657215,0.01,0.678341
121,50,0.6627,0.01,0.648893
121,51,0.668097,0.01,0.659963
121,52,0.673407,0.01,0.672755
121,53,0.678633,0.01,0.6864
121,54,0.683774,0.01,0.700318
121,55,0.688834,0.01,0.671874
121,56,0.693813,0.01,0.682906
121,57,0.698712,0.01,0.695194
121,58,0.703532,0.01,0.708045
121,59,0.708276,0.01,0.720994
121,60,0.712943,0.01,0.691204
121,61,0.717536,0.01,0.701155
121,62,0.722056,0.01,0.71236
121,63,0.726503,0.01,0.724148
121,64,0.730879,0.01,0.736069
121,65,0.735185,0.01,0.705018
121,66,0.739422,0.01,0.714055
121,67,0.743591,0.01,0.724395
121,68,0.747694,0.01,0.735369
121,69,0.75173,0.01,0.746527
121,70,0.714144,0.01,0.714557
121,71,0.718718,0.01,0.722939
121,72,0.723218,0.01,0.732668
121,73,0.727647,0.01,0.743071
121,74,0.732004,0.01,0.753697
121,75,0.736292,0.01,0.72109
121,76,0.740512,0.01,0.72902
121,77,0.744663,0.01,0.738328
121,78,0.748749,0.01,0.748339
121,79,0.752769,0.01,0.7586
121,80,0.756724,0.01,0.725556
121,81,0.760617,0.01,0.733176
121,82,0.764447,0.01,0.742195
121,83,0.768216,0.01,0.751938
121,84,0.771924,0.01,0.76195
121,85,0.775574,0.01,0.728606
121,86,0.779164,0.01,0.736015
121,87,0.782698,0.01,0.744837
121,88,0.786175,0.01,0.754397
121,89,0.789596,0.01,0.764238
121,90,0.792962,0.01,0.730691
121,91,0.796275,0.01,0.737955
121,92,0.799535,0.01,0.746642
121,93,0.802742,0.01,0.756077
121,94,0.805898,0.01,0.765801
121,95,0.809004,0.01,0.732114
121,96,0.81206,0.01,0.739279
121,97,0.815067,0.01,0.747875
121,98,0.818026,0.01,0.757224
121,99,0.777124,0.01,0.723421
121,100,0.78069,0.01,0.686386
121,101,0.784199,0.01,0.692983
121,102,0.787652,0.01,0.702172
121,103,0.79105,0.01,0.712859
121,104,0.794393,0.01,0.724299
121,105,0.754673,0.01,0.693116
121,106,0.758598,0.01,0.702359
121,107,0.762461,0.01,0.713077
121,108,0.766262,0.01,0.724532
121,109,0.770001,0.01,0.73623
121,110,0.773681,0.01,0.70498
121,111,0.734997,0.01,0.670067
121,112,0.739237,0.01,0.678046
121,113,0.74341,0.01,0.688447
121,114,0.747515,0.01,0.700208
121,115,0.751555,0.01,0.669894
121,116,0.75553,0.01,0.680076
121,117,0.759441,0.01,0.69187
121,118,0.76329,0.01,0.704467
121,119,0.767078,0.01,0.717327
121,120,0.770804,0.01,0.687548
121,121,0.774472,0.01,0.697587
121,122,0.77808,0.01,0.708923
121,123,0.781631,0.01,0.720868
121,124,0.785125,0.01,0.732961
121,125,0.788563,0.01,0.702133
121,126,0.791946,0.01,0.711342
121,127,0.795274,0.01,0.721851
121,128,0.79855,0.01,0.732988
121,129,0.801773,0.01,0.744302
121,130,0.804945,0.01,0.712521
121,131,0.808066,0.01,0.72104
121,132,0.811137,0.01,0.730897
121,133,0.814159,0.01,0.741421
121,134,0.817132,0.01,0.75216
121,135,0.820058,0.01,0.719689
121,136,0.822937,0.01,0.727715
121,137,0.82577,0.01,0.737113
121,138,0.828558,0.01,0.747208
121,139,0.831301,0.01,0.757547
121,140,0.834,0.01,0.724596
121,141,0.836656,0.01,0.732283
121,142,0.839269,0.01,0.741364
121,143,0.841841,0.01,0.751165
121,144,0.799749,0.01,0.717902
121,145,0.802953,0.01,0.68136
121,146,0.806106,0.01,0.688305
121,147,0.809208,0.01,0.697819
121,148,0.812261,0.01,0.708808
121,149,0.815265,0.01,0.720529
121,150,0.81822,0.01,0.689683
121,151,0.821129,0.01,0.699164
121,152,0.823991,0.01,0.710103
121,153,0.826807,0.01,0.721765
121,154,0.829578,0.01,0.733655
121,155,0.832305,0.01,0.702634
121,156,0.834988,0.01,0.71174
121,157,0.837628,0.01,0.722173
121,158,0.840226,0.01,0.733253
121,159,0.842782,0.01,0.744525
121,160,0.845298,0.01,0.712703
121,161,0.847773,0.01,0.721197
121,162,0.850209,0.01,0.731036
121,163,0.852605,0.01,0.741544
121,164,0.854964,0.01,0.752271
121,165,0.857284,0.01,0.719785
121,166,0.859568,0.01,0.727803
121,167,0.861815,0.01,0.737193
121,168,0.864026,0.01,0.747282
121,169,0.866201,0.01,0.757615
121,170,0.868342,0.01,0.724658
121,171,0.870449,0.01,0.73234
121,172,0.872521,0.01,0.741417
121,173,0.874561,0.01,0.751214
121,174,0.876568,0.01,0.761275
121,175,0.878543,0.01,0.727992
121,176,0.880486,0.01,0.735443
121,177,0.882399,0.01,0.744305
121,178,0.88428,0.01,0.753902
121,179,0.886132,0.01,0.763777
121,180,0.887954,0.01,0.730271
121,181,0.889746,0.01,0.737564
121,182,0.89151,0.01,0.746279
121,183,0.893246,0.01,0.755738
121,184,0.894954,0.01,0.765486
121,185,0.896635,0.01,0.731827
121,186,0.898289,0.01,0.739013
121,187,0.899916,0.01,0.747627
121,188,0.901518,0.01,0.756993
121,189,0.903093,0.01,0.766653
121,190,0.904644,0.01,0.732891
121,191,0.906169,0.01,0.740002
121,192,0.907671,0.01,0.748548
121,193,0.909148,0.01,0.75785
121,194,0.910602,0.01,0.767451
121,195,0.912032,0.01,0.733617
121,196,0.91344,0.01,0.740678
121,197,0.867768,0.01,0.705292
121,198,0.869883,0.01,0.71225
121,199,0.871965,0.01,0.721273
121,200,0.874014,0.01,0.688066
122,1,0.50632,0.50632,0.52079
122,2,0.513043,0.513043,0.54281
122,3,0.520011,0.520011,0.565173
122,4,0.527115,0.527115,0.587294
122,5,0.534277,0.263557,0.568735
122,6,0.541447,0.266695,0.586821
122,7,0.548586,0.269976,0.605706
122,8,0.55567,0.273341,0.624716
122,9,0.562682,0.276746,0.643414
122,10,0.569612,0.138373,0.62051
122,11,0.576451,0.139853,0.635351
122,12,0.583194,0.141401,0.65111
122,13,0.58984,0.142988,0.66714
122,14,0.596386,0.144595,0.683012
122,15,0.566567,0.137366,0.656688
122,16,0.57349,0.139094,0.669076
122,17,0.580306,0.140817,0.682536
122,18,0.587016,0.142528,0.696413
122,19,0.59362,0.144223,0.710274
122,20,0.600119,0.072111,0.681536
122,21,0.606515,0.072825,0.69221
122,22,0.61281,0.073568,0.704071
122,23,0.619004,0.074326,0.716459
122,24,0.625099,0.075091,0.728932
122,25,0.631097,0.037546,0.698533
122,26,0.636999,0.037871,0.708028
122,27,0.642807,0.038213,0.718793
122,28,0.648522,0.038565,0.73016
122,29,0.616096,0.036637,0.69877
122,30,0.622238,0.018318,0.663935
122,31,0.628282,0.018485,0.67209
122,32,0.596868,0.017561,0.639329
122,33,0.603318,0.017751,0.649031
122,34,0.609665,0.017948,0.661158
122,35,0.61591,0.01,0.632115
122,36,0.622056,0.01,0.643758
122,37,0.628103,0.01,0.657259
122,38,0.634053,0.01,0.67169
122,39,0.639908,0.01,0.686425
122,40,0.607913,0.01,0.659031
122,41,0.614186,0.01,0.670854
122,42,0.620359,0.01,0.683909
122,43,0.626434,0.01,0.697494
122,44,0.632411,0.01,0.711142
122,45,0.638292,0.01,0.682198
122,46,0.644079,0.01,0.692758
122,47,0.649774,0.01,0.704534
122,48,0.617285,0.01,0.674126
122,49,0.623409,0.01,0.684167
122,50,0.629434,0.01,0.652751
122,51,0.635363,0.01,0.662792
122,52,0.641198,0.01,0.674855
122,53,0.646938,0.01,0.687982
122,54,0.652587,0.01,0.701529
122,55,0.658146,0.01,0.672733
122,56,0.663616,0.01,0.683577
122,57,0.668998,0.01,0.695729
122,58,0.674294,0.01,0.70848
122,59,0.640579,0.01,0.678823
122,60,0.64633,0.01,0.645625
122,61,0.651989,0.01,0.654976
122,62,0.619389,0.01,0.623672
122,63,0.625479,0.01,0.634425
122,64,0.631471,0.01,0.64754
122,65,0.637368,0.01,0.619688
122,66,0.64317,0.01,0.63218
122,67,0.648879,0.01,0.646476
122,68,0.654497,0.01,0.661649
122,69,0.660025,0.01,0.677078
122,70,0.627024,0.01,0.650513
122,71,0.632992,0.01,0.662925
122,72,0.638864,0.01,0.676529
122,73,0.644642,0.01,0.690625
122,74,0.650328,0.01,0.704749
122,75,0.655922,0.01,0.676375
122,76,0.661428,0.01,0.687339
122,77,0.666845,0.01,0.69949
122,78,0.672175,0.01,0.712163
122,79,0.67742,0.01,0.72491
122,80,0.682582,0.01,0.694849
122,81,0.68766,0.01,0.704589
122,82,0.692658,0.01,0.715584
122,83,0.697575,0.01,0.727168
122,84,0.702414,0.01,0.738894
122,85,0.707175,0.01,0.707604
122,86,0.711861,0.01,0.716468
122,87,0.716471,0.01,0.726646
122,88,0.721007,0.01,0.737467
122,89,0.725471,0.01,0.748482
122,90,0.729864,0.01,0.716339
122,91,0.734186,0.01,0.724599
122,92,0.697477,0.01,0.690647
122,93,0.702317,0.01,0.698621
122,94,0.70708,0.01,0.70859
122,95,0.711767,0.01,0.676514
122,96,0.716378,0.01,0.685704
122,97,0.720916,0.01,0.696734
122,98,0.725382,0.01,0.708734
122,99,0.729776,0.01,0.721115
122,100,0.734099,0.01,0.690827
122,101,0.738354,0.01,0.700549
122,102,0.74254,0.01,0.711617
122,103,0.746659,0.01,0.723331
122,104,0.750713,0.01,0.735222
122,105,0.754701,0.01,0.704165
122,106,0.758626,0.01,0.713218
122,107,0.762488,0.01,0.723586
122,108,0.766288,0.01,0.734595
122,109,0.770028,0.01,0.745792
122,110,0.773707,0.01,0.713874
122,111,0.777328,0.01,0.722296
122,112,0.780891,0.01,0.732065
122,113,0.784396,0.01,0.742506
122,114,0.787846,0.01,0.753169
122,115,0.79124,0.01,0.720607
122,116,0.794581,0.01,0.728569
122,117,0.797867,0.01,0.737907
122,118,0.801101,0.01,0.747947
122,119,0.804284,0.01,0.758235
122,120,0.807415,0.01,0.725222
122,121,0.810497,0.01,0.732866
122,122,0.813529,0.01,0.741907
122,123,0.816512,0.01,0.751669
122,124,0.819448,0.01,0.761699
122,125,0.822337,0.01,0.728378
122,126,0.825179,0.01,0.735803
122,127,0.827977,0.01,0.74464
122,128,0.830729,0.01,0.754213
122,129,0.833437,0.01,0.764067
122,130,0.836102,0.01,0.730535
122,131,0.838725,0.01,0.73781
122,132,0.841305,0.01,0.746507
122,133,0.843844,0.01,0.755951
122,134,0.846343,0.01,0.765684
122,135,0.848801,0.01,0.732008
122,136,0.85122,0.01,0.73918
122,137,0.853601,0.01,0.747783
122,138,0.855943,0.01,0.757138
122,139,0.858248,0.01,0.766789
122,140,0.860516,0.01,0.733014
122,141,0.862748,0.01,0.740117
122,142,0.864944,0.01,0.748654
122,143,0.867105,0.01,0.757949
122,144,0.869231,0.01,0.767543
122,145,0.82577,0.01,0.733701
122,146,0.828557,0.01,0.740756
122,147,0.8313,0.01,0.74925
122,148,0.789735,0.01,0.714898
122,149,0.7931,0.01,0.722134
122,150,0.79641,0.01,0.687353
122,151,0.799667,0.01,0.695005
122,152,0.802873,0.01,0.70484
122,153,0.806027,0.01,0.715892
122,154,0.765725,0.01,0.684577
122,155,0.769474,0.01,0.650169
122,156,0.773162,0.01,0.658839
122,157,0.776792,0.01,0.67009
122,158,0.780363,0.01,0.682787
122,159,0.783877,0.01,0.696163
122,160,0.787335,0.01,0.667349
122,161,0.790738,0.01,0.678306
122,162,0.794086,0.01,0.690641
122,163,0.797381,0.01,0.703618
122,164,0.800623,0.01,0.716741
122,165,0.803813,0.01,0.687206
122,166,0.806952,0.01,0.69737
122,167,0.81004,0.01,0.708791
122,168,0.81308,0.01,0.720795
122,169,0.81607,0.01,0.732927
122,170,0.819013,0.01,0.702135
122,171,0.821909,0.01,0.711361
122,172,0.780814,0.01,0.678571
122,173,0.784321,0.01,0.687374
122,174,0.787771,0.01,0.698117
122,175,0.791167,0.01,0.666969
122,176,0.794508,0.01,0.676818
122,177,0.797796,0.01,0.688463
122,178,0.801032,0.01,0.701034
122,179,0.804215,0.01,0.713948
122,180,0.807348,0.01,0.684299
122,181,0.81043,0.01,0.694474
122,182,0.813463,0.01,0.705963
122,183,0.816448,0.01,0.718069
122,184,0.775625,0.01,0.687617
122,185,0.779215,0.01,0.653678
122,186,0.782748,0.01,0.662493
122,187,0.786224,0.01,0.673761
122,188,0.789644,0.01,0.686395
122,189,0.79301,0.01,0.699653
122,190,0.75336,0.01,0.670652
122,191,0.757306,0.01,0.681445
122,192,0.761189,0.01,0.693609
122,193,0.76501,0.01,0.706411
122,194,0.76877,0.01,0.719363
122,195,0.772469,0.01,0.689615
122,196,0.77611,0.01,0.699622
122,197,0.779692,0.01,0.710895
122,198,0.740708,0.01,0.679895
122,199,0.744856,0.01,0.689523
122,200,0.748939,0.01,0.657617
123,1,0.50632,0.50632,0.52079
123,2,0.513043,0.513043,0.54281
123,3,0.520011,0.520011,0.565173
123,4,0.527115,0.527115,0.587294
123,5,0.534277,0.263557,0.568735
123,6,0.541447,0.266695,0.586821
123,7,0.548586,0.269976,0.605706
123,8,0.55567,0.273341,0.624716
123,9,0.562682,0.276746,0.643414
123,10,0.569612,0.138373,0.62051
123,11,0.576451,0.139853,0.635351
123,12,0.583194,0.141401,0.65111
123,13,0.58984,0.142988,0.66714
123,14,0.596386,0.144595,0.683012
123,15,0.602832,0.072298,0.656688
123,16,0.609179,0.072989,0.669076
123,17,0.615427,0.073715,0.682536
123,18,0.621576,0.074461,0.696413
123,19,0.627628,0.075218,0.710274
123,20,0.633584,0.037609,0.681536
123,21,0.639445,0.037931,0.69221
123,22,0.645213,0.038272,0.704071
123,23,0.650889,0.038622,0.716459
123,24,0.656475,0.038978,0.728932
123,25,0.661971,0.019489,0.698533
123,26,0.667379,0.019639,0.708028
123,27,0.672701,0.019799,0.718793
123,28,0.677937,0.019963,0.73016
123,29,0.68309,0.020131,0.741682
123,30,0.688161,0.01,0.710147
123,31,0.69315,0.01,0.718837
123,32,0.69806,0.01,0.728851
123,33,0.702891,0.01,0.73952
123,34,0.707644,0.01,0.750393
123,35,0.712322,0.01,0.718081
123,36,0.716925,0.01,0.72622
123,37,0.721454,0.01,0.735722
123,38,0.725911,0.01,0.745914
123,39,0.730296,0.01,0.756344
123,40,0.734612,0.01,0.723501
123,41,0.738858,0.01,0.731264
123,42,0.743036,0.01,0.740416
123,43,0.747148,0.01,0.750282
123,44,0.751193,0.01,0.760409
123,45,0.755174,0.01,0.727203
123,46,0.759091,0.01,0.734709
123,47,0.762946,0.01,0.743622
123,48,0.766739,0.01,0.753266
123,49,0.770471,0.01,0.763185
123,50,0.774143,0.01,0.729732
123,51,0.777757,0.01,0.737062
123,52,0.781313,0.01,0.745812
123,53,0.784812,0.01,0.755304
123,54,0.788255,0.01,0.765082
123,55,0.791643,0.01,0.731459
123,56,0.794977,0.01,0.73867
123,57,0.798257,0.01,0.747308
123,58,0.801485,0.01,0.756696
123,59,0.804661,0.01,0.766377
123,60,0.807787,0.01,0.732639
123,61,0.810862,0.01,0.739768
123,62,0.813888,0.01,0.74833
123,63,0.816866,0.01,0.757647
123,64,0.819796,0.01,0.767262
123,65,0.822679,0.01,0.733445
123,66,0.825516,0.01,0.740518
123,67,0.828308,0.01,0.749028
123,68,0.831055,0.01,0.758297
123,69,0.833758,0.01,0.767867
123,70,0.836418,0.01,0.733996
123,71,0.839036,0.01,0.741031
123,72,0.841611,0.01,0.749505
123,73,0.844145,0.01,0.75874
123,74,0.846639,0.01,0.76828
123,75,0.804307,0.01,0.734372
123,76,0.807438,0.01,0.741381
123,77,0.810519,0.01,0.749831
123,78,0.813551,0.01,0.759044
123,79,0.816534,0.01,0.768562
123,80,0.819469,0.01,0.734629
123,81,0.822358,0.01,0.74162
123,82,0.8252,0.01,0.750053
123,83,0.827997,0.01,0.759251
123,84,0.830749,0.01,0.768754
123,85,0.833457,0.01,0.734804
123,86,0.836122,0.01,0.741783
123,87,0.838744,0.01,0.750205
123,88,0.796807,0.01,0.715768
123,89,0.800058,0.01,0.722944
123,90,0.803257,0.01,0.688091
123,91,0.806405,0.01,0.695691
123,92,0.809502,0.01,0.705479
123,93,0.81255,0.01,0.716486
123,94,0.815549,0.01,0.728059
123,95,0.818501,0.01,0.696901
123,96,0.821405,0.01,0.706069
123,97,0.824262,0.01,0.716662
123,98,0.827074,0.01,0.727961
123,99,0.829841,0.01,0.739485
123,100,0.832563,0.01,0.708005
123,101,0.835242,0.01,0.71677
123,102,0.837878,0.01,0.726876
123,103,0.840472,0.01,0.737646
123,104,0.843025,0.01,0.748623
123,105,0.845536,0.01,0.716445
123,106,0.848008,0.01,0.724686
123,107,0.85044,0.01,0.734286
123,108,0.852833,0.01,0.744571
123,109,0.855187,0.01,0.75509
123,110,0.857504,0.01,0.722354
123,111,0.859784,0.01,0.730195
123,112,0.862028,0.01,0.73942
123,113,0.864235,0.01,0.749354
123,114,0.866407,0.01,0.759544
123,115,0.868545,0.01,0.726415
123,116,0.870648,0.01,0.733975
123,117,0.872718,0.01,0.742939
123,118,0.874754,0.01,0.75263
123,119,0.831017,0.01,0.719237
123,120,0.83372,0.01,0.682575
123,121,0.836381,0.01,0.689436
123,122,0.838999,0.01,0.698872
123,123,0.841575,0.01,0.709788
123,124,0.84411,0.01,0.721441
123,125,0.846604,0.01,0.690513
123,126,0.849058,0.01,0.699936
123,127,0.851473,0.01,0.710822
123,128,0.85385,0.01,0.722434
123,129,0.856188,0.01,0.734277
123,130,0.858489,0.01,0.703201
123,131,0.860753,0.01,0.712267
123,132,0.862981,0.01,0.722664
123,133,0.865173,0.01,0.73371
123,134,0.867331,0.01,0.744951
123,135,0.869453,0.01,0.71309
123,136,0.871542,0.01,0.721558
123,137,0.873597,0.01,0.731371
123,138,0.87562,0.01,0.741856
123,139,0.87761,0.01,0.752561
123,140,0.879568,0.01,0.72005
123,141,0.881495,0.01,0.728049
123,142,0.883391,0.01,0.737423
123,143,0.885257,0.01,0.747495
123,144,0.887093,0.01,0.757814
123,145,0.888899,0.01,0.724839
123,146,0.890677,0.01,0.732508
123,147,0.892426,0.01,0.741574
123,148,0.847805,0.01,0.707907
123,149,0.85024,0.01,0.715628
123,150,0.852636,0.01,0.681427
123,151,0.854994,0.01,0.68949
123,152,0.857314,0.01,0.699708
123,153,0.859597,0.01,0.711115
123,154,0.861843,0.01,0.723061
123,155,0.864054,0.01,0.692349
123,156,0.866229,0.01,0.701833
123,157,0.868369,0.01,0.71272
123,158,0.870476,0.01,0.724292
123,159,0.872548,0.01,0.736071
123,160,0.874587,0.01,0.704896
123,161,0.876594,0.01,0.713876
123,162,0.878568,0.01,0.724183
123,163,0.880511,0.01,0.73514
123,164,0.882423,0.01,0.746291
123,165,0.884304,0.01,0.714321
123,166,0.886155,0.01,0.722709
123,167,0.887977,0.01,0.732446
123,168,0.889769,0.01,0.742859
123,169,0.891533,0.01,0.753497
123,170,0.893268,0.01,0.720904
123,171,0.894976,0.01,0.728845
123,172,0.896656,0.01,0.738163
123,173,0.89831,0.01,0.748185
123,174,0.899937,0.01,0.758456
123,175,0.901538,0.01,0.725424
123,176,0.903113,0.01,0.733053
123,177,0.904664,0.01,0.742081
123,178,0.906189,0.01,0.751831
123,179,0.90769,0.01,0.76185
123,180,0.909167,0.01,0.728516
123,181,0.91062,0.01,0.735931
123,182,0.91205,0.01,0.744759
123,183,0.913458,0.01,0.754324
123,184,0.914842,0.01,0.76417
123,185,0.916205,0.01,0.730628
123,186,0.917545,0.01,0.737897
123,187,0.871668,0.01,0.702759
123,188,0.873721,0.01,0.709893
123,189,0.875742,0.01,0.71908
123,190,0.87773,0.01,0.686068
123,191,0.879686,0.01,0.694595
123,192,0.881611,0.01,0.705008
123,193,0.883506,0.01,0.716434
123,194,0.88537,0.01,0.72828
123,195,0.841101,0.01,0.697353
123,196,0.843643,0.01,0.706623
123,197,0.801461,0.01,0.673987
123,198,0.804638,0.01,0.682966
123,199,0.807764,0.01,0.693916
123,200,0.810839,0.01,0.66305
124,1,0.50632,0.50632,0.52079
124,2,0.513043,0.513043,0.54281
124,3,0.520011,0.520011,0.565173
124,4,0.527115,0.527115,0.587294
124,5,0.534277,0.263557,0.568735
124,6,0.541447,0.266695,0.586821
124,7,0.548586,0.269976,0.605706
124,8,0.55567,0.273341,0.624716
124,9,0.562682,0.276746,0.643414
124,10,0.569612,0.138373,0.62051
124,11,0.576451,0.139853,0.635351
124,12,0.583194,0.141401,0.65111
124,13,0.58984,0.142988,0.66714
124,14,0.596386,0.144595,0.683012
124,15,0.602832,0.072298,0.656688
124,16,0.609179,0.072989,0.669076
124,17,0.57872,0.06934,0.640066
124,18,0.585455,0.070124,0.651545
124,19,0.592084,0.070928,0.664777
124,20,0.598608,0.035464,0.636605
124,21,0.605028,0.035815,0.648563
124,22,0.611346,0.036185,0.66217
124,23,0.617564,0.036567,0.676567
124,24,0.623682,0.036954,0.691179
124,25,0.629703,0.018477,0.663561
124,26,0.635627,0.018643,0.675176
124,27,0.641457,0.018818,0.688004
124,28,0.647194,0.018998,0.701357
124,29,0.652838,0.019181,0.714773
124,30,0.658393,0.01,0.685539
124,31,0.663859,0.01,0.695885
124,32,0.669237,0.01,0.707456
124,33,0.674529,0.01,0.719584
124,34,0.679736,0.01,0.731823
124,35,0.684861,0.01,0.701151
124,36,0.689903,0.01,0.710456
124,37,0.694864,0.01,0.721046
124,38,0.699747,0.01,0.732253
124,39,0.704551,0.01,0.743627
124,40,0.709278,0.01,0.711916
124,41,0.713929,0.01,0.720481
124,42,0.718507,0.01,0.730381
124,43,0.72301,0.01,0.740943
124,44,0.727442,0.01,0.751717
124,45,0.731803,0.01,0.719286
124,46,0.736094,0.01,0.727341
124,47,0.740317,0.01,0.736765
124,48,0.744472,0.01,0.746885
124,49,0.74856,0.01,0.757247
124,50,0.752583,0.01,0.724323
124,51,0.756542,0.01,0.732029
124,52,0.760437,0.01,0.741128
124,53,0.76427,0.01,0.750945
124,54,0.768042,0.01,0.761025
124,55,0.771753,0.01,0.727765
124,56,0.775405,0.01,0.735232
124,57,0.778999,0.01,0.744108
124,58,0.782535,0.01,0.753719
124,59,0.786014,0.01,0.763606
124,60,0.789438,0.01,0.730115
124,61,0.792807,0.01,0.737419
124,62,0.796122,0.01,0.746144
124,63,0.799384,0.01,0.755613
124,64,0.802594,0.01,0.765369
124,65,0.805752,0.01,0.731721
124,66,0.80886,0.01,0.738914
124,67,0.811919,0.01,0.747535
124,68,0.814928,0.01,0.756907
124,69,0.817889,0.01,0.766574
124,70,0.820803,0.01,0.732818
124,71,0.82367,0.01,0.739935
124,72,0.826491,0.01,0.748485
124,73,0.829267,0.01,0.757791
124,74,0.831999,0.01,0.767397
124,75,0.834687,0.01,0.733568
124,76,0.837332,0.01,0.740632
124,77,0.839935,0.01,0.749134
124,78,0.842496,0.01,0.758395
124,79,0.845016,0.01,0.767958
124,80,0.847496,0.01,0.734079
124,81,0.849936,0.01,0.741108
124,82,0.852337,0.01,0.749577
124,83,0.854699,0.01,0.758808
124,84,0.811964,0.01,0.724863
124,85,0.814973,0.01,0.6877
124,86,0.817933,0.01,0.694206
124,87,0.820847,0.01,0.70331
124,88,0.823713,0.01,0.713918
124,89,0.782527,0.01,0.682266
124,90,0.786007,0.01,0.647705
124,91,0.789431,0.01,0.656357
124,92,0.7928,0.01,0.667648
124,93,0.796115,0.01,0.680422
124,94,0.799377,0.01,0.693898
124,95,0.802587,0.01,0.665225
124,96,0.805746,0.01,0.676298
124,97,0.808854,0.01,0.688751
124,98,0.811912,0.01,0.701843
124,99,0.814922,0.01,0.715079
124,100,0.817883,0.01,0.685681
124,101,0.820797,0.01,0.695945
124,102,0.823664,0.01,0.707462
124,103,0.826485,0.01,0.719555
124,104,0.785161,0.01,0.689055
124,105,0.788599,0.01,0.655047
124,106,0.791981,0.01,0.663798
124,107,0.752382,0.01,0.631757
124,108,0.756344,0.01,0.641975
124,109,0.760242,0.01,0.654585
124,110,0.764078,0.01,0.626121
124,111,0.767853,0.01,0.638176
124,112,0.771568,0.01,0.652062
124,113,0.775222,0.01,0.666852
124,114,0.778819,0.01,0.681922
124,115,0.782358,0.01,0.654928
124,116,0.78584,0.01,0.667036
124,117,0.789267,0.01,0.680355
124,118,0.792638,0.01,0.694187
124,119,0.795956,0.01,0.708064
124,120,0.799221,0.01,0.679395
124,121,0.802433,0.01,0.690149
124,122,0.762312,0.01,0.659205
124,123,0.766115,0.01,0.669327
124,124,0.769857,0.01,0.681306
124,125,0.773539,0.01,0.651641
124,126,0.777162,0.01,0.662546
124,127,0.780728,0.01,0.675175
124,128,0.784236,0.01,0.688665
124,129,0.787688,0.01,0.702435
124,130,0.791085,0.01,0.673809
124,131,0.794428,0.01,0.684711
124,132,0.797717,0.01,0.696877
124,133,0.800954,0.01,0.709613
124,134,0.804138,0.01,0.722455
124,135,0.807272,0.01,0.692536
124,136,0.810356,0.01,0.702395
124,137,0.81339,0.01,0.713515
124,138,0.816376,0.01,0.725222
124,139,0.819314,0.01,0.73707
124,140,0.822205,0.01,0.705929
124,141,0.82505,0.01,0.714903
124,142,0.827849,0.01,0.725184
124,143,0.830603,0.01,0.736104
124,144,0.833314,0.01,0.747211
124,145,0.835981,0.01,0.71518
124,146,0.794182,0.01,0.679496
124,147,0.797475,0.01,0.686893
124,148,0.800715,0.01,0.696731
124,149,0.803904,0.01,0.707954
124,150,0.807041,0.01,0.676982
124,151,0.810129,0.01,0.68669
124,152,0.813166,0.01,0.698036
124,153,0.816156,0.01,0.710215
124,154,0.819097,0.01,0.722681
124,155,0.821992,0.01,0.69243
124,156,0.82484,0.01,0.702134
124,157,0.827642,0.01,0.713156
124,158,0.8304,0.01,0.724809
124,159,0.833114,0.01,0.736629
124,160,0.835784,0.01,0.705475
124,161,0.793995,0.01,0.670611
124,162,0.797291,0.01,0.678601
124,163,0.800534,0.01,0.688997
124,164,0.803726,0.01,0.700745
124,165,0.806866,0.01,0.670404
124,166,0.809956,0.01,0.680563
124,167,0.812997,0.01,0.692331
124,168,0.815989,0.01,0.704902
124,169,0.818933,0.01,0.717735
124,170,0.82183,0.01,0.687923
124,171,0.824681,0.01,0.697939
124,172,0.827486,0.01,0.709252
124,173,0.830246,0.01,0.721175
124,174,0.832962,0.01,0.733247
124,175,0.835635,0.01,0.702395
124,176,0.838265,0.01,0.711586
124,177,0.840852,0.01,0.722078
124,178,0.843399,0.01,0.733199
124,179,0.845904,0.01,0.744499
124,180,0.84837,0.01,0.712701
124,181,0.850796,0.01,0.721207
124,182,0.853183,0.01,0.731053
124,183,0.855532,0.01,0.741566
124,184,0.857844,0.01,0.752295
124,185,0.860118,0.01,0.719811
124,186,0.817112,0.01,0.683715
124,187,0.820039,0.01,0.69082
124,188,0.822918,0.01,0.700386
124,189,0.825751,0.01,0.711355
124,190,0.828539,0.01,0.68008
124,191,0.831283,0.01,0.689572
124,192,0.833982,0.01,0.700719
124,193,0.836638,0.01,0.712711
124,194,0.794807,0.01,0.682292
124,195,0.79809,0.01,0.648515
124,196,0.80132,0.01,0.657524
124,197,0.804499,0.01,0.669023
124,198,0.807627,0.01,0.681905
124,199,0.810705,0.01,0.695419
124,200,0.813734,0.01,0.666743
125,1,0.50632,0.50632,0.52079
125,2,0.513043,0.513043,0.54281
125,3,0.520011,0.520011,0.565173
125,4,0.527115,0.527115,0.587294
125,5,0.534277,0.263557,0.568735
125,6,0.541447,0.266695,0.586821
125,7,0.548586,0.269976,0.605706
125,8,0.55567,0.273341,0.624716
125,9,0.562682,0.276746,0.643414
125,10,0.569612,0.138373,0.62051
125,11,0.576451,0.139853,0.635351
125,12,0.583194,0.141401,0.65111
125,13,0.58984,0.142988,0.66714
125,14,0.596386,0.144595,0.683012
125,15,0.602832,0.072298,0.656688
125,16,0.609179,0.072989,0.669076
125,17,0.615427,0.073715,0.682536
125,18,0.621576,0.074461,0.696413
125,19,0.627628,0.075218,0.710274
125,20,0.633584,0.037609,0.681536
125,21,0.639445,0.037931,0.69221
125,22,0.645213,0.038272,0.704071
125,23,0.650889,0.038622,0.716459
125,24,0.656475,0.038978,0.728932
125,25,0.661971,0.019489,0.698533
125,26,0.667379,0.019639,0.708028
125,27,0.672701,0.019799,0.718793
125,28,0.677937,0.019963,0.73016
125,29,0.68309,0.020131,0.741682
125,30,0.648936,0.019124,0.710147
125,31,0.654553,0.019309,0.718837
125,32,0.621825,0.018344,0.685399
125,33,0.627876,0.018544,0.693737
125,34,0.63383,0.018743,0.704046
125,35,0.602138,0.017806,0.672375
125,36,0.608504,0.018018,0.681852
125,37,0.614768,0.018227,0.69315
125,38,0.620932,0.018434,0.705398
125,39,0.626997,0.018638,0.71801
125,40,0.632965,0.01,0.688
125,41,0.638837,0.01,0.697918
125,42,0.644616,0.01,0.709169
125,43,0.650302,0.01,0.721053
125,44,0.655897,0.01,0.733102
125,45,0.661403,0.01,0.702233
125,46,0.666821,0.01,0.711421
125,47,0.672151,0.01,0.721913
125,48,0.677397,0.01,0.733039
125,49,0.682559,0.01,0.744344
125,50,0.687638,0.01,0.712555
125,51,0.692635,0.01,0.721069
125,52,0.697553,0.01,0.730922
125,53,0.702392,0.01,0.741443
125,54,0.707154,0.01,0.75218
125,55,0.71184,0.01,0.719705
125,56,0.71645,0.01,0.72773
125,57,0.720987,0.01,0.737127
125,58,0.725451,0.01,0.747221
125,59,0.729844,0.01,0.757559
125,60,0.734167,0.01,0.724607
125,61,0.73842,0.01,0.732293
125,62,0.742605,0.01,0.741373
125,63,0.746723,0.01,0.751173
125,64,0.750776,0.01,0.761238
125,65,0.754763,0.01,0.727958
125,66,0.758687,0.01,0.735412
125,67,0.762548,0.01,0.744276
125,68,0.766348,0.01,0.753874
125,69,0.770086,0.01,0.763751
125,70,0.773765,0.01,0.730247
125,71,0.735076,0.01,0.693221
125,72,0.739315,0.01,0.699668
125,73,0.743486,0.01,0.70862
125,74,0.74759,0.01,0.719018
125,75,0.751629,0.01,0.687059
125,76,0.755603,0.01,0.696068
125,77,0.759513,0.01,0.706764
125,78,0.763361,0.01,0.718337
125,79,0.767147,0.01,0.73024
125,80,0.770873,0.01,0.699314
125,81,0.774539,0.01,0.70854
125,82,0.778146,0.01,0.719118
125,83,0.781696,0.01,0.730357
125,84,0.785189,0.01,0.741792
125,85,0.788626,0.01,0.710178
125,86,0.792008,0.01,0.718829
125,87,0.795336,0.01,0.728819
125,88,0.79861,0.01,0.739472
125,89,0.801832,0.01,0.750337
125,90,0.805003,0.01,0.718018
125,91,0.808123,0.01,0.726155
125,92,0.811193,0.01,0.735658
125,93,0.814214,0.01,0.745851
125,94,0.817187,0.01,0.756283
125,95,0.820112,0.01,0.723443
125,96,0.82299,0.01,0.731209
125,97,0.825822,0.01,0.740364
125,98,0.828609,0.01,0.750234
125,99,0.831351,0.01,0.760363
125,100,0.834049,0.01,0.727161
125,101,0.836705,0.01,0.73467
125,102,0.839317,0.01,0.743586
125,103,0.841888,0.01,0.753232
125,104,0.844418,0.01,0.763153
125,105,0.802197,0.01,0.729703
125,106,0.805362,0.01,0.737036
125,107,0.808476,0.01,0.745787
125,108,0.811541,0.01,0.755281
125,109,0.814556,0.01,0.76506
125,110,0.817523,0.01,0.731439
125,111,0.820443,0.01,0.738652
125,112,0.779421,0.01,0.703446
125,113,0.78295,0.01,0.710532
125,114,0.786423,0.01,0.719675
125,115,0.78984,0.01,0.68661
125,116,0.793202,0.01,0.6951
125,117,0.796511,0.01,0.705478
125,118,0.799767,0.01,0.716871
125,119,0.802971,0.01,0.728687
125,120,0.806123,0.01,0.697724
125,121,0.809225,0.01,0.706967
125,122,0.812278,0.01,0.71759
125,123,0.815281,0.01,0.728889
125,124,0.818237,0.01,0.740395
125,125,0.821145,0.01,0.708876
125,126,0.780088,0.01,0.673687
125,127,0.783606,0.01,0.681452
125,128,0.787069,0.01,0.691643
125,129,0.790475,0.01,0.703202
125,130,0.793828,0.01,0.672638
125,131,0.797127,0.01,0.682638
125,132,0.800373,0.01,0.69426
125,133,0.803567,0.01,0.706697
125,134,0.763388,0.01,0.67681
125,135,0.767174,0.01,0.643519
125,136,0.770899,0.01,0.652874
125,137,0.774565,0.01,0.664694
125,138,0.735837,0.01,0.635298
125,139,0.740063,0.01,0.646701
125,140,0.70306,0.01,0.617381
125,141,0.707811,0.01,0.629223
125,142,0.712486,0.01,0.643158
125,143,0.717086,0.01,0.658164
125,144,0.721613,0.01,0.673557
125,145,0.726067,0.01,0.647046
125,146,0.689764,0.01,0.616706
125,147,0.694728,0.01,0.628076
125,148,0.699612,0.01,0.641726
125,149,0.704418,0.01,0.656577
125,150,0.669197,0.01,0.630011
125,151,0.67449,0.01,0.642886
125,152,0.679698,0.01,0.657208
125,153,0.684823,0.01,0.672175
125,154,0.689866,0.01,0.68725
125,155,0.694828,0.01,0.660129
125,156,0.660087,0.01,0.629049
125,157,0.665525,0.01,0.639787
125,158,0.670877,0.01,0.652782
125,159,0.676143,0.01,0.666975
125,160,0.681325,0.01,0.639585
125,161,0.647258,0.01,0.608883
125,162,0.652902,0.01,0.620256
125,163,0.658456,0.01,0.634072
125,164,0.66392,0.01,0.64919
125,165,0.669298,0.01,0.623037
125,166,0.674589,0.01,0.636266
125,167,0.679796,0.01,0.650957
125,168,0.684919,0.01,0.666294
125,169,0.68996,0.01,0.681732
125,170,0.694921,0.01,0.655063
125,171,0.699802,0.01,0.667322
125,172,0.704605,0.01,0.680735
125,173,0.709332,0.01,0.694619
125,174,0.713982,0.01,0.708521
125,175,0.678283,0.01,0.679863
125,176,0.683431,0.01,0.690612
125,177,0.688496,0.01,0.702556
125,178,0.69348,0.01,0.715029
125,179,0.698384,0.01,0.727587
125,180,0.70321,0.01,0.697295
125,181,0.707959,0.01,0.70687
125,182,0.712631,0.01,0.71771
125,183,0.717229,0.01,0.729149
125,184,0.721753,0.01,0.740739
125,185,0.726205,0.01,0.709286
125,186,0.730586,0.01,0.718034
125,187,0.734897,0.01,0.728103
125,188,0.739138,0.01,0.738824
125,189,0.743312,0.01,0.749745
125,190,0.747419,0.01,0.71749
125,191,0.75146,0.01,0.72567
125,192,0.713887,0.01,0.691622
125,193,0.718465,0.01,0.699529
125,194,0.72297,0.01,0.709435
125,195,0.727402,0.01,0.677284
125,196,0.731764,0.01,0.68642
125,197,0.736056,0.01,0.697401
125,198,0.740279,0.01,0.709354
125,199,0.744434,0.01,0.721692
125,200,0.748523,0.01,0.691353
126,1,0.50632,0.50632,0.52079
126,2,0.513043,0.513043,0.54281
126,3,0.520011,0.520011,0.565173
126,4,0.527115,0.527115,0.587294
126,5,0.534277,0.263557,0.568735
126,6,0.541447,0.266695,0.586821
126,7,0.548586,0.269976,0.605706
126,8,0.521156,0.256478,0.583885
126,9,0.52868,0.260058,0.600071
126,10,0.536124,0.130029,0.576044
126,11,0.543478,0.131619,0.591351
126,12,0.550735,0.133282,0.60833
126,13,0.55789,0.134989,0.626045
126,14,0.564941,0.136716,0.643871
126,15,0.571885,0.068358,0.620199
126,16,0.578724,0.06911,0.634679
126,17,0.585456,0.069897,0.650218
126,18,0.592083,0.070703,0.666123
126,19,0.598606,0.071519,0.681935
126,20,0.605026,0.03576,0.655584
126,21,0.611343,0.036112,0.667985
126,22,0.61756,0.036481,0.681475
126,23,0.623679,0.03686,0.695395
126,24,0.629699,0.037244,0.709304
126,25,0.635623,0.018622,0.680633
126,26,0.641453,0.018786,0.691358
126,27,0.64719,0.018959,0.703271
126,28,0.652834,0.019137,0.715709
126,29,0.658389,0.019318,0.72823
126,30,0.663855,0.01,0.697891
126,31,0.669233,0.01,0.707429
126,32,0.674525,0.01,0.718233
126,33,0.679733,0.01,0.729638
126,34,0.684857,0.01,0.741197
126,35,0.689899,0.01,0.709704
126,36,0.694861,0.01,0.718424
126,37,0.699743,0.01,0.728467
126,38,0.664756,0.01,0.695969
126,39,0.67012,0.01,0.704519
126,40,0.675398,0.01,0.671309
126,41,0.680592,0.01,0.680074
126,42,0.685702,0.01,0.690945
126,43,0.690731,0.01,0.702961
126,44,0.695679,0.01,0.715473
126,45,0.660895,0.01,0.685437
126,46,0.666321,0.01,0.695401
126,47,0.67166,0.01,0.706734
126,48,0.676913,0.01,0.718722
126,49,0.682083,0.01,0.730888
126,50,0.687169,0.01,0.700175
126,51,0.692175,0.01,0.709482
126,52,0.6971,0.01,0.720094
126,53,0.701946,0.01,0.731335
126,54,0.706715,0.01,0.742751
126,55,0.711408,0.01,0.711096
126,56,0.716025,0.01,0.719708
126,57,0.720569,0.01,0.729653
126,58,0.72504,0.01,0.74026
126,59,0.729439,0.01,0.751078
126,60,0.733768,0.01,0.718701
126,61,0.738028,0.01,0.726795
126,62,0.742219,0.01,0.736255
126,63,0.746344,0.01,0.74641
126,64,0.750402,0.01,0.756804
126,65,0.754396,0.01,0.723919
126,66,0.758325,0.01,0.731653
126,67,0.762192,0.01,0.740778
126,68,0.765997,0.01,0.750619
126,69,0.769741,0.01,0.760722
126,70,0.773425,0.01,0.727488
126,71,0.77705,0.01,0.734974
126,72,0.780618,0.01,0.743869
126,73,0.784128,0.01,0.753495
126,74,0.787582,0.01,0.763399
126,75,0.79098,0.01,0.729926
126,76,0.794325,0.01,0.737243
126,77,0.797616,0.01,0.74598
126,78,0.800854,0.01,0.755461
126,79,0.80404,0.01,0.765228
126,80,0.807175,0.01,0.731592
126,81,0.810261,0.01,0.738794
126,82,0.813296,0.01,0.747423
126,83,0.816284,0.01,0.756803
126,84,0.819223,0.01,0.766477
126,85,0.822116,0.01,0.73273
126,86,0.824962,0.01,0.739853
126,87,0.827762,0.01,0.748409
126,88,0.830518,0.01,0.75772
126,89,0.83323,0.01,0.76733
126,90,0.835898,0.01,0.733507
126,91,0.838524,0.01,0.740576
126,92,0.796598,0.01,0.705199
126,93,0.799852,0.01,0.712163
126,94,0.803054,0.01,0.721193
126,95,0.762902,0.01,0.687993
126,96,0.766695,0.01,0.696386
126,97,0.770428,0.01,0.706675
126,98,0.774101,0.01,0.717985
126,99,0.777716,0.01,0.729723
126,100,0.781272,0.01,0.698668
126,101,0.784772,0.01,0.707846
126,102,0.788216,0.01,0.718408
126,103,0.791604,0.01,0.72965
126,104,0.794938,0.01,0.741103
126,105,0.798219,0.01,0.709521
126,106,0.801448,0.01,0.718202
126,107,0.804625,0.01,0.728224
126,108,0.807751,0.01,0.738911
126,109,0.810827,0.01,0.749809
126,110,0.813853,0.01,0.717532
126,111,0.816832,0.01,0.725701
126,112,0.819763,0.01,0.735233
126,113,0.822646,0.01,0.745455
126,114,0.781514,0.01,0.712697
126,115,0.78501,0.01,0.676617
126,116,0.78845,0.01,0.68389
126,117,0.791834,0.01,0.693709
126,118,0.795165,0.01,0.704983
126,119,0.798442,0.01,0.716969
126,120,0.801667,0.01,0.686439
126,121,0.804841,0.01,0.696145
126,122,0.764599,0.01,0.664144
126,123,0.768365,0.01,0.67365
126,124,0.772071,0.01,0.685136
126,125,0.775718,0.01,0.654951
126,126,0.779307,0.01,0.665532
126,127,0.782838,0.01,0.677888
126,128,0.786312,0.01,0.691143
126,129,0.789731,0.01,0.704709
126,130,0.793096,0.01,0.675851
126,131,0.796406,0.01,0.686595
126,132,0.799664,0.01,0.698619
126,133,0.75968,0.01,0.668571
126,134,0.763525,0.01,0.67891
126,135,0.767309,0.01,0.64788
126,136,0.771032,0.01,0.658217
126,137,0.732481,0.01,0.62769
126,138,0.736761,0.01,0.638723
126,139,0.699923,0.01,0.609278
126,140,0.704724,0.01,0.578076
126,141,0.709448,0.01,0.589906
126,142,0.714097,0.01,0.604651
126,143,0.718672,0.01,0.620987
126,144,0.723173,0.01,0.638019
126,145,0.727602,0.01,0.613802
126,146,0.731961,0.01,0.628165
126,147,0.736249,0.01,0.643764
126,148,0.740469,0.01,0.659842
126,149,0.744622,0.01,0.675897
126,150,0.707391,0.01,0.649906
126,151,0.712072,0.01,0.662606
126,152,0.716679,0.01,0.676404
126,153,0.721212,0.01,0.690629
126,154,0.725673,0.01,0.704837
126,155,0.730062,0.01,0.676534
126,156,0.734381,0.01,0.687528
126,157,0.738631,0.01,0.699695
126,158,0.7017,0.01,0.669745
126,159,0.706472,0.01,0.680105
126,160,0.711169,0.01,0.649064
126,161,0.71579,0.01,0.659368
126,162,0.720337,0.01,0.671673
126,163,0.724812,0.01,0.685024
126,164,0.729215,0.01,0.698779
126,165,0.733548,0.01,0.670231
126,166,0.737811,0.01,0.68125
126,167,0.742006,0.01,0.693564
126,168,0.704906,0.01,0.663892
126,169,0.709627,0.01,0.674516
126,170,0.714273,0.01,0.643841
126,171,0.718845,0.01,0.654439
126,172,0.723343,0.01,0.667037
126,173,0.72777,0.01,0.680676
126,174,0.732125,0.01,0.694709
126,175,0.736411,0.01,0.666502
126,176,0.740629,0.01,0.677768
126,177,0.703597,0.01,0.647571
126,178,0.70834,0.01,0.658313
126,179,0.713006,0.01,0.670924
126,180,0.717598,0.01,0.642063
126,181,0.722117,0.01,0.653568
126,182,0.726563,0.01,0.666775
126,183,0.690235,0.01,0.638533
126,184,0.695191,0.01,0.650413
126,185,0.700068,0.01,0.621418
126,186,0.704867,0.01,0.633325
126,187,0.709589,0.01,0.647216
126,188,0.714235,0.01,0.66211
126,189,0.718808,0.01,0.677347
126,190,0.682867,0.01,0.650609
126,191,0.687941,0.01,0.662936
126,192,0.692934,0.01,0.676484
126,193,0.697847,0.01,0.690545
126,194,0.662955,0.01,0.662464
126,195,0.668348,0.01,0.630709
126,196,0.673654,0.01,0.641086
126,197,0.678876,0.01,0.653819
126,198,0.684014,0.01,0.667821
126,199,0.68907,0.01,0.682358
126,200,0.694044,0.01,0.65489
127,1,0.50632,0.50632,0.52079
127,2,0.481004,0.481004,0.5027
127,3,0.488132,0.488132,0.5225
127,4,0.495499,0.495499,0.54384
127,5,0.502994,0.247749,0.525665
127,6,0.510543,0.25108,0.544906
127,7,0.518092,0.254568,0.565416
127,8,0.525605,0.25815,0.586324
127,9,0.533057,0.261777,0.607057
127,10,0.540431,0.130889,0.58681
127,11,0.547716,0.132483,0.603681
127,12,0.554906,0.134145,0.621422
127,13,0.561994,0.135847,0.639361
127,14,0.568979,0.137566,0.657056
127,15,0.575859,0.068783,0.632948
127,16,0.582634,0.06953,0.646932
127,17,0.589304,0.070311,0.661892
127,18,0.595869,0.071112,0.677177
127,19,0.602331,0.071922,0.692355
127,20,0.608691,0.035961,0.665199
127,21,0.61495,0.03631,0.676998
127,22,0.62111,0.036676,0.689908
127,23,0.627171,0.037052,0.703275
127,24,0.633136,0.037433,0.71666
127,25,0.639005,0.018717,0.687353
127,26,0.644781,0.018879,0.697623
127,27,0.650464,0.019051,0.709108
127,28,0.656056,0.019227,0.721147
127,29,0.661559,0.019407,0.733294
127,30,0.666974,0.01,0.702507
127,31,0.672303,0.01,0.711726
127,32,0.677546,0.01,0.722234
127,33,0.682705,0.01,0.733362
127,34,0.687782,0.01,0.744663
127,35,0.692777,0.01,0.712861
127,36,0.697693,0.01,0.721363
127,37,0.70253,0.01,0.731202
127,38,0.707289,0.01,0.741708
127,39,0.711973,0.01,0.752429
127,40,0.716581,0.01,0.719935
127,41,0.721116,0.01,0.727946
127,42,0.68506,0.01,0.693695
127,43,0.690099,0.01,0.701458
127,44,0.695057,0.01,0.711231
127,45,0.699936,0.01,0.678919
127,46,0.704737,0.01,0.687942
127,47,0.709462,0.01,0.698817
127,48,0.71411,0.01,0.710672
127,49,0.718684,0.01,0.722918
127,50,0.723186,0.01,0.69247
127,51,0.727615,0.01,0.702078
127,52,0.731973,0.01,0.71304
127,53,0.736261,0.01,0.724655
127,54,0.740481,0.01,0.736454
127,55,0.744633,0.01,0.705287
127,56,0.748719,0.01,0.714262
127,57,0.75274,0.01,0.724558
127,58,0.756696,0.01,0.735499
127,59,0.760589,0.01,0.746634
127,60,0.764419,0.01,0.71464
127,61,0.768189,0.01,0.72301
127,62,0.771898,0.01,0.732728
127,63,0.775547,0.01,0.743124
127,64,0.779138,0.01,0.753744
127,65,0.782672,0.01,0.72113
127,66,0.786149,0.01,0.729056
127,67,0.789571,0.01,0.738361
127,68,0.792938,0.01,0.748369
127,69,0.796251,0.01,0.758627
127,70,0.799511,0.01,0.72558
127,71,0.802719,0.01,0.733199
127,72,0.805875,0.01,0.742216
127,73,0.808981,0.01,0.751958
127,74,0.812038,0.01,0.761968
127,75,0.815045,0.01,0.728623
127,76,0.818004,0.01,0.73603
127,77,0.820916,0.01,0.744852
127,78,0.823781,0.01,0.75441
127,79,0.826601,0.01,0.76425
127,80,0.829375,0.01,0.730702
127,81,0.832105,0.01,0.737965
127,82,0.7905,0.01,0.702821
127,83,0.793852,0.01,0.70995
127,84,0.79715,0.01,0.719133
127,85,0.800396,0.01,0.686117
127,86,0.80359,0.01,0.694641
127,87,0.806732,0.01,0.705051
127,88,0.809825,0.01,0.716473
127,89,0.812867,0.01,0.728317
127,90,0.815861,0.01,0.697387
127,91,0.818808,0.01,0.706654
127,92,0.821707,0.01,0.717298
127,93,0.824559,0.01,0.728618
127,94,0.827367,0.01,0.740142
127,95,0.830129,0.01,0.708645
127,96,0.832847,0.01,0.717388
127,97,0.835521,0.01,0.727466
127,98,0.838153,0.01,0.738206
127,99,0.840742,0.01,0.749153
127,100,0.84329,0.01,0.716935
127,101,0.845798,0.01,0.725145
127,102,0.848265,0.01,0.734715
127,103,0.850693,0.01,0.744973
127,104,0.853082,0.01,0.755465
127,105,0.855432,0.01,0.722697
127,106,0.857745,0.01,0.730515
127,107,0.860022,0.01,0.739718
127,108,0.81702,0.01,0.706216
127,109,0.819948,0.01,0.714054
127,110,0.822829,0.01,0.679993
127,111,0.825664,0.01,0.688155
127,112,0.828453,0.01,0.698465
127,113,0.831198,0.01,0.709959
127,114,0.833899,0.01,0.721986
127,115,0.792204,0.01,0.691369
127,116,0.795528,0.01,0.700921
127,117,0.7988,0.01,0.711871
127,118,0.802019,0.01,0.723503
127,119,0.805187,0.01,0.735336
127,120,0.808304,0.01,0.704226
127,121,0.811371,0.01,0.713253
127,122,0.814389,0.01,0.723603
127,123,0.817359,0.01,0.7346
127,124,0.820281,0.01,0.745789
127,125,0.823157,0.01,0.713864
127,126,0.825986,0.01,0.722283
127,127,0.82877,0.01,0.73205
127,128,0.83151,0.01,0.742491
127,129,0.789935,0.01,0.709996
127,130,0.793296,0.01,0.674155
127,131,0.796603,0.01,0.681599
127,132,0.799857,0.01,0.691576
127,133,0.803059,0.01,0.702998
127,134,0.806211,0.01,0.715121
127,135,0.809311,0.01,0.684757
127,136,0.812362,0.01,0.694579
127,137,0.815364,0.01,0.705837
127,138,0.818319,0.01,0.717794
127,139,0.821225,0.01,0.729959
127,140,0.824086,0.01,0.699268
127,141,0.8269,0.01,0.708607
127,142,0.82967,0.01,0.719258
127,143,0.832395,0.01,0.730541
127,144,0.835077,0.01,0.742001
127,145,0.837716,0.01,0.710403
127,146,0.840312,0.01,0.719058
127,147,0.842867,0.01,0.729044
127,148,0.845381,0.01,0.739691
127,149,0.847855,0.01,0.750546
127,150,0.85029,0.01,0.718215
127,151,0.852685,0.01,0.726342
127,152,0.855042,0.01,0.735833
127,153,0.857361,0.01,0.746016
127,154,0.859644,0.01,0.756438
127,155,0.861889,0.01,0.723585
127,156,0.864099,0.01,0.731342
127,157,0.866274,0.01,0.740488
127,158,0.82296,0.01,0.706918
127,159,0.825792,0.01,0.714708
127,160,0.82858,0.01,0.680589
127,161,0.831323,0.01,0.68871
127,162,0.834021,0.01,0.698982
127,163,0.79232,0.01,0.667403
127,164,0.795643,0.01,0.677036
127,165,0.798913,0.01,0.645439
127,166,0.80213,0.01,0.65556
127,167,0.805296,0.01,0.667824
127,168,0.808411,0.01,0.681229
127,169,0.811477,0.01,0.695098
127,170,0.814493,0.01,0.666739
127,171,0.817461,0.01,0.677927
127,172,0.820382,0.01,0.69042
127,173,0.823256,0.01,0.703504
127,174,0.826084,0.01,0.716701
127,175,0.828866,0.01,0.687229
127,176,0.831605,0.01,0.697423
127,177,0.834299,0.01,0.708863
127,178,0.83695,0.01,0.720877
127,179,0.839559,0.01,0.733014
127,180,0.842126,0.01,0.702225
127,181,0.844652,0.01,0.71145
127,182,0.847138,0.01,0.721967
127,183,0.849583,0.01,0.733106
127,184,0.85199,0.01,0.74442
127,185,0.854358,0.01,0.712636
127,186,0.856688,0.01,0.72115
127,187,0.858981,0.01,0.731002
127,188,0.861238,0.01,0.741521
127,189,0.863458,0.01,0.752254
127,190,0.865643,0.01,0.719775
127,191,0.867792,0.01,0.727796
127,192,0.869908,0.01,0.737189
127,193,0.871989,0.01,0.747279
127,194,0.874037,0.01,0.757614
127,195,0.876053,0.01,0.724657
127,196,0.878036,0.01,0.73234
127,197,0.879987,0.01,0.741417
127,198,0.881907,0.01,0.751214
127,199,0.883797,0.01,0.761276
127,200,0.885656,0.01,0.727993
128,1,0.50632,0.50632,0.52079
128,2,0.513043,0.513043,0.54281
128,3,0.520011,0.520011,0.565173
128,4,0.49401,0.49401,0.547365
128,5,0.50153,0.247005,0.52524
128,6,0.509102,0.250347,0.542602
128,7,0.516674,0.253848,0.561936
128,8,0.52421,0.257441,0.58215
128,9,0.531684,0.261079,0.602518
128,10,0.53908,0.13054,0.582065
128,11,0.546387,0.13214,0.598944
128,12,0.553598,0.133808,0.61679
128,13,0.560707,0.135514,0.634893
128,14,0.567712,0.137239,0.652788
128,15,0.574613,0.06862,0.628958
128,16,0.581407,0.06937,0.643165
128,17,0.588097,0.070153,0.658349
128,18,0.594682,0.070956,0.673853
128,19,0.601163,0.071769,0.689243
128,20,0.607542,0.035884,0.662348
128,21,0.613819,0.036234,0.674335
128,22,0.619997,0.036602,0.687424
128,23,0.626076,0.036979,0.700959
128,24,0.632058,0.037361,0.714501
128,25,0.637944,0.018681,0.685384
128,26,0.643737,0.018844,0.695789
128,27,0.649437,0.019016,0.707401
128,28,0.655046,0.019193,0.719557
128,29,0.660565,0.019373,0.731814
128,30,0.665996,0.01,0.701158
128,31,0.67134,0.01,0.710471
128,32,0.676598,0.01,0.721066
128,33,0.681773,0.01,0.732275
128,34,0.686864,0.01,0.743651
128,35,0.691875,0.01,0.71194
128,36,0.696805,0.01,0.720505
128,37,0.701656,0.01,0.730404
128,38,0.706429,0.01,0.740965
128,39,0.711126,0.01,0.751738
128,40,0.715748,0.01,0.719306
128,41,0.720296,0.01,0.72736
128,42,0.724772,0.01,0.736783
128,43,0.729175,0.01,0.746901
128,44,0.733508,0.01,0.757262
128,45,0.737772,0.01,0.724337
128,46,0.741968,0.01,0.732042
128,47,0.746096,0.01,0.74114
128,48,0.750159,0.01,0.750956
128,49,0.754156,0.01,0.761036
128,50,0.75809,0.01,0.727774
128,51,0.76196,0.01,0.735241
128,52,0.765769,0.01,0.744117
128,53,0.769517,0.01,0.753726
128,54,0.773204,0.01,0.763614
128,55,0.776833,0.01,0.730122
128,56,0.780404,0.01,0.737426
128,57,0.783917,0.01,0.74615
128,58,0.787375,0.01,0.755618
128,59,0.790777,0.01,0.765374
128,60,0.794124,0.01,0.731726
128,61,0.797418,0.01,0.738918
128,62,0.80066,0.01,0.747539
128,63,0.803849,0.01,0.756911
128,64,0.806987,0.01,0.766577
128,65,0.810076,0.01,0.732821
128,66,0.813114,0.01,0.739938
128,67,0.816105,0.01,0.748488
128,68,0.819047,0.01,0.757794
128,69,0.821942,0.01,0.767399
128,70,0.824791,0.01,0.73357
128,71,0.827594,0.01,0.740634
128,72,0.830353,0.01,0.749136
128,73,0.833067,0.01,0.758397
128,74,0.835738,0.01,0.76796
128,75,0.838366,0.01,0.734081
128,76,0.840953,0.01,0.74111
128,77,0.843497,0.01,0.749578
128,78,0.846001,0.01,0.758809
128,79,0.848465,0.01,0.768343
128,80,0.85089,0.01,0.73443
128,81,0.853276,0.01,0.741435
128,82,0.855623,0.01,0.749881
128,83,0.857933,0.01,0.75909
128,84,0.860206,0.01,0.768605
128,85,0.862443,0.01,0.734669
128,86,0.864644,0.01,0.741657
128,87,0.86681,0.01,0.750087
128,88,0.868941,0.01,0.759283
128,89,0.871038,0.01,0.768784
128,90,0.873101,0.01,0.734831
128,91,0.875131,0.01,0.741808
128,92,0.877129,0.01,0.750228
128,93,0.879095,0.01,0.759414
128,94,0.88103,0.01,0.768906
128,95,0.882933,0.01,0.734943
128,96,0.884806,0.01,0.741912
128,97,0.886649,0.01,0.750325
128,98,0.888463,0.01,0.759504
128,99,0.890248,0.01,0.76899
128,100,0.892004,0.01,0.735019
128,101,0.893732,0.01,0.741982
128,102,0.895432,0.01,0.750391
128,103,0.897105,0.01,0.759565
128,104,0.898751,0.01,0.769047
128,105,0.900371,0.01,0.735071
128,106,0.901965,0.01,0.742031
128,107,0.903534,0.01,0.750436
128,108,0.905077,0.01,0.759607
128,109,0.906596,0.01,0.769086
128,110,0.908091,0.01,0.735106
128,111,0.909561,0.01,0.742064
128,112,0.864083,0.01,0.706554
128,113,0.866258,0.01,0.713424
128,114,0.868398,0.01,0.722366
128,115,0.870503,0.01,0.689061
128,116,0.872575,0.01,0.697381
128,117,0.874614,0.01,0.707601
128,118,0.830883,0.01,0.675767
128,119,0.833589,0.01,0.685089
128,120,0.836252,0.01,0.653026
128,121,0.838872,0.01,0.662752
128,122,0.84145,0.01,0.674609
128,123,0.843987,0.01,0.687608
128,124,0.846483,0.01,0.70108
128,125,0.848939,0.01,0.672229
128,126,0.851356,0.01,0.683058
128,127,0.853734,0.01,0.695211
128,128,0.856075,0.01,0.707974
128,129,0.858377,0.01,0.720867
128,130,0.860643,0.01,0.691031
128,131,0.862873,0.01,0.700965
128,132,0.865067,0.01,0.712162
128,133,0.867226,0.01,0.723949
128,134,0.86935,0.01,0.735874
128,135,0.871441,0.01,0.704831
128,136,0.873498,0.01,0.713875
128,137,0.875522,0.01,0.724224
128,138,0.877513,0.01,0.735208
128,139,0.879473,0.01,0.746375
128,140,0.8355,0.01,0.714417
128,141,0.838132,0.01,0.722808
128,142,0.840721,0.01,0.732545
128,143,0.84327,0.01,0.742957
128,144,0.845778,0.01,0.753591
128,145,0.848245,0.01,0.720993
128,146,0.850673,0.01,0.728929
128,147,0.80814,0.01,0.694591
128,148,0.811209,0.01,0.702291
128,149,0.81423,0.01,0.712006
128,150,0.817202,0.01,0.679625
128,151,0.820127,0.01,0.688599
128,152,0.823005,0.01,0.699428
128,153,0.825837,0.01,0.711241
128,154,0.828624,0.01,0.723448
128,155,0.831366,0.01,0.692952
128,156,0.834064,0.01,0.702527
128,157,0.836719,0.01,0.713457
128,158,0.839331,0.01,0.725044
128,159,0.841902,0.01,0.736816
128,160,0.844431,0.01,0.705616
128,161,0.846921,0.01,0.714568
128,162,0.84937,0.01,0.724843
128,163,0.85178,0.01,0.735765
128,164,0.854151,0.01,0.746881
128,165,0.856485,0.01,0.714865
128,166,0.858781,0.01,0.723219
128,167,0.861041,0.01,0.732923
128,168,0.863264,0.01,0.743305
128,169,0.865452,0.01,0.753913
128,170,0.867605,0.01,0.721284
128,171,0.869723,0.01,0.729199
128,172,0.871807,0.01,0.738494
128,173,0.873859,0.01,0.748493
128,174,0.875877,0.01,0.758743
128,175,0.877863,0.01,0.725685
128,176,0.879817,0.01,0.733296
128,177,0.88174,0.01,0.742307
128,178,0.883632,0.01,0.752042
128,179,0.885494,0.01,0.762046
128,180,0.887326,0.01,0.728694
128,181,0.889129,0.01,0.736097
128,182,0.890903,0.01,0.744914
128,183,0.892648,0.01,0.754468
128,184,0.894366,0.01,0.764304
128,185,0.896056,0.01,0.730751
128,186,0.897719,0.01,0.73801
128,187,0.899356,0.01,0.746694
128,188,0.900966,0.01,0.756125
128,189,0.902551,0.01,0.765846
128,190,0.90411,0.01,0.732155
128,191,0.905644,0.01,0.739318
128,192,0.907154,0.01,0.747911
128,193,0.908639,0.01,0.757257
128,194,0.910101,0.01,0.766899
128,195,0.911539,0.01,0.733115
128,196,0.912955,0.01,0.74021
128,197,0.914347,0.01,0.748742
128,198,0.915718,0.01,0.75803
128,199,0.917066,0.01,0.767619
128,200,0.871213,0.01,0.73377
129,1,0.50632,0.50632,0.52079
129,2,0.513043,0.513043,0.54281
129,3,0.520011,0.520011,0.565173
129,4,0.527115,0.527115,0.587294
129,5,0.534277,0.263557,0.568735
129,6,0.541447,0.266695,0.586821
129,7,0.548586,0.269976,0.605706
129,8,0.55567,0.273341,0.624716
129,9,0.562682,0.276746,0.643414
129,10,0.534548,0.262909,0.62051
129,11,0.541928,0.266547,0.635351
129,12,0.514831,0.25322,0.609294
129,13,0.522547,0.25706,0.62288
129,14,0.530153,0.260871,0.638082
129,15,0.537647,0.130436,0.612273
129,16,0.545028,0.132078,0.625909
129,17,0.552297,0.133775,0.641081
129,18,0.559452,0.135502,0.656937
129,19,0.566495,0.137241,0.672909
129,20,0.573427,0.068621,0.646917
129,21,0.58025,0.069374,0.659685
129,22,0.586964,0.07016,0.673587
129,23,0.593571,0.070965,0.68794
129,24,0.600073,0.071778,0.702286
129,25,0.606471,0.035889,0.674166
129,26,0.612767,0.036239,0.685301
129,27,0.618962,0.036607,0.697606
129,28,0.625059,0.036984,0.710418
129,29,0.631058,0.037366,0.723293
129,30,0.636961,0.018683,0.693381
129,31,0.642769,0.018846,0.703226
129,32,0.648485,0.019018,0.714318
129,33,0.654109,0.019195,0.725991
129,34,0.659643,0.019375,0.7378
129,35,0.665089,0.01,0.706608
129,36,0.670448,0.01,0.715542
129,37,0.67572,0.01,0.725784
129,38,0.680909,0.01,0.736665
129,39,0.686014,0.01,0.747736
129,40,0.691038,0.01,0.71566
129,41,0.695981,0.01,0.723967
129,42,0.700846,0.01,0.733626
129,43,0.705632,0.01,0.743963
129,44,0.710342,0.01,0.754528
129,45,0.714977,0.01,0.721847
129,46,0.719537,0.01,0.729725
129,47,0.724024,0.01,0.738983
129,48,0.72844,0.01,0.748949
129,49,0.732785,0.01,0.759168
129,50,0.73706,0.01,0.726073
129,51,0.741267,0.01,0.733657
129,52,0.745407,0.01,0.742643
129,53,0.749481,0.01,0.752355
129,54,0.753489,0.01,0.762338
129,55,0.757433,0.01,0.72896
129,56,0.719561,0.01,0.692049
129,57,0.724049,0.01,0.698576
129,58,0.728464,0.01,0.707604
129,59,0.732808,0.01,0.718073
129,60,0.737083,0.01,0.686199
129,61,0.74129,0.01,0.695267
129,62,0.745429,0.01,0.706019
129,63,0.749503,0.01,0.717643
129,64,0.75351,0.01,0.729594
129,65,0.757454,0.01,0.698726
129,66,0.761335,0.01,0.707993
129,67,0.765154,0.01,0.718609
129,68,0.768911,0.01,0.729883
129,69,0.772609,0.01,0.741351
129,70,0.776247,0.01,0.709776
129,71,0.779827,0.01,0.718456
129,72,0.78335,0.01,0.728471
129,73,0.786816,0.01,0.739149
129,74,0.790227,0.01,0.750035
129,75,0.793583,0.01,0.717743
129,76,0.796886,0.01,0.7259
129,77,0.800136,0.01,0.73542
129,78,0.803334,0.01,0.74563
129,79,0.80648,0.01,0.756077
129,80,0.809577,0.01,0.723256
129,81,0.812624,0.01,0.731035
129,82,0.815622,0.01,0.740202
129,83,0.818572,0.01,0.750083
129,84,0.777643,0.01,0.716916
129,85,0.781201,0.01,0.680462
129,86,0.784702,0.01,0.687469
129,87,0.788146,0.01,0.697041
129,88,0.791536,0.01,0.708084
129,89,0.794871,0.01,0.719855
129,90,0.798153,0.01,0.689069
129,91,0.801383,0.01,0.698592
129,92,0.804561,0.01,0.709572
129,93,0.764333,0.01,0.678349
129,94,0.768103,0.01,0.687905
129,95,0.771814,0.01,0.655976
129,96,0.733223,0.01,0.621941
129,97,0.737492,0.01,0.631427
129,98,0.741692,0.01,0.643779
129,99,0.745825,0.01,0.657743
129,100,0.749891,0.01,0.630377
129,101,0.753893,0.01,0.642862
129,102,0.757831,0.01,0.65693
129,103,0.761706,0.01,0.671737
129,104,0.765518,0.01,0.686717
129,105,0.76927,0.01,0.659527
129,106,0.772962,0.01,0.671437
129,107,0.776594,0.01,0.684536
129,108,0.780169,0.01,0.698137
129,109,0.783686,0.01,0.711782
129,110,0.787147,0.01,0.68282
129,111,0.790553,0.01,0.693357
129,112,0.793904,0.01,0.705105
129,113,0.797201,0.01,0.717398
129,114,0.800446,0.01,0.72979
129,115,0.803639,0.01,0.6993
129,116,0.806781,0.01,0.708734
129,117,0.809872,0.01,0.719444
129,118,0.812914,0.01,0.730762
129,119,0.815908,0.01,0.74224
129,120,0.775112,0.01,0.710652
129,121,0.778711,0.01,0.719305
129,122,0.782251,0.01,0.729287
129,123,0.743139,0.01,0.696715
129,124,0.747248,0.01,0.705212
129,125,0.751292,0.01,0.67194
129,126,0.755272,0.01,0.680662
129,127,0.759187,0.01,0.691492
129,128,0.76304,0.01,0.70347
129,129,0.766832,0.01,0.715946
129,130,0.770562,0.01,0.685868
129,131,0.774233,0.01,0.695802
129,132,0.777846,0.01,0.707107
129,133,0.7814,0.01,0.71907
129,134,0.784898,0.01,0.731211
129,135,0.788339,0.01,0.700469
129,136,0.791726,0.01,0.709756
129,137,0.795058,0.01,0.720349
129,138,0.798337,0.01,0.731572
129,139,0.801564,0.01,0.742971
129,140,0.804739,0.01,0.711297
129,141,0.807863,0.01,0.719895
129,142,0.810937,0.01,0.729827
129,143,0.813962,0.01,0.740422
129,144,0.816939,0.01,0.751229
129,145,0.819868,0.01,0.718838
129,146,0.82275,0.01,0.726922
129,147,0.825586,0.01,0.736374
129,148,0.828377,0.01,0.74652
129,149,0.831123,0.01,0.756907
129,150,0.833825,0.01,0.724013
129,151,0.836484,0.01,0.73174
129,152,0.8391,0.01,0.740859
129,153,0.841674,0.01,0.750694
129,154,0.844207,0.01,0.760792
129,155,0.8467,0.01,0.727552
129,156,0.849153,0.01,0.735034
129,157,0.851566,0.01,0.743924
129,158,0.853941,0.01,0.753547
129,159,0.856278,0.01,0.763447
129,160,0.858578,0.01,0.72997
129,161,0.860841,0.01,0.737284
129,162,0.863067,0.01,0.746018
129,163,0.865258,0.01,0.755496
129,164,0.867414,0.01,0.76526
129,165,0.869535,0.01,0.731622
129,166,0.871623,0.01,0.738821
129,167,0.873677,0.01,0.747449
129,168,0.875698,0.01,0.756827
129,169,0.877687,0.01,0.766499
129,170,0.879644,0.01,0.73275
129,171,0.88157,0.01,0.739872
129,172,0.883464,0.01,0.748426
129,173,0.885329,0.01,0.757737
129,174,0.887164,0.01,0.767346
129,175,0.888969,0.01,0.733521
129,176,0.890746,0.01,0.740589
129,177,0.892494,0.01,0.749094
129,178,0.894214,0.01,0.758358
129,179,0.895906,0.01,0.767924
129,180,0.897572,0.01,0.734048
129,181,0.899211,0.01,0.741079
129,182,0.900823,0.01,0.74955
129,183,0.90241,0.01,0.758782
129,184,0.903972,0.01,0.768319
129,185,0.905508,0.01,0.734407
129,186,0.90702,0.01,0.741414
129,187,0.908508,0.01,0.749861
129,188,0.909971,0.01,0.759072
129,189,0.911412,0.01,0.768588
129,190,0.912829,0.01,0.734653
129,191,0.914224,0.01,0.741642
129,192,0.915596,0.01,0.750074
129,193,0.916947,0.01,0.75927
129,194,0.918276,0.01,0.768773
129,195,0.919583,0.01,0.734821
129,196,0.92087,0.01,0.741798
129,197,0.922136,0.01,0.750219
129,198,0.923382,0.01,0.759405
129,199,0.924608,0.01,0.768898
129,200,0.925814,0.01,0.734936
