seed,round,honest,slash
42,1,0.5063199999999999,0.0
42,2,0.5130428800000001,0.0
42,3,0.5200109939199999,0.0
42,4,0.5271145780172798,0.0
42,5,0.5342773767690033,0.0
42,6,0.5414465811406994,0.1
42,7,0.5485857855224482,0.1
42,8,0.555670057730089,0.1
42,9,0.5626824881496075,0.1
42,10,0.5696117742794539,0.1
42,11,0.5411311855654811,0.1
42,12,0.5484256307546015,0.19
42,13,0.5556176015732455,0.19
42,14,0.5627044665855758,0.19
42,15,0.5696849177664582,0.19
42,16,0.5765585649345709,0.19
42,17,0.5833256519922811,0.19
42,18,0.589986858428069,0.271
42,19,0.596543160500585,0.271
42,20,0.6029957341977311,0.271
42,21,0.6093458874361762,0.271
42,22,0.6155950127271235,0.271
42,23,0.6217445541664379,0.271
42,24,0.6277959844498388,0.34390000000000004
42,25,0.6337507889036861,0.34390000000000004
42,26,0.6396104544247583,0.34390000000000004
42,27,0.6453764618544341,0.34390000000000004
42,28,0.6510502807550934,0.34390000000000004
42,29,0.6566333658662431,0.34390000000000004
42,30,0.623801697572931,0.34390000000000004
42,31,0.6298207931340258,0.34390000000000004
42,32,0.6357436063494647,0.34390000000000004
42,33,0.6415716707817815,0.34390000000000004
42,34,0.6473064975430088,0.34390000000000004
42,35,0.6529495750279358,0.34390000000000004
42,36,0.6585023688394195,0.40951000000000004
42,37,0.66396632184634,0.40951000000000004
42,38,0.6693428543326443,0.40951000000000004
42,39,0.6746333642084144,0.40951000000000004
42,40,0.679839227262644,0.40951000000000004
42,41,0.6849617974435368,0.40951000000000004
42,42,0.6900024071564069,0.46855900000000006
42,43,0.6555022867985867,0.46855900000000006
42,44,0.6610142491401858,0.46855900000000006
42,45,0.6664380204052065,0.46855900000000006
42,46,0.6717750115546078,0.46855900000000006
42,47,0.6770266110028531,0.46855900000000006
42,48,0.6821941849699907,0.46855900000000006
42,49,0.6872790778306993,0.46855900000000006
42,50,0.692282612459568,0.46855900000000006
42,51,0.6972060905721269,0.46855900000000006
42,52,0.702050793061311,0.46855900000000006
42,53,0.706817980329167,0.46855900000000006
42,54,0.7115088926136861,0.46855900000000006
42,55,0.7161247503107171,0.46855900000000006
42,56,0.7206667542909406,0.46855900000000006
42,57,0.7251360862119222,0.46855900000000006
42,58,0.729533908825277,0.46855900000000006
42,59,0.6930572133840132,0.46855900000000006
42,60,0.6979682979647908,0.46855900000000006
42,61,0.7028008051937994,0.46855900000000006
42,62,0.7075559923082103,0.46855900000000006
42,63,0.7122350964295372,0.46855900000000006
42,64,0.7168393348854455,0.46855900000000006
42,65,0.7213699055264248,0.46855900000000006
42,66,0.7258279870374046,0.46855900000000006
42,67,0.7302147392443878,0.46855900000000006
42,68,0.7345313034161849,0.46855900000000006
42,69,0.7387788025613211,0.46855900000000006
42,70,0.7429583417201966,0.46855900000000006
42,71,0.7470710082525729,0.46855900000000006
42,72,0.7511178721204615,0.46855900000000006
42,73,0.7135619785144385,0.46855900000000006
42,74,0.7181449868581582,0.46855900000000006
42,75,0.7226546670683931,0.46855900000000006
42,76,0.7270921923952748,0.46855900000000006
42,77,0.7314587173169336,0.46855900000000006
42,78,0.7357553778398508,0.46855900000000006
42,79,0.7399832917944046,0.46855900000000006
42,80,0.7441435591256884,0.46855900000000006
42,81,0.7482372621796733,0.46855900000000006
42,82,0.7522654659847958,0.46855900000000006
42,83,0.756229218529037,0.46855900000000006
42,84,0.760129551032571,0.46855900000000006
42,85,0.7639674782160488,0.46855900000000006
42,86,0.7677439985645914,0.46855900000000006
42,87,0.7714600945875575,0.46855900000000006
42,88,0.7751167330741563,0.46855900000000006
42,89,0.7787148653449696,0.46855900000000006
42,90,0.7822554274994499,0.46855900000000006
42,91,0.7857393406594585,0.46855900000000006
42,92,0.789167511208907,0.46855900000000006
42,93,0.7925408310295643,0.46855900000000006
42,94,0.7958601777330914,0.46855900000000006
42,95,0.799126414889362,0.46855900000000006
42,96,0.8023403922511321,0.46855900000000006
42,97,0.805502945975114,0.46855900000000006
42,98,0.808614898839512,0.46855900000000006
42,99,0.7681841538975365,0.46855900000000006
42,100,0.7718932074351759,0.46855900000000006
42,101,0.733298547063417,0.46855900000000006
42,102,0.7375657703104024,0.46855900000000006
42,103,0.7417647179854361,0.46855900000000006
42,104,0.7458964824976689,0.46855900000000006
42,105,0.7499621387777065,0.46855900000000006
42,106,0.7539627445572632,0.46855900000000006
42,107,0.7578993406443468,0.46855900000000006
42,108,0.7617729511940372,0.46855900000000006
42,109,0.7655845839749327,0.46855900000000006
42,110,0.7693352306313337,0.46855900000000006
42,111,0.7730258669412324,0.46855900000000006
42,112,0.7766574530701728,0.46855900000000006
42,113,0.78023093382105,0.46855900000000006
42,114,0.7837472388799133,0.46855900000000006
42,115,0.7872072830578346,0.46855900000000006
42,116,0.7906119665289093,0.46855900000000006
42,117,0.7939621750644468,0.46855900000000006
42,118,0.7972587802634157,0.46855900000000006
42,119,0.800502639779201,0.46855900000000006
42,120,0.8036945975427339,0.46855900000000006
42,121,0.8068354839820501,0.46855900000000006
42,122,0.8099261162383373,0.46855900000000006
42,123,0.8129672983785239,0.46855900000000006
42,124,0.8159598216044675,0.46855900000000006
42,125,0.8189044644587959,0.46855900000000006
42,126,0.821801993027455,0.46855900000000006
42,127,0.8246531611390159,0.46855900000000006
42,128,0.8274587105607918,0.46855900000000006
42,129,0.7860857750327519,0.46855900000000006
42,130,0.7895084026322279,0.46855900000000006
42,131,0.7928762681901124,0.46855900000000006
42,132,0.7961902478990706,0.46855900000000006
42,133,0.7994512039326854,0.46855900000000006
42,134,0.8026599846697625,0.46855900000000006
42,135,0.8058174249150463,0.46855900000000006
42,136,0.8089243461164056,0.46855900000000006
42,137,0.811981556578543,0.46855900000000006
42,138,0.8149898516732863,0.46855900000000006
42,139,0.8179500140465137,0.46855900000000006
42,140,0.8208628138217694,0.46855900000000006
42,141,0.8237290088006212,0.46855900000000006
42,142,0.8265493446598112,0.46855900000000006
42,143,0.8293245551452543,0.46855900000000006
42,144,0.8320553622629301,0.46855900000000006
42,145,0.8347424764667233,0.46855900000000006
42,146,0.7930053526433871,0.46855900000000006
42,147,0.7963172670010931,0.46855900000000006
42,148,0.7995761907290755,0.46855900000000006
42,149,0.8027829716774104,0.46855900000000006
42,150,0.8059384441305717,0.46855900000000006
42,151,0.8090434290244826,0.46855900000000006
42,152,0.8120987341600909,0.46855900000000006
42,153,0.8151051544135294,0.46855900000000006
42,154,0.818063471942913,0.46855900000000006
42,155,0.8209744563918264,0.46855900000000006
42,156,0.8238388650895571,0.46855900000000006
42,157,0.8266574432481242,0.46855900000000006
42,158,0.8294309241561543,0.46855900000000006
42,159,0.8321600293696557,0.46855900000000006
42,160,0.8348454688997412,0.46855900000000006
42,161,0.8374879413973455,0.46855900000000006
42,162,0.8400881343349879,0.46855900000000006
42,163,0.8426467241856279,0.46855900000000006
42,164,0.845164376598658,0.46855900000000006
42,165,0.8476417465730794,0.46855900000000006
42,166,0.8500794786279101,0.46855900000000006
42,167,0.8524782069698636,0.46855900000000006
42,168,0.8548385556583458,0.46855900000000006
42,169,0.8120966278754287,0.46855900000000006
42,170,0.8151030818294217,0.46855900000000006
42,171,0.8180614325201511,0.46855900000000006
42,172,0.7771583608941433,0.46855900000000006
42,173,0.7807238271198372,0.46855900000000006
42,174,0.7842322458859198,0.46855900000000006
42,175,0.7876845299517451,0.46855900000000006
42,176,0.7910815774725172,0.46855900000000006
42,177,0.794424272232957,0.46855900000000006
42,178,0.7977134838772295,0.46855900000000006
42,179,0.800950068135194,0.46855900000000006
42,180,0.8041348670450308,0.46855900000000006
42,181,0.8072687091723104,0.46855900000000006
42,182,0.8103524098255533,0.46855900000000006
42,183,0.8133867712683445,0.46855900000000006
42,184,0.8163725829280508,0.46855900000000006
42,185,0.819310621601202,0.46855900000000006
42,186,0.8222016516555829,0.46855900000000006
42,187,0.8250464252290935,0.46855900000000006
42,188,0.8278456824254281,0.46855900000000006
42,189,0.8306001515066213,0.46855900000000006
42,190,0.8333105490825152,0.46855900000000006
42,191,0.8359775802971952,0.46855900000000006
42,192,0.83860193901244,0.46855900000000006
42,193,0.841184307988241,0.46855900000000006
42,194,0.8437253590604291,0.46855900000000006
42,195,0.8462257533154622,0.46855900000000006
42,196,0.8486861412624147,0.46855900000000006
42,197,0.8511071630022162,0.46855900000000006
42,198,0.8534894483941807,0.46855900000000006
42,199,0.8558336172198737,0.46855900000000006
42,200,0.8581402793443559,0.46855900000000006
43,1,0.5063199999999999,0.0
43,2,0.5130428800000001,0.0
43,3,0.5200109939199999,0.0
43,4,0.5271145780172798,0.0
43,5,0.5342773767690033,0.0
43,6,0.5414465811406994,0.1
43,7,0.5485857855224482,0.1
43,8,0.555670057730089,0.1
43,9,0.5278865548435847,0.1
43,10,0.5353435213092872,0.1
43,11,0.5427102309085787,0.1
43,12,0.5499794113722094,0.19
43,13,0.5571465217009716,0.19
43,14,0.5642089239912583,0.19
43,15,0.5711653038536497,0.19
43,16,0.5780152648443675,0.19
43,17,0.5847590447035209,0.19
43,18,0.5913973168559289,0.271
43,19,0.5979310515935989,0.271
43,20,0.6043614190332569,0.271
43,21,0.6106897213143336,0.271
43,22,0.6169173452632305,0.271
43,23,0.6230457293819672,0.271
43,24,0.6290763408619194,0.34390000000000004
43,25,0.6350106596131734,0.34390000000000004
43,26,0.6408501672028939,0.34390000000000004
43,27,0.6465963392281193,0.34390000000000004
43,28,0.6522506400908,0.34390000000000004
43,29,0.6578145194525782,0.34390000000000004
43,30,0.6632894098635989,0.40951000000000004
43,31,0.6301249393704189,0.40951000000000004
43,32,0.6360428862460755,0.40951000000000004
43,33,0.6418661622000467,0.40951000000000004
43,34,0.6475962770985817,0.40951000000000004
43,35,0.6532347181106195,0.40951000000000004
43,36,0.6587829496327801,0.46855900000000006
43,37,0.664242413347007,0.46855900000000006
43,38,0.6696145283693007,0.46855900000000006
43,39,0.6749006914604843,0.46855900000000006
43,40,0.6801022772786809,0.46855900000000006
43,41,0.685220638659317,0.46855900000000006
43,42,0.6902571069127347,0.46855900000000006
43,43,0.6952129921325075,0.46855900000000006
43,44,0.7000895835096511,0.46855900000000006
43,45,0.7048881496493812,0.46855900000000006
43,46,0.7096099388881101,0.46855900000000006
43,47,0.7142561796090838,0.46855900000000006
43,48,0.7188280805555669,0.46855900000000006
43,49,0.7233268311408378,0.46855900000000006
43,50,0.7277536017544961,0.46855900000000006
43,51,0.7321095440647626,0.46855900000000006
43,52,0.7363957913165633,0.46855900000000006
43,53,0.740613458625284,0.46855900000000006
43,54,0.7447636432661294,0.46855900000000006
43,55,0.7488474249590665,0.46855900000000006
43,56,0.7528658661493581,0.46855900000000006
43,57,0.7568200122837139,0.46855900000000006
43,58,0.7607108920820964,0.46855900000000006
43,59,0.764539517805228,0.46855900000000006
43,60,0.7683068855178561,0.46855900000000006
43,61,0.7720139753478286,0.46855900000000006
43,62,0.775661751741044,0.46855900000000006
43,63,0.7792511637123338,0.46855900000000006
43,64,0.782783145092339,0.46855900000000006
43,65,0.7862586147704433,0.46855900000000006
43,66,0.7896784769338235,0.46855900000000006
43,67,0.7930436213026775,0.46855900000000006
43,68,0.7963549233616912,0.46855900000000006
43,69,0.7996132445878036,0.46855900000000006
43,70,0.8028194326743285,0.46855900000000006
43,71,0.8059743217514901,0.46855900000000006
43,72,0.8090787326034319,0.46855900000000006
43,73,0.8121334728817529,0.46855900000000006
43,74,0.8151393373156279,0.46855900000000006
43,75,0.818097107918566,0.46855900000000006
43,76,0.8210075541918606,0.46855900000000006
43,77,0.8238714333247851,0.46855900000000006
43,78,0.8266894903915845,0.46855900000000006
43,79,0.8294624585453162,0.46855900000000006
43,80,0.8321910592085893,0.46855900000000006
43,81,0.8348760022612502,0.46855900000000006
43,82,0.8375179862250693,0.46855900000000006
43,83,0.8401176984454676,0.46855900000000006
43,84,0.798111813523194,0.46855900000000006
43,85,0.8013420245068226,0.46855900000000006
43,86,0.804520552114713,0.46855900000000006
43,87,0.8076482232808774,0.46855900000000006
43,88,0.8107258517083832,0.46855900000000006
43,89,0.7701895591229639,0.46855900000000006
43,90,0.7738665261769963,0.46855900000000006
43,91,0.7774846617581642,0.46855900000000006
43,92,0.7810449071700336,0.46855900000000006
43,93,0.784548188655313,0.46855900000000006
43,94,0.7879954176368279,0.46855900000000006
43,95,0.7913874909546388,0.46855900000000006
43,96,0.7947252910993645,0.46855900000000006
43,97,0.7980096864417747,0.46855900000000006
43,98,0.8012415314587062,0.46855900000000006
43,99,0.804421666955367,0.46855900000000006
43,100,0.8075509202840812,0.46855900000000006
43,101,0.8106301055595357,0.46855900000000006
43,102,0.8136600238705831,0.46855900000000006
43,103,0.772977022677054,0.46855900000000006
43,104,0.7766093903142213,0.46855900000000006
43,105,0.7801836400691935,0.46855900000000006
43,106,0.7837007018280866,0.46855900000000006
43,107,0.7871614905988371,0.46855900000000006
43,108,0.7905669067492556,0.46855900000000006
43,109,0.7939178362412675,0.46855900000000006
43,110,0.7972151508614073,0.46855900000000006
43,111,0.8004597084476247,0.46855900000000006
43,112,0.8036523531124627,0.46855900000000006
43,113,0.8067939154626632,0.46855900000000006
43,114,0.8098852128152607,0.46855900000000006
43,115,0.8129270494102165,0.46855900000000006
43,116,0.8159202166196531,0.46855900000000006
43,117,0.8188654931537387,0.46855900000000006
43,118,0.8217636452632788,0.46855900000000006
43,119,0.8246154269390665,0.46855900000000006
43,120,0.8274215801080412,0.46855900000000006
43,121,0.8301828348263127,0.46855900000000006
43,122,0.8328999094690918,0.46855900000000006
43,123,0.8355735109175862,0.46855900000000006
43,124,0.8382043347429049,0.46855900000000006
43,125,0.7962941180057597,0.46855900000000006
43,126,0.7995534121176675,0.46855900000000006
43,127,0.8027605575237848,0.46855900000000006
43,128,0.8059163886034042,0.46855900000000006
43,129,0.8090217263857499,0.46855900000000006
43,130,0.8120773787635779,0.46855900000000006
43,131,0.8150841407033607,0.46855900000000006
43,132,0.8180427944521069,0.46855900000000006
43,133,0.8209541097408731,0.46855900000000006
43,134,0.7799064042538294,0.46855900000000006
43,135,0.7834279017857683,0.46855900000000006
43,136,0.786893055357196,0.46855900000000006
43,137,0.7903027664714808,0.46855900000000006
43,138,0.7936579222079372,0.46855900000000006
43,139,0.7969593954526102,0.46855900000000006
43,140,0.8002080451253685,0.46855900000000006
43,141,0.8034047164033625,0.46855900000000006
43,142,0.8065502409409089,0.46855900000000006
43,143,0.8096454370858541,0.46855900000000006
43,144,0.8126911100924804,0.46855900000000006
43,145,0.8156880523310008,0.46855900000000006
43,146,0.8186370434937048,0.46855900000000006
43,147,0.8215388507978055,0.46855900000000006
43,148,0.8243942291850408,0.46855900000000006
43,149,0.8272039215180801,0.46855900000000006
43,150,0.8299686587737908,0.46855900000000006
43,151,0.8326891602334101,0.46855900000000006
43,152,0.8353661336696756,0.46855900000000006
43,153,0.8380002755309608,0.46855900000000006
43,154,0.7961002617544127,0.46855900000000006
43,155,0.7562952486666921,0.46855900000000006
43,156,0.760194524688025,0.46855900000000006
43,157,0.7640314122930165,0.46855900000000006
43,158,0.7678069096963283,0.46855900000000006
43,159,0.7715219991411871,0.46855900000000006
43,160,0.775177647154928,0.46855900000000006
43,161,0.778774804800449,0.46855900000000006
43,162,0.7823144079236419,0.46855900000000006
43,163,0.7857973773968636,0.46855900000000006
43,164,0.7892246193585138,0.46855900000000006
43,165,0.7925970254487777,0.46855900000000006
43,166,0.7959154730415972,0.46855900000000006
43,167,0.7991808254729316,0.46855900000000006
43,168,0.8023939322653646,0.46855900000000006
43,169,0.8055556293491188,0.46855900000000006
43,170,0.8086667392795329,0.46855900000000006
43,171,0.8117280714510604,0.46855900000000006
43,172,0.8147404223078436,0.46855900000000006
43,173,0.817704575550918,0.46855900000000006
43,174,0.8206213023421032,0.46855900000000006
43,175,0.8234913615046298,0.46855900000000006
43,176,0.7823167934293982,0.46855900000000006
43,177,0.7857997247345276,0.46855900000000006
43,178,0.7892269291387752,0.46855900000000006
43,179,0.7925992982725549,0.46855900000000006
43,180,0.795917709500194,0.46855900000000006
43,181,0.7991830261481908,0.46855900000000006
43,182,0.8023960977298199,0.46855900000000006
43,183,0.8055577601661428,0.46855900000000006
43,184,0.8086688360034845,0.46855900000000006
43,185,0.8117301346274287,0.46855900000000006
43,186,0.8147424524733898,0.46855900000000006
43,187,0.8177065732338156,0.46855900000000006
43,188,0.8206232680620745,0.46855900000000006
43,189,0.8234932957730814,0.46855900000000006
43,190,0.8263174030407121,0.46855900000000006
43,191,0.8290963245920608,0.46855900000000006
43,192,0.8318307833985876,0.46855900000000006
43,193,0.8345214908642105,0.46855900000000006
43,194,0.837169147010383,0.46855900000000006
43,195,0.839774440658217,0.46855900000000006
43,196,0.8423380496076854,0.46855900000000006
43,197,0.8448606408139625,0.46855900000000006
43,198,0.8473428705609392,0.46855900000000006
43,199,0.8497853846319641,0.46855900000000006
43,200,0.8521888184778528,0.46855900000000006
44,1,0.5063199999999999,0.0
44,2,0.5130428800000001,0.0
44,3,0.5200109939199999,0.0
44,4,0.5271145780172798,0.0
44,5,0.5342773767690033,0.0
44,6,0.5414465811406994,0.1
44,7,0.5485857855224482,0.1
44,8,0.555670057730089,0.1
44,9,0.5626824881496075,0.1
44,10,0.5696117742794539,0.1
44,11,0.5764505300491506,0.1
44,12,0.5831941024790818,0.19
44,13,0.5898397434769188,0.19
44,14,0.5963860302275397,0.19
44,15,0.6028324595962752,0.19
44,16,0.6091791643393981,0.19
44,17,0.6154267145776321,0.19
44,18,0.621575978951755,0.271
44,19,0.6276280275536824,0.271
44,20,0.6335840640984324,0.271
44,21,0.6394453785627835,0.271
44,22,0.6452133141487274,0.271
44,23,0.6508892442724116,0.271
44,24,0.6564745565690977,0.34390000000000004
44,25,0.6619706418075235,0.34390000000000004
44,26,0.667378886239075,0.34390000000000004
44,27,0.67270066634958,0.34390000000000004
44,28,0.677937345291218,0.34390000000000004
44,29,0.6830902704888204,0.34390000000000004
44,30,0.6881607720665823,0.40951000000000004
44,31,0.6931501618474254,0.40951000000000004
44,32,0.6980597327516024,0.40951000000000004
44,33,0.7028907584731918,0.40951000000000004
44,34,0.7076444933495514,0.40951000000000004
44,35,0.7123221723643098,0.40951000000000004
44,36,0.7169250112423268,0.46855900000000006
44,37,0.7214542066075416,0.46855900000000006
44,38,0.7259109361833855,0.46855900000000006
44,39,0.7302963590215465,0.46855900000000006
44,40,0.7346116157491684,0.46855900000000006
44,41,0.7388578288275582,0.46855900000000006
44,42,0.743036102817581,0.46855900000000006
44,43,0.7471475246483843,0.46855900000000006
44,44,0.7511931638871293,0.46855900000000006
44,45,0.7551740730081187,0.46855900000000006
44,46,0.7590912876602172,0.46855900000000006
44,47,0.7629458269318137,0.46855900000000006
44,48,0.7667386936128164,0.46855900000000006
44,49,0.7704708744533498,0.46855900000000006
44,50,0.7741433404189328,0.46855900000000006
44,51,0.7777570469420158,0.46855900000000006
44,52,0.7813129341697935,0.46855900000000006
44,53,0.784811927208272,0.46855900000000006
44,54,0.788254936362576,0.46855900000000006
44,55,0.7916428573735204,0.46855900000000006
44,56,0.7949765716504659,0.46855900000000006
44,57,0.7982569465005038,0.46855900000000006
44,58,0.8014848353540074,0.46855900000000006
44,59,0.8046610779866015,0.46855900000000006
44,60,0.8077865007375966,0.46855900000000006
44,61,0.8108619167249416,0.46855900000000006
44,62,0.8138881260567452,0.46855900000000006
44,63,0.8168659160394188,0.46855900000000006
44,64,0.8197960613824955,0.46855900000000006
44,65,0.8226793244001707,0.46855900000000006
44,66,0.8255164552096245,0.46855900000000006
44,67,0.8283081919261701,0.46855900000000006
44,68,0.8310552608552811,0.46855900000000006
44,69,0.8337583766815474,0.46855900000000006
44,70,0.79207045784747,0.46855900000000006
44,71,0.795397330521876,0.46855900000000006
44,72,0.798670973233502,0.46855900000000006
44,73,0.7587374245718268,0.46855900000000006
44,74,0.7625976257786606,0.46855900000000006
44,75,0.7663960637661902,0.46855900000000006
44,76,0.7701337267459231,0.46855900000000006
44,77,0.7738115871179823,0.46855900000000006
44,78,0.7774306017240906,0.46855900000000006
44,79,0.7809917120965022,0.46855900000000006
44,80,0.7844958447029562,0.46855900000000006
44,81,0.7879439111877076,0.46855900000000006
44,82,0.7913368086087031,0.46855900000000006
44,83,0.7946754196709633,0.46855900000000006
44,84,0.7979606129562274,0.46855900000000006
44,85,0.7580625823084158,0.46855900000000006
44,86,0.7619335809914809,0.46855900000000006
44,87,0.7657426436956171,0.46855900000000006
44,88,0.7694907613964869,0.46855900000000006
44,89,0.7310162233266626,0.46855900000000006
44,90,0.7353199637534359,0.46855900000000006
44,91,0.7395548443333808,0.46855900000000006
44,92,0.7437219668240466,0.46855900000000006
44,93,0.7478224153548618,0.46855900000000006
44,94,0.751857256709184,0.46855900000000006
44,95,0.7558275406018371,0.46855900000000006
44,96,0.7597342999522078,0.46855900000000006
44,97,0.7635785511529726,0.46855900000000006
44,98,0.7673612943345249,0.46855900000000006
44,99,0.7710835136251726,0.46855900000000006
44,100,0.7747461774071699,0.46855900000000006
44,101,0.778350238568655,0.46855900000000006
44,102,0.7818966347515566,0.46855900000000006
44,103,0.7853862885955316,0.46855900000000006
44,104,0.7888201079780031,0.46855900000000006
44,105,0.749379102579103,0.46855900000000006
44,106,0.7533890369378373,0.46855900000000006
44,107,0.757334812346832,0.46855900000000006
44,108,0.7612174553492828,0.46855900000000006
44,109,0.7650379760636942,0.46855900000000006
44,110,0.768797368446675,0.46855900000000006
44,111,0.7724966105515281,0.46855900000000006
44,112,0.7761366647827037,0.46855900000000006
44,113,0.7797184781461804,0.46855900000000006
44,114,0.7832429824958416,0.46855900000000006
44,115,0.7867110947759082,0.46855900000000006
44,116,0.7901237172594936,0.46855900000000006
44,117,0.7506175313965188,0.46855900000000006
44,118,0.7546076508941744,0.46855900000000006
44,119,0.7585339284798678,0.46855900000000006
44,120,0.7623973856241897,0.46855900000000006
44,121,0.7661990274542028,0.46855900000000006
44,122,0.7699398430149355,0.46855900000000006
44,123,0.7736208055266968,0.46855900000000006
44,124,0.7772428726382695,0.46855900000000006
44,125,0.7808069866760572,0.46855900000000006
44,126,0.7843140748892402,0.46855900000000006
44,127,0.7877650496910125,0.46855900000000006
44,128,0.7911608088959563,0.46855900000000006
44,129,0.7945022359536209,0.46855900000000006
44,130,0.797790200178363,0.46855900000000006
44,131,0.8010255569755091,0.46855900000000006
44,132,0.8042091480639011,0.46855900000000006
44,133,0.8073418016948788,0.46855900000000006
44,134,0.8104243328677606,0.46855900000000006
44,135,0.8134575435418764,0.46855900000000006
44,136,0.8164422228452064,0.46855900000000006
44,137,0.8193791472796832,0.46855900000000006
44,138,0.8222690809232083,0.46855900000000006
44,139,0.8251127756284371,0.46855900000000006
44,140,0.827910971218382,0.46855900000000006
44,141,0.8306643956788878,0.46855900000000006
44,142,0.8333737653480255,0.46855900000000006
44,143,0.8360397851024572,0.46855900000000006
44,144,0.8386631485408179,0.46855900000000006
44,145,0.8412445381641648,0.46855900000000006
44,146,0.8437846255535382,0.46855900000000006
44,147,0.8462840715446817,0.46855900000000006
44,148,0.8487435263999666,0.46855900000000006
44,149,0.8511636299775672,0.46855900000000006
44,150,0.8535450118979263,0.46855900000000006
44,151,0.8558882917075594,0.46855900000000006
44,152,0.8581940790402385,0.46855900000000006
44,153,0.8604629737755947,0.46855900000000006
44,154,0.8626955661951852,0.46855900000000006
44,155,0.8648924371360621,0.46855900000000006
44,156,0.8670541581418852,0.46855900000000006
44,157,0.8691812916116151,0.46855900000000006
44,158,0.8712743909458294,0.46855900000000006
44,159,0.873334000690696,0.46855900000000006
44,160,0.8753606566796449,0.46855900000000006
44,161,0.8773548861727706,0.46855900000000006
44,162,0.8793172079940061,0.46855900000000006
44,163,0.8812481326661021,0.46855900000000006
44,164,0.8831481625434445,0.46855900000000006
44,165,0.8850177919427494,0.46855900000000006
44,166,0.8868575072716653,0.46855900000000006
44,167,0.8886677871553188,0.46855900000000006
44,168,0.8904491025608335,0.46855900000000006
44,169,0.8922019169198604,0.46855900000000006
44,170,0.8939266862491426,0.46855900000000006
44,171,0.8956238592691562,0.46855900000000006
44,172,0.8972938775208498,0.46855900000000006
44,173,0.8989371754805161,0.46855900000000006
44,174,0.900554180672828,0.46855900000000006
44,175,0.9021453137820628,0.46855900000000006
44,176,0.9037109887615496,0.46855900000000006
44,177,0.9052516129413648,0.46855900000000006
44,178,0.9067675871343029,0.46855900000000006
44,179,0.8614292077775879,0.46855900000000006
44,180,0.8636463404531465,0.46855900000000006
44,181,0.8658279990058961,0.46855900000000006
44,182,0.8679747510218018,0.46855900000000006
44,183,0.870087155005453,0.46855900000000006
44,184,0.8265827972551802,0.46855900000000006
44,185,0.8293574724990973,0.46855900000000006
44,186,0.8320877529391119,0.46855900000000006
44,187,0.834774348892086,0.46855900000000006
44,188,0.8374179593098127,0.46855900000000006
44,189,0.8400192719608557,0.46855900000000006
44,190,0.8425789636094819,0.46855900000000006
44,191,0.8450977001917304,0.46855900000000006
44,192,0.8475761369886626,0.46855900000000006
44,193,0.850014918796844,0.46855900000000006
44,194,0.8524146800960943,0.46855900000000006
44,195,0.854776045214557,0.46855900000000006
44,196,0.8570996284911241,0.46855900000000006
44,197,0.8593860344352662,0.46855900000000006
44,198,0.8616358578843017,0.46855900000000006
44,199,0.863849684158153,0.46855900000000006
44,200,0.8660280892116227,0.46855900000000006
45,1,0.5063199999999999,0.0
45,2,0.5130428800000001,0.0
45,3,0.5200109939199999,0.0
45,4,0.5271145780172798,0.0
45,5,0.5342773767690033,0.0
45,6,0.5414465811406994,0.1
45,7,0.5143742520836644,0.1
45,8,0.5219466137303258,0.1
45,9,0.5294571126866405,0.1
45,10,0.5368889502268545,0.1
45,11,0.5442309329634647,0.1
45,12,0.5514757821942172,0.19
45,13,0.5586189505898275,0.19
45,14,0.5656577940178927,0.19
45,15,0.572590991959858,0.19
45,16,0.5794181419408764,0.19
45,17,0.5861394757664857,0.19
45,18,0.5927556610218863,0.271
45,19,0.5992676622529011,0.271
45,20,0.6056766439220101,0.271
45,21,0.6119839026048669,0.271
45,22,0.6181908196531152,0.271
45,23,0.6242988281816136,0.271
45,24,0.6303093900807716,0.34390000000000004
45,25,0.636223980044524,0.34390000000000004
45,26,0.6420440745073429,0.34390000000000004
45,27,0.6477711440156974,0.34390000000000004
45,28,0.6534066480017764,0.34390000000000004
45,29,0.6589520312369792,0.34390000000000004
45,30,0.6644087214594492,0.40951000000000004
45,31,0.6697781278216812,0.40951000000000004
45,32,0.6750616399104425,0.40951000000000004
45,33,0.6802606271656114,0.40951000000000004
45,34,0.6853764385765767,0.40951000000000004
45,35,0.690410402571282,0.40951000000000004
45,36,0.6953638270384929,0.46855900000000006
45,37,0.7002379994417228,0.46855900000000006
45,38,0.7050341869957474,0.46855900000000006
45,39,0.70975363688538,0.46855900000000006
45,40,0.7143975765123091,0.46855900000000006
45,41,0.7189672137600789,0.46855900000000006
45,42,0.7234637372702941,0.46855900000000006
45,43,0.727888316725233,0.46855900000000006
45,44,0.7322421031335138,0.46855900000000006
45,45,0.7365262291164968,0.46855900000000006
45,46,0.7407418091938162,0.46855900000000006
45,47,0.7448899400669436,0.46855900000000006
45,48,0.7489717009000323,0.46855900000000006
45,49,0.7529881535975437,0.46855900000000006
45,50,0.7569403430783213,0.46855900000000006
45,51,0.7608292975459051,0.46855900000000006
45,52,0.7646560287549562,0.46855900000000006
45,53,0.768421532273727,0.46855900000000006
45,54,0.7721267877425423,0.46855900000000006
45,55,0.7757727591282981,0.46855900000000006
45,56,0.779360394974991,0.46855900000000006
45,57,0.782890628650313,0.46855900000000006
45,58,0.7863643785883533,0.46855900000000006
45,59,0.7897825485284515,0.46855900000000006
45,60,0.7931460277502544,0.46855900000000006
45,61,0.796455691305031,0.46855900000000006
45,62,0.7997124002432969,0.46855900000000006
45,63,0.8029170018388069,0.46855900000000006
45,64,0.8060703298089678,0.46855900000000006
45,65,0.8091732045317315,0.46855900000000006
45,66,0.8122264332590188,0.46855900000000006
45,67,0.8152308103267311,0.46855900000000006
45,68,0.8181871173614029,0.46855900000000006
45,69,0.8210961234835501,0.46855900000000006
45,70,0.8239585855077642,0.46855900000000006
45,71,0.8267752481396056,0.46855900000000006
45,72,0.8295468441693478,0.46855900000000006
45,73,0.8322740946626214,0.46855900000000006
45,74,0.8349577091480075,0.46855900000000006
45,75,0.8375983858016312,0.46855900000000006
45,76,0.8401968116287992,0.46855900000000006
45,77,0.8427536626427343,0.46855900000000006
45,78,0.8452696040404477,0.46855900000000006
45,79,0.8030061238384254,0.46855900000000006
45,80,0.8061580258570086,0.46855900000000006
45,81,0.8092594974432948,0.46855900000000006
45,82,0.8123113454842013,0.46855900000000006
45,83,0.8153143639564535,0.46855900000000006
45,84,0.8182693341331497,0.46855900000000006
45,85,0.8211770247870189,0.46855900000000006
45,86,0.8240381923904266,0.46855900000000006
45,87,0.8268535813121793,0.46855900000000006
45,88,0.8296239240111845,0.46855900000000006
45,89,0.8323499412270052,0.46855900000000006
45,90,0.8350323421673732,0.46855900000000006
45,91,0.8376718246926951,0.46855900000000006
45,92,0.8402690754976121,0.46855900000000006
45,93,0.8428247702896503,0.46855900000000006
45,94,0.8453395739650158,0.46855900000000006
45,95,0.8478141407815756,0.46855900000000006
45,96,0.8502491145290703,0.46855900000000006
45,97,0.8526451286966052,0.46855900000000006
45,98,0.8550028066374595,0.46855900000000006
45,99,0.8573227617312602,0.46855900000000006
45,100,0.85960559754356,0.46855900000000006
45,101,0.861851907982863,0.46855900000000006
45,102,0.8640622774551371,0.46855900000000006
45,103,0.866237281015855,0.46855900000000006
45,104,0.8683774845196013,0.46855900000000006
45,105,0.8249586102936212,0.46855900000000006
45,106,0.8277592725289231,0.46855900000000006
45,107,0.8305151241684603,0.46855900000000006
45,108,0.833226882181765,0.46855900000000006
45,109,0.8358952520668568,0.46855900000000006
45,110,0.8385209280337872,0.46855900000000006
45,111,0.8411045931852466,0.46855900000000006
45,112,0.8436469196942825,0.46855900000000006
45,113,0.8014645737095684,0.46855900000000006
45,114,0.8046411405302154,0.46855900000000006
45,115,0.8077668822817319,0.46855900000000006
45,116,0.8108426121652241,0.46855900000000006
45,117,0.8138691303705805,0.46855900000000006
45,118,0.8168472242846512,0.46855900000000006
45,119,0.8197776686960967,0.46855900000000006
45,120,0.8226612259969592,0.46855900000000006
45,121,0.8254986463810079,0.46855900000000006
45,122,0.8282906680389118,0.46855900000000006
45,123,0.8310380173502893,0.46855900000000006
45,124,0.8337414090726847,0.46855900000000006
45,125,0.8364015465275217,0.46855900000000006
45,126,0.8390191217830815,0.46855900000000006
45,127,0.8415948158345522,0.46855900000000006
45,128,0.8441292987811992,0.46855900000000006
45,129,0.8466232300007001,0.46855900000000006
45,130,0.8490772583206889,0.46855900000000006
45,131,0.8514920221875577,0.46855900000000006
45,132,0.853868149832557,0.46855900000000006
45,133,0.856206259435236,0.46855900000000006
45,134,0.8585069592842721,0.46855900000000006
45,135,0.8607708479357239,0.46855900000000006
45,136,0.8629985143687524,0.46855900000000006
45,137,0.8651905381388524,0.46855900000000006
45,138,0.8673474895286306,0.46855900000000006
45,139,0.8694699296961726,0.46855900000000006
45,140,0.8715584108210338,0.46855900000000006
45,141,0.8736134762478972,0.46855900000000006
45,142,0.875635660627931,0.46855900000000006
45,143,0.8776254900578839,0.46855900000000006
45,144,0.8795834822169579,0.46855900000000006
45,145,0.8815101465014866,0.46855900000000006
45,146,0.8834059841574629,0.46855900000000006
45,147,0.8852714884109435,0.46855900000000006
45,148,0.8871071445963684,0.46855900000000006
45,149,0.8889134302828265,0.46855900000000006
45,150,0.8906908153983013,0.46855900000000006
45,151,0.8924397623519285,0.46855900000000006
45,152,0.8941607261542975,0.46855900000000006
45,153,0.8958541545358288,0.46855900000000006
45,154,0.8975204880632555,0.46855900000000006
45,155,0.8991601602542435,0.46855900000000006
45,156,0.9007735976901756,0.46855900000000006
45,157,0.9023612201271328,0.46855900000000006
45,158,0.9039234406050985,0.46855900000000006
45,159,0.905460665555417,0.46855900000000006
45,160,0.9069732949065303,0.46855900000000006
45,161,0.908461722188026,0.46855900000000006
45,162,0.9099263346330174,0.46855900000000006
45,163,0.9113675132788893,0.46855900000000006
45,164,0.912785633066427,0.46855900000000006
45,165,0.9141810629373642,0.46855900000000006
45,166,0.9155541659303663,0.46855900000000006
45,167,0.9169052992754805,0.46855900000000006
45,168,0.918234814487073,0.46855900000000006
45,169,0.9195430574552799,0.46855900000000006
45,170,0.9208303685359953,0.46855900000000006
45,171,0.9220970826394194,0.46855900000000006
45,172,0.9233435293171887,0.46855900000000006
45,173,0.9245700328481135,0.46855900000000006
45,174,0.9257769123225439,0.46855900000000006
45,175,0.9269644817253833,0.46855900000000006
45,176,0.928133050017777,0.46855900000000006
45,177,0.9292829212174926,0.46855900000000006
45,178,0.9304143944780126,0.46855900000000006
45,179,0.9315277641663645,0.46855900000000006
45,180,0.9326233199397027,0.46855900000000006
45,181,0.9337013468206676,0.46855900000000006
45,182,0.9347621252715367,0.46855900000000006
45,183,0.9358059312671921,0.46855900000000006
45,184,0.8890156347038326,0.46855900000000006
45,185,0.8907913845485712,0.46855900000000006
45,186,0.8925387223957942,0.46855900000000006
45,187,0.8942581028374615,0.46855900000000006
45,188,0.8959499731920622,0.46855900000000006
45,189,0.8976147736209891,0.46855900000000006
45,190,0.8992529372430532,0.46855900000000006
45,191,0.9008648902471641,0.46855900000000006
45,192,0.855821645734806,0.46855900000000006
45,193,0.8581284994030491,0.46855900000000006
45,194,0.8603984434126003,0.46855900000000006
45,195,0.8626320683179987,0.46855900000000006
45,196,0.8648299552249107,0.46855900000000006
45,197,0.8669926759413121,0.46855900000000006
45,198,0.8691207931262511,0.46855900000000006
45,199,0.8712148604362311,0.46855900000000006
45,200,0.8732754226692514,0.46855900000000006
46,1,0.5063199999999999,0.0
46,2,0.5130428800000001,0.0
46,3,0.5200109939199999,0.0
46,4,0.5271145780172798,0.0
46,5,0.5342773767690033,0.0
46,6,0.5414465811406994,0.1
46,7,0.5143742520836644,0.1
46,8,0.5219466137303258,0.1
46,9,0.5294571126866405,0.1
46,10,0.5368889502268545,0.1
46,11,0.5442309329634647,0.1
46,12,0.5514757821942172,0.19
46,13,0.5586189505898275,0.19
46,14,0.5656577940178927,0.19
46,15,0.572590991959858,0.19
46,16,0.5794181419408764,0.19
46,17,0.5861394757664857,0.19
46,18,0.5927556610218863,0.271
46,19,0.5992676622529011,0.271
46,20,0.6056766439220101,0.271
46,21,0.5753928117259097,0.271
46,22,0.582184611723904,0.271
46,23,0.5530753811377088,0.271
46,24,0.5602248345294317,0.34390000000000004
46,25,0.5672602988199091,0.34390000000000004
46,26,0.5741834771888543,0.34390000000000004
46,27,0.5809960817588774,0.34390000000000004
46,28,0.5876998225942665,0.34390000000000004
46,29,0.5942964001332303,0.34390000000000004
46,30,0.6007875000214289,0.40951000000000004
46,31,0.6071747896243169,0.40951000000000004
46,32,0.6134599157125897,0.40951000000000004
46,33,0.6196445029667715,0.40951000000000004
46,34,0.6257301530532116,0.40951000000000004
46,35,0.631718444098096,0.40951000000000004
46,36,0.6376109304381414,0.46855900000000006
46,37,0.6434091425630617,0.46855900000000006
46,38,0.649114587190404,0.46855900000000006
46,39,0.6547287474312035,0.46855900000000006
46,40,0.6602530830173963,0.46855900000000006
46,41,0.6272404288665265,0.46855900000000006
46,42,0.6332045788862264,0.46855900000000006
46,43,0.639073303441142,0.46855900000000006
46,44,0.6448481290580503,0.46855900000000006
46,45,0.6505305579234981,0.46855900000000006
46,46,0.6561220682479858,0.46855900000000006
46,47,0.6616241146319026,0.46855900000000006
46,48,0.6670381284309113,0.46855900000000006
46,49,0.6723655181192002,0.46855900000000006
46,50,0.6776076696495215,0.46855900000000006
46,51,0.6437272861670451,0.46855900000000006
46,52,0.6494276494625325,0.46855900000000006
46,53,0.6550368069830438,0.46855900000000006
46,54,0.6605562180096534,0.46855900000000006
46,55,0.6659873184783358,0.46855900000000006
46,56,0.6713315213524682,0.46855900000000006
46,57,0.6765902169896788,0.46855900000000006
46,58,0.642760706140195,0.46855900000000006
46,59,0.6484765348271468,0.46855900000000006
46,60,0.654100910259549,0.46855900000000006
46,61,0.6596352956881418,0.46855900000000006
46,62,0.6650811309520533,0.46855900000000006
46,63,0.6704398328532657,0.46855900000000006
46,64,0.6757127955251254,0.46855900000000006
46,65,0.641927155748869,0.46855900000000006
46,66,0.6476563212551454,0.46855900000000006
46,67,0.6532938201138438,0.46855900000000006
46,68,0.6588411189911687,0.46855900000000006
46,69,0.6642996610867125,0.46855900000000006
46,70,0.6696708665089071,0.46855900000000006
46,71,0.6749561326444715,0.46855900000000006
46,72,0.6801568345219551,0.46855900000000006
46,73,0.6852743251694606,0.46855900000000006
46,74,0.6903099359666488,0.46855900000000006
46,75,0.695264976991112,0.46855900000000006
46,76,0.700140737359205,0.46855900000000006
46,77,0.7049384855614234,0.46855900000000006
46,78,0.7096594697924166,0.46855900000000006
46,79,0.7143049182757208,0.46855900000000006
46,80,0.7188760395832976,0.46855900000000006
46,81,0.7233740229499566,0.46855900000000006
46,82,0.7278000385827514,0.46855900000000006
46,83,0.7321552379654233,0.46855900000000006
46,84,0.7364407541579736,0.46855900000000006
46,85,0.7406577020914441,0.46855900000000006
46,86,0.7448071788579795,0.46855900000000006
46,87,0.7488902639962509,0.46855900000000006
46,88,0.7529080197723104,0.46855900000000006
46,89,0.7568614914559528,0.46855900000000006
46,90,0.7607517075926572,0.46855900000000006
46,91,0.7645796802711746,0.46855900000000006
46,92,0.7683464053868355,0.46855900000000006
46,93,0.7720528629006459,0.46855900000000006
46,94,0.7757000170942356,0.46855900000000006
46,95,0.7792888168207277,0.46855900000000006
46,96,0.7828201957515961,0.46855900000000006
46,97,0.7862950726195705,0.46855900000000006
46,98,0.7897143514576574,0.46855900000000006
46,99,0.7930789218343348,0.46855900000000006
46,100,0.7963896590849855,0.46855900000000006
46,101,0.7996474245396258,0.46855900000000006
46,102,0.8028530657469919,0.46855900000000006
46,103,0.8060074166950401,0.46855900000000006
46,104,0.7657070458602879,0.46855900000000006
46,105,0.7694557331265235,0.46855900000000006
46,106,0.773144441396499,0.46855900000000006
46,107,0.7767741303341549,0.46855900000000006
46,108,0.7803457442488086,0.46855900000000006
46,109,0.7413284570363681,0.46855900000000006
46,110,0.7454672017237861,0.46855900000000006
46,111,0.7495397264962056,0.46855900000000006
46,112,0.7535470908722663,0.46855900000000006
46,113,0.7574903374183101,0.46855900000000006
46,114,0.7613704920196172,0.46855900000000006
46,115,0.7651885641473033,0.46855900000000006
46,116,0.7269291359399382,0.46855900000000006
46,117,0.7312982697648991,0.46855900000000006
46,118,0.7355974974486605,0.46855900000000006
46,119,0.739827937489482,0.46855900000000006
46,120,0.7439906904896504,0.46855900000000006
46,121,0.7480868394418161,0.46855900000000006
46,122,0.7521174500107469,0.46855900000000006
46,123,0.756083570810575,0.46855900000000006
46,124,0.7599862336776058,0.46855900000000006
46,125,0.763826453938764,0.46855900000000006
46,126,0.7676052306757438,0.46855900000000006
46,127,0.7713235469849319,0.46855900000000006
46,128,0.7749823702331728,0.46855900000000006
46,129,0.7785826523094422,0.46855900000000006
46,130,0.7821253298724911,0.46855900000000006
46,131,0.7856113245945313,0.46855900000000006
46,132,0.7463307583648046,0.46855900000000006
46,133,0.7503894662309678,0.46855900000000006
46,134,0.7128699929194193,0.46855900000000006
46,135,0.7174640730327086,0.46855900000000006
46,136,0.7219846478641854,0.46855900000000006
46,137,0.7264328934983585,0.46855900000000006
46,138,0.7308099672023847,0.46855900000000006
46,139,0.7351170077271465,0.46855900000000006
46,140,0.7393551356035122,0.46855900000000006
46,141,0.743525453433856,0.46855900000000006
46,142,0.7476290461789145,0.46855900000000006
46,143,0.7516669814400518,0.46855900000000006
46,144,0.7556403097370109,0.46855900000000006
46,145,0.7595500647812188,0.46855900000000006
46,146,0.7633972637447194,0.46855900000000006
46,147,0.7671829075248038,0.46855900000000006
46,148,0.7709079810044069,0.46855900000000006
46,149,0.7745734533083365,0.46855900000000006
46,150,0.7781802780554031,0.46855900000000006
46,151,0.7817293936065166,0.46855900000000006
46,152,0.7852217233088122,0.46855900000000006
46,153,0.7886581757358713,0.46855900000000006
46,154,0.7920396449240974,0.46855900000000006
46,155,0.7953670106053118,0.46855900000000006
46,156,0.7986411384356267,0.46855900000000006
46,157,0.8018628802206568,0.46855900000000006
46,158,0.8050330741371262,0.46855900000000006
46,159,0.8081525449509324,0.46855900000000006
46,160,0.8112221042317174,0.46855900000000006
46,161,0.8142425505640098,0.46855900000000006
46,162,0.8172146697549858,0.46855900000000006
46,163,0.8201392350389061,0.46855900000000006
46,164,0.8230170072782833,0.46855900000000006
46,165,0.8258487351618309,0.46855900000000006
46,166,0.8286351553992416,0.46855900000000006
46,167,0.8313769929128536,0.46855900000000006
46,168,0.8340749610262479,0.46855900000000006
46,169,0.836729761649828,0.46855900000000006
46,170,0.8393420854634307,0.46855900000000006
46,171,0.8419126120960158,0.46855900000000006
46,172,0.799816981491215,0.46855900000000006
46,173,0.8030199097873556,0.46855900000000006
46,174,0.8061715912307579,0.46855900000000006
46,175,0.8092728457710658,0.46855900000000006
46,176,0.8123244802387287,0.46855900000000006
46,177,0.8153272885549091,0.46855900000000006
46,178,0.8182820519380305,0.46855900000000006
46,179,0.8211895391070222,0.46855900000000006
46,180,0.8240505064813097,0.46855900000000006
46,181,0.7828479811572443,0.46855900000000006
46,182,0.7863224134587284,0.46855900000000006
46,183,0.7897412548433886,0.46855900000000006
46,184,0.7931053947658945,0.46855900000000006
46,185,0.7964157084496402,0.46855900000000006
46,186,0.7996730571144459,0.46855900000000006
46,187,0.8028782882006148,0.46855900000000006
46,188,0.806032235589405,0.46855900000000006
46,189,0.8091357198199745,0.46855900000000006
46,190,0.812189548302855,0.46855900000000006
46,191,0.8151945155300092,0.46855900000000006
46,192,0.7744347897535089,0.46855900000000006
46,193,0.7780438331174526,0.46855900000000006
46,194,0.7815951317875733,0.46855900000000006
46,195,0.7850896096789721,0.46855900000000006
46,196,0.7885281759241086,0.46855900000000006
46,197,0.7919117251093228,0.46855900000000006
46,198,0.7952411375075737,0.46855900000000006
46,199,0.7985172793074524,0.46855900000000006
46,200,0.8017410028385331,0.46855900000000006
47,1,0.5063199999999999,0.0
47,2,0.5130428800000001,0.0
47,3,0.5200109939199999,0.0
47,4,0.5271145780172798,0.0
47,5,0.5342773767690033,0.0
47,6,0.5414465811406994,0.1
47,7,0.5485857855224482,0.1
47,8,0.555670057730089,0.1
47,9,0.5626824881496075,0.1
47,10,0.5696117742794539,0.1
47,11,0.5764505300491506,0.1
47,12,0.547628003546693,0.1
47,13,0.5548327364006636,0.1
47,14,0.5619321592557555,0.1
47,15,0.568924967353915,0.1
47,16,0.5758107737286283,0.1
47,17,0.5825898254456338,0.1
47,18,0.5892628051061679,0.19
47,19,0.5958306920318341,0.19
47,20,0.6022946652244803,0.19
47,21,0.6086560355664974,0.19
47,22,0.6149161984873597,0.19
47,23,0.62107660095451,0.19
47,24,0.5900227709067847,0.19
47,25,0.5965817497223398,0.19
47,26,0.603035981931827,0.19
47,27,0.6093870843644492,0.19
47,28,0.6156366657150898,0.19
47,29,0.6217863213539786,0.19
47,30,0.6278376298155461,0.271
47,31,0.6337921504607593,0.271
47,32,0.6396514219589704,0.271
47,33,0.6076688508610218,0.271
47,34,0.6139461113811537,0.271
47,35,0.6201229470927913,0.271
47,36,0.6262009613849217,0.34390000000000004
47,37,0.6321817330146934,0.34390000000000004
47,38,0.6380668161948096,0.34390000000000004
47,39,0.6438577407715387,0.34390000000000004
47,40,0.6495560124642861,0.34390000000000004
47,41,0.655163113146422,0.34390000000000004
47,42,0.6606805011531743,0.40951000000000004
47,43,0.6661096116066901,0.40951000000000004
47,44,0.6714518567513597,0.40951000000000004
47,45,0.6767086262946015,0.40951000000000004
47,46,0.6818812877497724,0.40951000000000004
47,47,0.6869711867788952,0.40951000000000004
47,48,0.6919796475336163,0.46855900000000006
47,49,0.6969079729933069,0.46855900000000006
47,50,0.7017574452995738,0.46855900000000006
47,51,0.7065293260866926,0.46855900000000006
47,52,0.7112248568076439,0.46855900000000006
47,53,0.7158452590555584,0.46855900000000006
47,54,0.7203917348804553,0.46855900000000006
47,55,0.7248654671012179,0.46855900000000006
47,56,0.7292676196127935,0.46855900000000006
47,57,0.7335993376886254,0.46855900000000006
47,58,0.7378617482783529,0.46855900000000006
47,59,0.742055960300821,0.46855900000000006
47,60,0.7461830649324532,0.46855900000000006
47,61,0.7502441358910457,0.46855900000000006
47,62,0.7542402297150472,0.46855900000000006
47,63,0.7581723860383872,0.46855900000000006
47,64,0.7620416278609194,0.46855900000000006
47,65,0.7658489618145473,0.46855900000000006
47,66,0.7695953784250963,0.46855900000000006
47,67,0.773281852370002,0.46855900000000006
47,68,0.7769093427318772,0.46855900000000006
47,69,0.7804787932480235,0.46855900000000006
47,70,0.7839911325559548,0.46855900000000006
47,71,0.7874472744349891,0.46855900000000006
47,72,0.7908481180439801,0.46855900000000006
47,73,0.794194548155242,0.46855900000000006
47,74,0.7974874353847341,0.46855900000000006
47,75,0.8007276364185614,0.46855900000000006
47,76,0.8039159942358525,0.46855900000000006
47,77,0.8070533383280706,0.46855900000000006
47,78,0.8101404849148157,0.46855900000000006
47,79,0.8131782371561747,0.46855900000000006
47,80,0.816167385361673,0.46855900000000006
47,81,0.8191087071958842,0.46855900000000006
47,82,0.8220029678807486,0.46855900000000006
47,83,0.8248509203946556,0.46855900000000006
47,84,0.8276533056683404,0.46855900000000006
47,85,0.8304108527776466,0.46855900000000006
47,86,0.8331242791332037,0.46855900000000006
47,87,0.8357942906670723,0.46855900000000006
47,88,0.8384215820163989,0.46855900000000006
47,89,0.8410068367041366,0.46855900000000006
47,90,0.8435507273168701,0.46855900000000006
47,91,0.8460539156798002,0.46855900000000006
47,92,0.8485170530289233,0.46855900000000006
47,93,0.8509407801804606,0.46855900000000006
47,94,0.8533257276975732,0.46855900000000006
47,95,0.8556725160544121,0.46855900000000006
47,96,0.8579817557975413,0.46855900000000006
47,97,0.8602540477047806,0.46855900000000006
47,98,0.8624899829415043,0.46855900000000006
47,99,0.8646901432144402,0.46855900000000006
47,100,0.8668551009230091,0.46855900000000006
47,101,0.8689854193082409,0.46855900000000006
47,102,0.871081652599309,0.46855900000000006
47,103,0.87314434615772,0.46855900000000006
47,104,0.829487128849834,0.46855900000000006
47,105,0.8322153347882366,0.46855900000000006
47,106,0.834899889431625,0.46855900000000006
47,107,0.8375414912007189,0.46855900000000006
47,108,0.8401408273415074,0.46855900000000006
47,109,0.8426985741040433,0.46855900000000006
47,110,0.8452153969183784,0.46855900000000006
47,111,0.8476919505676845,0.46855900000000006
47,112,0.8501288793586015,0.46855900000000006
47,113,0.8076224353906716,0.46855900000000006
47,114,0.8107004764244208,0.46855900000000006
47,115,0.81372926880163,0.46855900000000006
47,116,0.8167096005008039,0.46855900000000006
47,117,0.819642246892791,0.46855900000000006
47,118,0.8225279709425063,0.46855900000000006
47,119,0.8253675234074261,0.46855900000000006
47,120,0.8281616430329073,0.46855900000000006
47,121,0.8309110567443809,0.46855900000000006
47,122,0.8336164798364708,0.46855900000000006
47,123,0.8362786161590872,0.46855900000000006
47,124,0.7944646853511329,0.46855900000000006
47,125,0.7977532503855149,0.46855900000000006
47,126,0.757865587866239,0.46855900000000006
47,127,0.7617397384603792,0.46855900000000006
47,128,0.7655519026450132,0.46855900000000006
47,129,0.7693030722026929,0.46855900000000006
47,130,0.7729942230474498,0.46855900000000006
47,131,0.7766263154786908,0.46855900000000006
47,132,0.7802002944310316,0.46855900000000006
47,133,0.7837170897201353,0.46855900000000006
47,134,0.7871776162846131,0.46855900000000006
47,135,0.7905827744240593,0.46855900000000006
47,136,0.7939334500332744,0.46855900000000006
47,137,0.7972305148327419,0.46855900000000006
47,138,0.800474826595418,0.46855900000000006
47,139,0.8036672293698913,0.46855900000000006
47,140,0.806808553699973,0.46855900000000006
47,141,0.8098996168407735,0.46855900000000006
47,142,0.8129412229713211,0.46855900000000006
47,143,0.81593416340378,0.46855900000000006
47,144,0.8188792167893195,0.46855900000000006
47,145,0.8217771493206903,0.46855900000000006
47,146,0.8246287149315595,0.46855900000000006
47,147,0.8274346554926545,0.46855900000000006
47,148,0.830195701004772,0.46855900000000006
47,149,0.8329125697886957,0.46855900000000006
47,150,0.8355859686720766,0.46855900000000006
47,151,0.8382165931733233,0.46855900000000006
47,152,0.8408051276825501,0.46855900000000006
47,153,0.8433522456396293,0.46855900000000006
47,154,0.8458586097093953,0.46855900000000006
47,155,0.8483248719540448,0.46855900000000006
47,156,0.85075167400278,0.46855900000000006
47,157,0.8531396472187357,0.46855900000000006
47,158,0.8554894128632358,0.46855900000000006
47,159,0.8578015822574241,0.46855900000000006
47,160,0.8600767569413051,0.46855900000000006
47,161,0.81707291909424,0.46855900000000006
47,162,0.8199997523887321,0.46855900000000006
47,163,0.8228797563505124,0.46855900000000006
47,164,0.8257136802489041,0.46855900000000006
47,165,0.8285022613649217,0.46855900000000006
47,166,0.8312462251830828,0.46855900000000006
47,167,0.8339462855801536,0.46855900000000006
47,168,0.8366031450108713,0.46855900000000006
47,169,0.8392174946906973,0.46855900000000006
47,170,0.8417900147756461,0.46855900000000006
47,171,0.8443213745392357,0.46855900000000006
47,172,0.846812232546608,0.46855900000000006
47,173,0.8492632368258622,0.46855900000000006
47,174,0.8516750250366485,0.46855900000000006
47,175,0.8540482246360621,0.46855900000000006
47,176,0.8563834530418852,0.46855900000000006
47,177,0.858681317793215,0.46855900000000006
47,178,0.8609424167085236,0.46855900000000006
47,179,0.8631673380411872,0.46855900000000006
47,180,0.8653566606325281,0.46855900000000006
47,181,0.8675109540624077,0.46855900000000006
47,182,0.8696307787974092,0.46855900000000006
47,183,0.8717166863366506,0.46855900000000006
47,184,0.8737692193552643,0.46855900000000006
47,185,0.87578891184558,0.46855900000000006
47,186,0.8777762892560508,0.46855900000000006
47,187,0.8338874747932483,0.46855900000000006
47,188,0.8365452751965561,0.46855900000000006
47,189,0.8391605507934112,0.46855900000000006
47,190,0.8417339819807168,0.46855900000000006
47,191,0.8442662382690254,0.46855900000000006
47,192,0.846757978456721,0.46855900000000006
47,193,0.8492098508014134,0.46855900000000006
47,194,0.8516224931885908,0.46855900000000006
47,195,0.8090413685291613,0.46855900000000006
47,196,0.8120967066326947,0.46855900000000006
47,197,0.8151031593265717,0.46855900000000006
47,198,0.8180615087773464,0.46855900000000006
47,199,0.820972524636909,0.46855900000000006
47,200,0.8238369642427184,0.46855900000000006
48,1,0.4749999999999999,0.0
48,2,0.48172,0.0
48,3,0.48883647999999996,0.0
48,4,0.49619189631999994,0.0
48,5,0.5036765859788799,0.0
48,6,0.5112143926032179,0.1
48,7,0.5187526047215663,0.1
48,8,0.5262549127260211,0.1
48,9,0.5336964788984048,0.1
48,10,0.5410604865792303,0.1
48,11,0.5483357247342028,0.1
48,12,0.5555148972966235,0.19
48,13,0.562593439850595,0.19
48,14,0.569568691450488,0.19
48,15,0.5764393150335316,0.19
48,16,0.5832048918453714,0.19
48,17,0.5898656376725089,0.19
48,18,0.596422204337413,0.271
48,19,0.6028755408753794,0.271
48,20,0.6092267964865288,0.271
48,21,0.6154772527283532,0.271
48,22,0.5847033900919356,0.271
48,23,0.5913467953403907,0.271
48,24,0.5978843082578927,0.34390000000000004
48,25,0.6043175024758302,0.34390000000000004
48,26,0.6106479626412618,0.34390000000000004
48,27,0.6168772733825328,0.34390000000000004
48,28,0.6230070117088841,0.34390000000000004
48,29,0.6290387418118721,0.34390000000000004
48,30,0.6349740115461133,0.40951000000000004
48,31,0.6408143500836374,0.40951000000000004
48,32,0.6465612663878825,0.40951000000000004
48,33,0.6522162482595847,0.40951000000000004
48,34,0.6577807617811671,0.40951000000000004
48,35,0.6248917236921088,0.40951000000000004
48,36,0.6308934375586501,0.46855900000000006
48,37,0.6367991295696422,0.46855900000000006
48,38,0.6426103344048794,0.46855900000000006
48,39,0.6483285626902473,0.46855900000000006
48,40,0.6539553012322955,0.46855900000000006
48,41,0.6594920132941431,0.46855900000000006
48,42,0.6649401388985321,0.46855900000000006
48,43,0.6703010951481223,0.46855900000000006
48,44,0.6755762765561288,0.46855900000000006
48,45,0.6807670553824944,0.46855900000000006
48,46,0.6858747819722592,0.46855900000000006
48,47,0.690900785093822,0.46855900000000006
48,48,0.6958463722755043,0.46855900000000006
48,49,0.7007128301393246,0.46855900000000006
48,50,0.7055014247312553,0.46855900000000006
48,51,0.7102134018474671,0.46855900000000006
48,52,0.7148499873562459,0.46855900000000006
48,53,0.6791074879884337,0.46855900000000006
48,54,0.6842417681374557,0.46855900000000006
48,55,0.6892938998170421,0.46855900000000006
48,56,0.6942651973988194,0.46855900000000006
48,57,0.6991569542256333,0.46855900000000006
48,58,0.7039704429476598,0.46855900000000006
48,59,0.7087069158532426,0.46855900000000006
48,60,0.7133676051945128,0.46855900000000006
48,61,0.7179537235078459,0.46855900000000006
48,62,0.722466463929232,0.46855900000000006
48,63,0.7269070005046225,0.46855900000000006
48,64,0.7312764884953292,0.46855900000000006
48,65,0.7355760646785505,0.46855900000000006
48,66,0.7398068476430965,0.46855900000000006
48,67,0.7439699380803886,0.46855900000000006
48,68,0.7067714411763691,0.46855900000000006
48,69,0.7114630981172546,0.46855900000000006
48,70,0.7160796885471735,0.46855900000000006
48,71,0.7206224135302753,0.46855900000000006
48,72,0.7250924549136906,0.46855900000000006
48,73,0.7294909756350012,0.46855900000000006
48,74,0.733819120024792,0.46855900000000006
48,75,0.7380780141043608,0.46855900000000006
48,76,0.7422687658786671,0.46855900000000006
48,77,0.7463924656245914,0.46855900000000006
48,78,0.750450186174586,0.46855900000000006
48,79,0.7129276768658566,0.46855900000000006
48,80,0.7175208340359946,0.46855900000000006
48,81,0.7220405006914131,0.46855900000000006
48,82,0.7264878526803463,0.46855900000000006
48,83,0.7308640470374579,0.46855900000000006
48,84,0.7351702222848565,0.46855900000000006
48,85,0.7394074987282975,0.46855900000000006
48,86,0.7435769787486437,0.46855900000000006
48,87,0.7476797470886646,0.46855900000000006
48,88,0.7517168711352455,0.46855900000000006
48,89,0.7556894011970813,0.46855900000000006
48,90,0.7595983707779278,0.46855900000000006
48,91,0.7216184522390314,0.46855900000000006
48,92,0.6855375296270798,0.46855900000000006
48,93,0.6905689291530465,0.46855900000000006
48,94,0.6955198262865975,0.46855900000000006
48,95,0.7003915090660119,0.46855900000000006
48,96,0.7051852449209555,0.46855900000000006
48,97,0.7099022810022202,0.46855900000000006
48,98,0.7145438445061847,0.46855900000000006
48,99,0.7191111429940857,0.46855900000000006
48,100,0.7236053647061805,0.46855900000000006
48,101,0.7280276788708815,0.46855900000000006
48,102,0.7323792360089474,0.46855900000000006
48,103,0.7366611682328043,0.46855900000000006
48,104,0.7408745895410795,0.46855900000000006
48,105,0.7450205961084222,0.46855900000000006
48,106,0.7491002665706874,0.46855900000000006
48,107,0.7116452532421531,0.46855900000000006
48,108,0.7162589291902786,0.46855900000000006
48,109,0.7207987863232341,0.46855900000000006
48,110,0.7252660057420623,0.46855900000000006
48,111,0.7296617496501894,0.46855900000000006
48,112,0.7339871616557864,0.46855900000000006
48,113,0.7382433670692938,0.46855900000000006
48,114,0.7424314731961852,0.46855900000000006
48,115,0.7465525696250462,0.46855900000000006
48,116,0.7506077285110455,0.46855900000000006
48,117,0.7545980048548688,0.46855900000000006
48,118,0.758524436777191,0.46855900000000006
48,119,0.7623880457887557,0.46855900000000006
48,120,0.7661898370561356,0.46855900000000006
48,121,0.7699307996632376,0.46855900000000006
48,122,0.7736119068686257,0.46855900000000006
48,123,0.7772341163587277,0.46855900000000006
48,124,0.7807983704969882,0.46855900000000006
48,125,0.7843055965690364,0.46855900000000006
48,126,0.7877567070239317,0.46855900000000006
48,127,0.7911525997115489,0.46855900000000006
48,128,0.7944941581161641,0.46855900000000006
48,129,0.7977822515863054,0.46855900000000006
48,130,0.8010177355609246,0.46855900000000006
48,131,0.8042014517919498,0.46855900000000006
48,132,0.8073342285632787,0.46855900000000006
48,133,0.8104168809062662,0.46855900000000006
48,134,0.813450210811766,0.46855900000000006
48,135,0.8164350074387776,0.46855900000000006
48,136,0.8193720473197572,0.46855900000000006
48,137,0.8222620945626412,0.46855900000000006
48,138,0.8251059010496389,0.46855900000000006
48,139,0.8279042066328447,0.46855900000000006
48,140,0.8306577393267192,0.46855900000000006
48,141,0.8333672154974916,0.46855900000000006
48,142,0.8360333400495319,0.46855900000000006
48,143,0.8386568066087394,0.46855900000000006
48,144,0.8412382977029995,0.46855900000000006
48,145,0.8437784849397516,0.46855900000000006
48,146,0.8462780291807157,0.46855900000000006
48,147,0.8487375807138241,0.46855900000000006
48,148,0.806300701678133,0.46855900000000006
48,149,0.8093998904512827,0.46855900000000006
48,150,0.8124494922040622,0.46855900000000006
48,151,0.8154503003287971,0.46855900000000006
48,152,0.8184030955235364,0.46855900000000006
48,153,0.82130864599516,0.46855900000000006
48,154,0.8241677076592373,0.46855900000000006
48,155,0.8269810243366894,0.46855900000000006
48,156,0.8297493279473025,0.46855900000000006
48,157,0.8324733387001457,0.46855900000000006
48,158,0.8351537652809433,0.46855900000000006
48,159,0.8377913050364484,0.46855900000000006
48,160,0.840386644155865,0.46855900000000006
48,161,0.8429404578493711,0.46855900000000006
48,162,0.8454534105237814,0.46855900000000006
48,163,0.8479261559554008,0.46855900000000006
48,164,0.8503593374601144,0.46855900000000006
48,165,0.8527535880607525,0.46855900000000006
48,166,0.8551095306517805,0.46855900000000006
48,167,0.8574277781613521,0.46855900000000006
48,168,0.8597089337107704,0.46855900000000006
48,169,0.8619535907713981,0.46855900000000006
48,170,0.8188559112328282,0.46855900000000006
48,171,0.8217542166531031,0.46855900000000006
48,172,0.8246061491866532,0.46855900000000006
48,173,0.827412450799667,0.46855900000000006
48,174,0.8301738515868722,0.46855900000000006
48,175,0.8328910699614822,0.46855900000000006
48,176,0.8355648128420985,0.46855900000000006
48,177,0.838195775836625,0.46855900000000006
48,178,0.840784643423239,0.46855900000000006
48,179,0.8433320891284671,0.46855900000000006
48,180,0.8458387757024116,0.46855900000000006
48,181,0.848305355291173,0.46855900000000006
48,182,0.8507324696065142,0.46855900000000006
48,183,0.8531207500928101,0.46855900000000006
48,184,0.8554708180913251,0.46855900000000006
48,185,0.8577832850018637,0.46855900000000006
48,186,0.860058752441834,0.46855900000000006
48,187,0.8622978124027647,0.46855900000000006
48,188,0.8645010474043204,0.46855900000000006
48,189,0.8666690306458513,0.46855900000000006
48,190,0.8688023261555177,0.46855900000000006
48,191,0.8709014889370292,0.46855900000000006
48,192,0.8729670651140369,0.46855900000000006
48,193,0.8749995920722122,0.46855900000000006
48,194,0.8769995985990569,0.46855900000000006
48,195,0.8789676050214721,0.46855900000000006
48,196,0.8809041233411286,0.46855900000000006
48,197,0.8368589171740721,0.46855900000000006
48,198,0.8394691744992869,0.46855900000000006
48,199,0.8420376677072984,0.46855900000000006
48,200,0.8445650650239817,0.46855900000000006
49,1,0.5063199999999999,0.0
49,2,0.5130428800000001,0.0
49,3,0.5200109939199999,0.0
49,4,0.5271145780172798,0.0
49,5,0.5342773767690033,0.0
49,6,0.5414465811406994,0.1
49,7,0.5485857855224482,0.1
49,8,0.555670057730089,0.1
49,9,0.5626824881496075,0.1
49,10,0.5696117742794539,0.1
49,11,0.5764505300491506,0.1
49,12,0.5831941024790818,0.19
49,13,0.5898397434769188,0.19
49,14,0.5963860302275397,0.19
49,15,0.6028324595962752,0.19
49,16,0.6091791643393981,0.19
49,17,0.6154267145776321,0.19
49,18,0.621575978951755,0.271
49,19,0.6276280275536824,0.271
49,20,0.6335840640984324,0.271
49,21,0.6394453785627835,0.271
49,22,0.6452133141487274,0.271
49,23,0.6508892442724116,0.271
49,24,0.6564745565690977,0.34390000000000004
49,25,0.6619706418075235,0.34390000000000004
49,26,0.667378886239075,0.34390000000000004
49,27,0.67270066634958,0.34390000000000004
49,28,0.677937345291218,0.34390000000000004
49,29,0.6830902704888204,0.34390000000000004
49,30,0.6881607720665823,0.40951000000000004
49,31,0.6931501618474254,0.40951000000000004
49,32,0.6980597327516024,0.40951000000000004
49,33,0.7028907584731918,0.40951000000000004
49,34,0.7076444933495514,0.40951000000000004
49,35,0.7123221723643098,0.40951000000000004
49,36,0.7169250112423268,0.46855900000000006
49,37,0.7214542066075416,0.46855900000000006
49,38,0.7259109361833855,0.46855900000000006
49,39,0.7302963590215465,0.46855900000000006
49,40,0.7346116157491684,0.46855900000000006
49,41,0.7388578288275582,0.46855900000000006
49,42,0.743036102817581,0.46855900000000006
49,43,0.7471475246483843,0.46855900000000006
49,44,0.7511931638871293,0.46855900000000006
49,45,0.7551740730081187,0.46855900000000006
49,46,0.7590912876602172,0.46855900000000006
49,47,0.7629458269318137,0.46855900000000006
49,48,0.7667386936128164,0.46855900000000006
49,49,0.7704708744533498,0.46855900000000006
49,50,0.7319473307306821,0.46855900000000006
49,51,0.7362361733958281,0.46855900000000006
49,52,0.7404563945912807,0.46855900000000006
49,53,0.7446090922566702,0.46855900000000006
49,54,0.7073786376438366,0.46855900000000006
49,55,0.7120605794267302,0.46855900000000006
49,56,0.716667610145539,0.46855900000000006
49,57,0.7212009283759561,0.46855900000000006
49,58,0.7256617135168625,0.46855900000000006
49,59,0.6893786278410194,0.46855900000000006
49,60,0.6943485697920085,0.46855900000000006
49,61,0.6992389926728481,0.46855900000000006
49,62,0.7040511687883406,0.46855900000000006
49,63,0.7087863500865079,0.46855900000000006
49,64,0.7134457684842702,0.46855900000000006
49,65,0.7180306361879245,0.46855900000000006
49,66,0.7225421460084995,0.46855900000000006
49,67,0.7269814716720707,0.46855900000000006
49,68,0.7313497681251127,0.46855900000000006
49,69,0.7356481718349673,0.46855900000000006
49,70,0.7398778010855074,0.46855900000000006
49,71,0.7440397562680692,0.46855900000000006
49,72,0.7481351201677306,0.46855900000000006
49,73,0.7521649582450126,0.46855900000000006
49,74,0.7561303189130684,0.46855900000000006
49,75,0.7600322338104423,0.46855900000000006
49,76,0.7638717180694634,0.46855900000000006
49,77,0.7676497705803438,0.46855900000000006
49,78,0.7713673742510523,0.46855900000000006
49,79,0.7750254962630315,0.46855900000000006
49,80,0.7362742214498798,0.46855900000000006
49,81,0.7404938339066788,0.46855900000000006
49,82,0.7446459325641699,0.46855900000000006
49,83,0.7487315976431417,0.46855900000000006
49,84,0.7527518920808502,0.46855900000000006
49,85,0.7567078618075562,0.46855900000000006
49,86,0.7606005360186348,0.46855900000000006
49,87,0.7644309274423363,0.46855900000000006
49,88,0.7682000326032588,0.46855900000000006
49,89,0.7719088320816063,0.46855900000000006
49,90,0.7755582907683005,0.46855900000000006
49,91,0.7791493581160076,0.46855900000000006
49,92,0.7826829683861514,0.46855900000000006
49,93,0.7861600408919731,0.46855900000000006
49,94,0.7895814802377015,0.46855900000000006
49,95,0.7929481765538984,0.46855900000000006
49,96,0.796261005729036,0.46855900000000006
49,97,0.7995208296373715,0.46855900000000006
49,98,0.7595447881555029,0.46855900000000006
49,99,0.7633920715450149,0.46855900000000006
49,100,0.7671777984002947,0.46855900000000006
49,101,0.7709029536258899,0.46855900000000006
49,102,0.7745685063678758,0.46855900000000006
49,103,0.7781754102659896,0.46855900000000006
49,104,0.7817246037017338,0.46855900000000006
49,105,0.785217010042506,0.46855900000000006
49,106,0.788653537881826,0.46855900000000006
49,107,0.7920350812757169,0.46855900000000006
49,108,0.7953625199753053,0.46855900000000006
49,109,0.7986367196557004,0.46855900000000006
49,110,0.8018585321412092,0.46855900000000006
49,111,0.8050287956269498,0.46855900000000006
49,112,0.8081483348969186,0.46855900000000006
49,113,0.811217961538568,0.46855900000000006
49,114,0.8142384741539509,0.46855900000000006
49,115,0.8172106585674876,0.46855900000000006
49,116,0.8201352880304078,0.46855900000000006
49,117,0.8230131234219213,0.46855900000000006
49,118,0.8258449134471706,0.46855900000000006
49,119,0.8286313948320159,0.46855900000000006
49,120,0.8313732925147035,0.46855900000000006
49,121,0.8340713198344682,0.46855900000000006
49,122,0.8367261787171166,0.46855900000000006
49,123,0.8393385598576428,0.46855900000000006
49,124,0.8419091428999206,0.46855900000000006
49,125,0.8444385966135218,0.46855900000000006
49,126,0.8469275790677054,0.46855900000000006
49,127,0.8493767378026222,0.46855900000000006
49,128,0.8517867099977801,0.46855900000000006
49,129,0.8541581226378157,0.46855900000000006
49,130,0.8564915926756106,0.46855900000000006
49,131,0.8587877271928008,0.46855900000000006
49,132,0.861047123557716,0.46855900000000006
49,133,0.8632703695807926,0.46855900000000006
49,134,0.8654580436674999,0.46855900000000006
49,135,0.8676107149688199,0.46855900000000006
49,136,0.8697289435293187,0.46855900000000006
49,137,0.8718132804328498,0.46855900000000006
49,138,0.8738642679459241,0.46855900000000006
49,139,0.8758824396587894,0.46855900000000006
49,140,0.83208831767585,0.46855900000000006
49,141,0.8347749045930362,0.46855900000000006
49,142,0.8374185061195478,0.46855900000000006
49,143,0.8400198100216351,0.46855900000000006
49,144,0.8425794930612888,0.46855900000000006
49,145,0.8450982211723082,0.46855900000000006
49,146,0.8475766496335512,0.46855900000000006
49,147,0.8500154232394144,0.46855900000000006
49,148,0.8524151764675837,0.46855900000000006
49,149,0.8547765336441022,0.46855900000000006
49,150,0.8571001091057967,0.46855900000000006
49,151,0.8593865073601039,0.46855900000000006
49,152,0.8616363232423423,0.46855900000000006
49,153,0.8638501420704647,0.46855900000000006
49,154,0.8660285397973373,0.46855900000000006
49,155,0.8681720831605799,0.46855900000000006
49,156,0.8702813298300107,0.46855900000000006
49,157,0.8723568285527306,0.46855900000000006
49,158,0.874399119295887,0.46855900000000006
49,159,0.8764087333871526,0.46855900000000006
49,160,0.8783861936529582,0.46855900000000006
49,161,0.8803320145545109,0.46855900000000006
49,162,0.8822467023216387,0.46855900000000006
49,163,0.8841307550844923,0.46855900000000006
49,164,0.8859846630031406,0.46855900000000006
49,165,0.8878089083950902,0.46855900000000006
49,166,0.8896039658607687,0.46855900000000006
49,167,0.8913703024069968,0.46855900000000006
49,168,0.8931083775684845,0.46855900000000006
49,169,0.8948186435273888,0.46855900000000006
49,170,0.8965015452309506,0.46855900000000006
49,171,0.8516764679694029,0.46855900000000006
49,172,0.8540496444818926,0.46855900000000006
49,173,0.8563848501701823,0.46855900000000006
49,174,0.8586826925674593,0.46855900000000006
49,175,0.86094376948638,0.46855900000000006
49,176,0.863168669174598,0.46855900000000006
49,177,0.8200102357158678,0.46855900000000006
49,178,0.8228900719444141,0.46855900000000006
49,179,0.8257238307933035,0.46855900000000006
49,180,0.8285122495006106,0.46855900000000006
49,181,0.8312560535086009,0.46855900000000006
49,182,0.8339559566524632,0.46855900000000006
49,183,0.8366126613460239,0.46855900000000006
49,184,0.8392268587644874,0.46855900000000006
49,185,0.8417992290242557,0.46855900000000006
49,186,0.8443304413598675,0.46855900000000006
49,187,0.8468211542981097,0.46855900000000006
49,188,0.8492720158293399,0.46855900000000006
49,189,0.8516836635760704,0.46855900000000006
49,190,0.8540567249588534,0.46855900000000006
49,191,0.8563918173595116,0.46855900000000006
49,192,0.8586895482817594,0.46855900000000006
49,193,0.8609505155092514,0.46855900000000006
49,194,0.8179029897337887,0.46855900000000006
49,195,0.8208165418980482,0.46855900000000006
49,196,0.8236834772276793,0.46855900000000006
49,197,0.8265045415920366,0.46855900000000006
49,198,0.8292804689265638,0.46855900000000006
49,199,0.8320119814237389,0.46855900000000006
49,200,0.834699789720959,0.46855900000000006
50,1,0.5063199999999999,0.0
50,2,0.5130428800000001,0.0
50,3,0.5200109939199999,0.0
50,4,0.5271145780172798,0.0
50,5,0.5342773767690033,0.0
50,6,0.5414465811406994,0.1
50,7,0.5485857855224482,0.1
50,8,0.555670057730089,0.1
50,9,0.5626824881496075,0.1
50,10,0.5696117742794539,0.1
50,11,0.5764505300491506,0.1
50,12,0.5831941024790818,0.19
50,13,0.5898397434769188,0.19
50,14,0.5963860302275397,0.19
50,15,0.6028324595962752,0.19
50,16,0.6091791643393981,0.19
50,17,0.6154267145776321,0.19
50,18,0.621575978951755,0.271
50,19,0.6276280275536824,0.271
50,20,0.6335840640984324,0.271
50,21,0.6394453785627835,0.271
50,22,0.6452133141487274,0.271
50,23,0.6508892442724116,0.271
50,24,0.6564745565690977,0.34390000000000004
50,25,0.6619706418075235,0.34390000000000004
50,26,0.667378886239075,0.34390000000000004
50,27,0.67270066634958,0.34390000000000004
50,28,0.677937345291218,0.34390000000000004
50,29,0.6830902704888204,0.34390000000000004
50,30,0.6881607720665823,0.40951000000000004
50,31,0.6931501618474254,0.40951000000000004
50,32,0.6980597327516024,0.40951000000000004
50,33,0.7028907584731918,0.40951000000000004
50,34,0.7076444933495514,0.40951000000000004
50,35,0.7123221723643098,0.40951000000000004
50,36,0.7169250112423268,0.46855900000000006
50,37,0.7214542066075416,0.46855900000000006
50,38,0.7259109361833855,0.46855900000000006
50,39,0.7302963590215465,0.46855900000000006
50,40,0.7346116157491684,0.46855900000000006
50,41,0.7388578288275582,0.46855900000000006
50,42,0.743036102817581,0.46855900000000006
50,43,0.7471475246483843,0.46855900000000006
50,44,0.7511931638871293,0.46855900000000006
50,45,0.7551740730081187,0.46855900000000006
50,46,0.7590912876602172,0.46855900000000006
50,47,0.7629458269318137,0.46855900000000006
50,48,0.7667386936128164,0.46855900000000006
50,49,0.7704708744533498,0.46855900000000006
50,50,0.7741433404189328,0.46855900000000006
50,51,0.7777570469420158,0.46855900000000006
50,52,0.7813129341697935,0.46855900000000006
50,53,0.784811927208272,0.46855900000000006
50,54,0.788254936362576,0.46855900000000006
50,55,0.7916428573735204,0.46855900000000006
50,56,0.7949765716504659,0.46855900000000006
50,57,0.7982569465005038,0.46855900000000006
50,58,0.8014848353540074,0.46855900000000006
50,59,0.8046610779866015,0.46855900000000006
50,60,0.8077865007375966,0.46855900000000006
50,61,0.8108619167249416,0.46855900000000006
50,62,0.8138881260567452,0.46855900000000006
50,63,0.8168659160394188,0.46855900000000006
50,64,0.8197960613824955,0.46855900000000006
50,65,0.8226793244001707,0.46855900000000006
50,66,0.8255164552096245,0.46855900000000006
50,67,0.8283081919261701,0.46855900000000006
50,68,0.8310552608552811,0.46855900000000006
50,69,0.8337583766815474,0.46855900000000006
50,70,0.8364182426546082,0.46855900000000006
50,71,0.8390355507721103,0.46855900000000006
50,72,0.8416109819597397,0.46855900000000006
50,73,0.844145206248372,0.46855900000000006
50,74,0.8466388829483897,0.46855900000000006
50,75,0.8490926608212097,0.46855900000000006
50,76,0.8515071782480662,0.46855900000000006
50,77,0.8538830633960941,0.46855900000000006
50,78,0.8562209343817548,0.46855900000000006
50,79,0.813409887662667,0.46855900000000006
50,80,0.7727393932795337,0.46855900000000006
50,81,0.7341024236155569,0.46855900000000006
50,82,0.7383567848377065,0.46855900000000006
50,83,0.7425430762803022,0.46855900000000006
50,84,0.7466623870598168,0.46855900000000006
50,85,0.7507157888668593,0.46855900000000006
50,86,0.7547043362449892,0.46855900000000006
50,87,0.7586290668650691,0.46855900000000006
50,88,0.7624910017952278,0.46855900000000006
50,89,0.7662911457665039,0.46855900000000006
50,90,0.7700304874342399,0.46855900000000006
50,91,0.7737099996352919,0.46855900000000006
50,92,0.777330639641127,0.46855900000000006
50,93,0.7808933494068693,0.46855900000000006
50,94,0.7843990558163593,0.46855900000000006
50,95,0.7878486709232976,0.46855900000000006
50,96,0.7912430921885248,0.46855900000000006
50,97,0.7945832027135085,0.46855900000000006
50,98,0.7978698714700923,0.46855900000000006
50,99,0.8011039535265709,0.46855900000000006
50,100,0.8042862902701458,0.46855900000000006
50,101,0.7640719757566384,0.46855900000000006
50,102,0.7678468241445323,0.46855900000000006
50,103,0.7715612749582197,0.46855900000000006
50,104,0.7752162945588881,0.46855900000000006
50,105,0.7788128338459461,0.46855900000000006
50,106,0.7823518285044109,0.46855900000000006
50,107,0.7858341992483402,0.46855900000000006
50,108,0.7892608520603669,0.46855900000000006
50,109,0.7926326784274009,0.46855900000000006
50,110,0.7959505555725627,0.46855900000000006
50,111,0.7992153466834016,0.46855900000000006
50,112,0.8024279011364672,0.46855900000000006
50,113,0.8055890547182838,0.46855900000000006
50,114,0.8086996298427913,0.46855900000000006
50,115,0.8117604357653064,0.46855900000000006
50,116,0.8147722687930617,0.46855900000000006
50,117,0.8177359124923725,0.46855900000000006
50,118,0.8206521378924947,0.46855900000000006
50,119,0.8235217036862148,0.46855900000000006
50,120,0.8263453564272354,0.46855900000000006
50,121,0.8291238307243998,0.46855900000000006
50,122,0.7876676391881796,0.46855900000000006
50,123,0.7910649569611687,0.46855900000000006
50,124,0.7515117091131103,0.46855900000000006
50,125,0.7554875217673004,0.46855900000000006
50,126,0.7593997214190236,0.46855900000000006
50,127,0.7632493258763194,0.46855900000000006
50,128,0.7670373366622982,0.46855900000000006
50,129,0.7707647392757015,0.46855900000000006
50,130,0.7744325034472902,0.46855900000000006
50,131,0.7780415833921336,0.46855900000000006
50,132,0.7815929180578596,0.46855900000000006
50,133,0.7850874313689336,0.46855900000000006
50,134,0.7885260324670307,0.46855900000000006
50,135,0.7919096159475582,0.46855900000000006
50,136,0.7952390620923973,0.46855900000000006
50,137,0.798515237098919,0.46855900000000006
50,138,0.8017389933053363,0.46855900000000006
50,139,0.8049111694124509,0.46855900000000006
50,140,0.8080325907018515,0.46855900000000006
50,141,0.8111040692506218,0.46855900000000006
50,142,0.814126404142612,0.46855900000000006
50,143,0.8171003816763301,0.46855900000000006
50,144,0.8200267755695089,0.46855900000000006
50,145,0.8229063471603967,0.46855900000000006
50,146,0.7817610298023768,0.46855900000000006
50,147,0.7852528533255388,0.46855900000000006
50,148,0.7886888076723302,0.46855900000000006
50,149,0.792069786749573,0.46855900000000006
50,150,0.7953966701615798,0.46855900000000006
50,151,0.7986703234389945,0.46855900000000006
50,152,0.8018915982639706,0.46855900000000006
50,153,0.8050613326917471,0.46855900000000006
50,154,0.8081803513686792,0.46855900000000006
50,155,0.8112494657467803,0.46855900000000006
50,156,0.8142694742948319,0.46855900000000006
50,157,0.7735560005800901,0.46855900000000006
50,158,0.7771791045708085,0.46855900000000006
50,159,0.7807442388976756,0.46855900000000006
50,160,0.784252331075313,0.46855900000000006
50,161,0.787704293778108,0.46855900000000006
50,162,0.7911010250776582,0.46855900000000006
50,163,0.7944434086764157,0.46855900000000006
50,164,0.797732314137593,0.46855900000000006
50,165,0.8009685971113916,0.46855900000000006
50,166,0.8041530995576093,0.46855900000000006
50,167,0.8072866499646876,0.46855900000000006
50,168,0.8103700635652527,0.46855900000000006
50,169,0.8134041425482085,0.46855900000000006
50,170,0.8163896762674373,0.46855900000000006
50,171,0.8193274414471581,0.46855900000000006
50,172,0.8222182023840038,0.46855900000000006
50,173,0.8250627111458597,0.46855900000000006
50,174,0.8278617077675259,0.46855900000000006
50,175,0.7864686223791495,0.46855900000000006
50,176,0.789885124421083,0.46855900000000006
50,177,0.7932469624303458,0.46855900000000006
50,178,0.7965550110314601,0.46855900000000006
50,179,0.7998101308549569,0.46855900000000006
50,180,0.8030131687612776,0.46855900000000006
50,181,0.8061649580610972,0.46855900000000006
50,182,0.8092663187321195,0.46855900000000006
50,183,0.8123180576324056,0.46855900000000006
50,184,0.8153209687102871,0.46855900000000006
50,185,0.8182758332109226,0.46855900000000006
50,186,0.8211834198795478,0.46855900000000006
50,187,0.824044485161475,0.46855900000000006
50,188,0.8268597733988914,0.46855900000000006
50,189,0.8296300170245091,0.46855900000000006
50,190,0.832355936752117,0.46855900000000006
50,191,0.835038241764083,0.46855900000000006
50,192,0.8376776298958577,0.46855900000000006
50,193,0.8402747878175238,0.46855900000000006
50,194,0.8428303912124436,0.46855900000000006
50,195,0.8453451049530445,0.46855900000000006
50,196,0.8478195832737958,0.46855900000000006
50,197,0.850254469941415,0.46855900000000006
50,198,0.8526503984223524,0.46855900000000006
50,199,0.8550079920475948,0.46855900000000006
50,200,0.8573278641748333,0.46855900000000006
51,1,0.5063199999999999,0.0
51,2,0.4810040000000001,0.0
51,3,0.488131936,0.0
51,4,0.495498625024,0.0
51,5,0.502994407023616,0.0
51,6,0.5105431285112381,0.1
51,7,0.5180920808550582,0.1
51,8,0.5256049572413773,0.1
51,9,0.5330569227015154,0.1
51,10,0.5404311632814911,0.1
51,11,0.5477164706092272,0.1
51,12,0.5549055512376475,0.19
51,13,0.5619938433285628,0.19
51,14,0.5689786884728082,0.19
51,15,0.5758587521034947,0.19
51,16,0.54706581449832,0.19
51,17,0.5543013673187229,0.19
51,18,0.5614245695382867,0.271
51,19,0.5684361932933386,0.271
51,20,0.5753373060080101,0.271
51,21,0.5821291733770374,0.271
51,22,0.5888131915886137,0.271
51,23,0.595390840013122,0.271
51,24,0.6018636482158604,0.34390000000000004
51,25,0.6082331729944703,0.34390000000000004
51,26,0.6145009824316034,0.34390000000000004
51,27,0.6206686448562291,0.34390000000000004
51,28,0.6267377212390013,0.34390000000000004
51,29,0.6327097599895077,0.34390000000000004
51,30,0.6385862934329066,0.40951000000000004
51,31,0.6443688354602418,0.40951000000000004
51,32,0.6500588799984613,0.40951000000000004
51,33,0.6556579000523942,0.40951000000000004
51,34,0.6611673471452917,0.40951000000000004
51,35,0.6665886510365822,0.40951000000000004
51,36,0.6719232196319274,0.46855900000000006
51,37,0.638327058650331,0.46855900000000006
51,38,0.6441138166202771,0.46855900000000006
51,39,0.6498079891901984,0.46855900000000006
51,40,0.6554110569082476,0.46855900000000006
51,41,0.6609244768792799,0.46855900000000006
51,42,0.6663496830663067,0.46855900000000006
51,43,0.6716880866092125,0.46855900000000006
51,44,0.6769410761538416,0.46855900000000006
51,45,0.6821100181866437,0.46855900000000006
51,46,0.687196257371542,0.46855900000000006
51,47,0.6922011168867164,0.46855900000000006
51,48,0.6971258987597124,0.46855900000000006
51,49,0.7019718841997855,0.46855900000000006
51,50,0.7067403339267486,0.46855900000000006
51,51,0.7114324884958326,0.46855900000000006
51,52,0.7160495686182377,0.46855900000000006
51,53,0.7205927754771827,0.46855900000000006
51,54,0.7250632910393335,0.46855900000000006
51,55,0.7294622783615542,0.46855900000000006
51,56,0.7337908818929645,0.46855900000000006
51,57,0.7380502277723134,0.46855900000000006
51,58,0.7011477163836978,0.46855900000000006
51,59,0.7059293529143041,0.46855900000000006
51,60,0.710634483262597,0.46855900000000006
51,61,0.7152643315268409,0.46855900000000006
51,62,0.7198201022199233,0.46855900000000006
51,63,0.6838290971089271,0.46855900000000006
51,64,0.6888878315534424,0.46855900000000006
51,65,0.6938656262473681,0.46855900000000006
51,66,0.6591723449349995,0.46855900000000006
51,67,0.6646255874151861,0.46855900000000006
51,68,0.6699915780159457,0.46855900000000006
51,69,0.6752717127672723,0.46855900000000006
51,70,0.6804673653627031,0.46855900000000006
51,71,0.6855798875166951,0.46855900000000006
51,72,0.6906106093162843,0.46855900000000006
51,73,0.6955608395671234,0.46855900000000006
51,74,0.700431866133979,0.46855900000000006
51,75,0.7052249562757862,0.46855900000000006
51,76,0.7099413569753394,0.46855900000000006
51,77,0.7145822952637098,0.46855900000000006
51,78,0.7191489785394738,0.46855900000000006
51,79,0.7236425948828302,0.46855900000000006
51,80,0.7280643133646966,0.46855900000000006
51,81,0.7324152843508556,0.46855900000000006
51,82,0.7366966398012379,0.46855900000000006
51,83,0.7409094935644152,0.46855900000000006
51,84,0.7450549416673826,0.46855900000000006
51,85,0.7078021945840135,0.46855900000000006
51,86,0.7124773594706678,0.46855900000000006
51,87,0.6768534914971343,0.46855900000000006
51,88,0.6820238356331793,0.46855900000000006
51,89,0.6871114542630476,0.46855900000000006
51,90,0.6921176709948383,0.46855900000000006
51,91,0.6970437882589205,0.46855900000000006
51,92,0.7018910876467778,0.46855900000000006
51,93,0.706660830244429,0.46855900000000006
51,94,0.711354256960518,0.46855900000000006
51,95,0.7159725888491497,0.46855900000000006
51,96,0.7205170274275632,0.46855900000000006
51,97,0.7249887549887222,0.46855900000000006
51,98,0.7293889349089027,0.46855900000000006
51,99,0.7337187119503603,0.46855900000000006
51,100,0.7379792125591544,0.46855900000000006
51,101,0.742171545158208,0.46855900000000006
51,102,0.7462968004356767,0.46855900000000006
51,103,0.7503560516287058,0.46855900000000006
51,104,0.7543503548026465,0.46855900000000006
51,105,0.7582807491258041,0.46855900000000006
51,106,0.7621482571397913,0.46855900000000006
51,107,0.7240408442828017,0.46855900000000006
51,108,0.7284561907742768,0.46855900000000006
51,109,0.7328008917218883,0.46855900000000006
51,110,0.7370760774543381,0.46855900000000006
51,111,0.7412828602150687,0.46855900000000006
51,112,0.7454223344516276,0.46855900000000006
51,113,0.7494955771004016,0.46855900000000006
51,114,0.7535036478667951,0.46855900000000006
51,115,0.7574475895009264,0.46855900000000006
51,116,0.71957521002588,0.46855900000000006
51,117,0.724062006665466,0.46855900000000006
51,118,0.7284770145588186,0.46855900000000006
51,119,0.7328213823258773,0.46855900000000006
51,120,0.7370962402086633,0.46855900000000006
51,121,0.7413027003653248,0.46855900000000006
51,122,0.7454418571594796,0.46855900000000006
51,123,0.7495147874449277,0.46855900000000006
51,124,0.753522550845809,0.46855900000000006
51,125,0.757466190032276,0.46855900000000006
51,126,0.7613467309917594,0.46855900000000006
51,127,0.7232793944421714,0.46855900000000006
51,128,0.6871154247200629,0.46855900000000006
51,129,0.692121577924542,0.46855900000000006
51,130,0.697047632677749,0.46855900000000006
51,131,0.7018948705549051,0.46855900000000006
51,132,0.7066645526260267,0.46855900000000006
51,133,0.7113579197840103,0.46855900000000006
51,134,0.7159761930674662,0.46855900000000006
51,135,0.7205205739783869,0.46855900000000006
51,136,0.7249922447947326,0.46855900000000006
51,137,0.7293923688780168,0.46855900000000006
51,138,0.7337220909759685,0.46855900000000006
51,139,0.737982537520353,0.46855900000000006
51,140,0.7421748169200273,0.46855900000000006
51,141,0.7463000198493069,0.46855900000000006
51,142,0.7503592195317179,0.46855900000000006
51,143,0.7543534720192105,0.46855900000000006
51,144,0.7582838164669032,0.46855900000000006
51,145,0.7621512754034326,0.46855900000000006
51,146,0.7659568549969776,0.46855900000000006
51,147,0.769701545317026,0.46855900000000006
51,148,0.7733863205919536,0.46855900000000006
51,149,0.7770121394624824,0.46855900000000006
51,150,0.7805799452310825,0.46855900000000006
51,151,0.7840906661073853,0.46855900000000006
51,152,0.787545215449667,0.46855900000000006
51,153,0.7909444920024724,0.46855900000000006
51,154,0.7942893801304329,0.46855900000000006
51,155,0.797580750048346,0.46855900000000006
51,156,0.8008194580475724,0.46855900000000006
51,157,0.8040063467188114,0.46855900000000006
51,158,0.8071422451713104,0.46855900000000006
51,159,0.8102279692485694,0.46855900000000006
51,160,0.8132643217405924,0.46855900000000006
51,161,0.816252092592743,0.46855900000000006
51,162,0.8191920591112589,0.46855900000000006
51,163,0.8220849861654788,0.46855900000000006
51,164,0.8249316263868313,0.46855900000000006
51,165,0.8277327203646421,0.46855900000000006
51,166,0.8304889968388076,0.46855900000000006
51,167,0.8332011728893868,0.46855900000000006
51,168,0.8358699541231566,0.46855900000000006
51,169,0.838496034857186,0.46855900000000006
51,170,0.8410800982994712,0.46855900000000006
51,171,0.8436228167266794,0.46855900000000006
51,172,0.8461248516590526,0.46855900000000006
51,173,0.8485868540325077,0.46855900000000006
51,174,0.8061575113308823,0.46855900000000006
51,175,0.7658496357643382,0.46855900000000006
51,176,0.7695960415921089,0.46855900000000006
51,177,0.773282504926635,0.46855900000000006
51,178,0.7769099848478088,0.46855900000000006
51,179,0.7804794250902439,0.46855900000000006
51,180,0.7839917542888003,0.46855900000000006
51,181,0.7874478862201794,0.46855900000000006
51,182,0.7908487200406566,0.46855900000000006
51,183,0.7941951405200062,0.46855900000000006
51,184,0.7974880182716859,0.46855900000000006
51,185,0.8007282099793389,0.46855900000000006
51,186,0.8039165586196695,0.46855900000000006
51,187,0.8070538936817547,0.46855900000000006
51,188,0.8101410313828467,0.46855900000000006
51,189,0.8131787748807211,0.46855900000000006
51,190,0.8161679144826296,0.46855900000000006
51,191,0.8191092278509075,0.46855900000000006
51,192,0.8220034802052931,0.46855900000000006
51,193,0.8248514245220082,0.46855900000000006
51,194,0.8276538017296563,0.46855900000000006
51,195,0.8304113409019817,0.46855900000000006
51,196,0.8331247594475499,0.46855900000000006
51,197,0.8357947632963892,0.46855900000000006
51,198,0.838422047083647,0.46855900000000006
51,199,0.8410072943303085,0.46855900000000006
51,200,0.8435511776210236,0.46855900000000006
52,1,0.5063199999999999,0.0
52,2,0.4810040000000001,0.0
52,3,0.488131936,0.0
52,4,0.495498625024,0.0
52,5,0.502994407023616,0.0
52,6,0.5105431285112381,0.1
52,7,0.5180920808550582,0.1
52,8,0.5256049572413773,0.1
52,9,0.5330569227015154,0.1
52,10,0.5404311632814911,0.1
52,11,0.5477164706092272,0.1
52,12,0.5549055512376475,0.19
52,13,0.5619938433285628,0.19
52,14,0.5689786884728082,0.19
52,15,0.5758587521034947,0.19
52,16,0.582633617922215,0.19
52,17,0.589303504132123,0.19
52,18,0.5958690649336733,0.271
52,19,0.6023312517020996,0.271
52,20,0.6086912159400215,0.271
52,21,0.6149502414705899,0.271
52,22,0.6211096970969867,0.271
52,23,0.6271710035863831,0.271
52,24,0.6331356106790648,0.34390000000000004
52,25,0.6390049811132446,0.34390000000000004
52,26,0.6447805795589637,0.34390000000000004
52,27,0.6504638649864922,0.34390000000000004
52,28,0.6560562854370386,0.34390000000000004
52,29,0.6615592744732772,0.34390000000000004
52,30,0.6669742488039666,0.40951000000000004
52,31,0.6723026067286864,0.40951000000000004
52,32,0.6775457271549358,0.40951000000000004
52,33,0.6827049690141926,0.40951000000000004
52,34,0.6877816709555805,0.40951000000000004
52,35,0.6927771512322218,0.40951000000000004
52,36,0.6976927077208577,0.46855900000000006
52,37,0.7025296180331698,0.46855900000000006
52,38,0.7072891396897312,0.46855900000000006
52,39,0.71197251033626,0.46855900000000006
52,40,0.6763738848194469,0.46855900000000006
52,41,0.681551900479431,0.46855900000000006
52,42,0.6474743054554593,0.46855900000000006
52,43,0.6531147150401386,0.46855900000000006
52,44,0.658664878529873,0.46855900000000006
52,45,0.6641262397246586,0.46855900000000006
52,46,0.6695002193649487,0.46855900000000006
52,47,0.6747882154882288,0.46855900000000006
52,48,0.6799916037836005,0.46855900000000006
52,49,0.6851117379432913,0.46855900000000006
52,50,0.6901499500103585,0.46855900000000006
52,51,0.6951075507221047,0.46855900000000006
52,52,0.6999858298488892,0.46855900000000006
52,53,0.7047860565281441,0.46855900000000006
52,54,0.7095094795934794,0.46855900000000006
52,55,0.7141573278988338,0.46855900000000006
52,56,0.7187308106376475,0.46855900000000006
52,57,0.7232311176570817,0.46855900000000006
52,58,0.7276594197673141,0.46855900000000006
52,59,0.7320168690459588,0.46855900000000006
52,60,0.7363045991376687,0.46855900000000006
52,61,0.7405237255489777,0.46855900000000006
52,62,0.7446753459384523,0.46855900000000006
52,63,0.7487605404022178,0.46855900000000006
52,64,0.7527803717549288,0.46855900000000006
52,65,0.7567358858062525,0.46855900000000006
52,66,0.7606281116329343,0.46855900000000006
52,67,0.7644580618465147,0.46855900000000006
52,68,0.7682267328567655,0.46855900000000006
52,69,0.7719351051309137,0.46855900000000006
52,70,0.7755841434487187,0.46855900000000006
52,71,0.7791747971534688,0.46855900000000006
52,72,0.7827080003989642,0.46855900000000006
52,73,0.7861846723925463,0.46855900000000006
52,74,0.7468754387729188,0.46855900000000006
52,75,0.7509254317525282,0.46855900000000006
52,76,0.7549106248444708,0.46855900000000006
52,77,0.7588320548469474,0.46855900000000006
52,78,0.762690741969388,0.46855900000000006
52,79,0.766487690097872,0.46855900000000006
52,80,0.770223887056302,0.46855900000000006
52,81,0.7739003048633981,0.46855900000000006
52,82,0.7775178999855819,0.46855900000000006
52,83,0.7810776135858111,0.46855900000000006
52,84,0.7845803717684372,0.46855900000000006
52,85,0.7880270858201415,0.46855900000000006
52,86,0.7914186524470189,0.46855900000000006
52,87,0.7947559540078661,0.46855900000000006
52,88,0.7980398587437401,0.46855900000000006
52,89,0.80127122100384,0.46855900000000006
52,90,0.8044508814677783,0.46855900000000006
52,91,0.8075796673642939,0.46855900000000006
52,92,0.8106583926864651,0.46855900000000006
52,93,0.8136878584034817,0.46855900000000006
52,94,0.816668852669026,0.46855900000000006
52,95,0.8196021510263216,0.46855900000000006
52,96,0.8224885166099005,0.46855900000000006
52,97,0.8253287003441422,0.46855900000000006
52,98,0.8281234411386358,0.46855900000000006
52,99,0.8308734660804176,0.46855900000000006
52,100,0.8335794906231309,0.46855900000000006
52,101,0.8362422187731606,0.46855900000000006
52,102,0.8388623432727902,0.46855900000000006
52,103,0.8414405457804255,0.46855900000000006
52,104,0.8439774970479388,0.46855900000000006
52,105,0.8017786221955419,0.46855900000000006
52,106,0.8049501642404133,0.46855900000000006
52,107,0.8080709616125666,0.46855900000000006
52,108,0.8111418262267656,0.46855900000000006
52,109,0.8141635570071373,0.46855900000000006
52,110,0.8171369400950231,0.46855900000000006
52,111,0.8200627490535026,0.46855900000000006
52,112,0.8229417450686467,0.46855900000000006
52,113,0.8257746771475484,0.46855900000000006
52,114,0.8285622823131875,0.46855900000000006
52,115,0.8313052857961767,0.46855900000000006
52,116,0.8340044012234378,0.46855900000000006
52,117,0.8366603308038629,0.46855900000000006
52,118,0.839273765511001,0.46855900000000006
52,119,0.841845385262825,0.46855900000000006
52,120,0.8443758590986198,0.46855900000000006
52,121,0.8468658453530418,0.46855900000000006
52,122,0.8493159918273931,0.46855900000000006
52,123,0.851726935958155,0.46855900000000006
52,124,0.8540993049828245,0.46855900000000006
52,125,0.8564337161030993,0.46855900000000006
52,126,0.8587307766454497,0.46855900000000006
52,127,0.8609910842191224,0.46855900000000006
52,128,0.8632152268716166,0.46855900000000006
52,129,0.8654037832416707,0.46855900000000006
52,130,0.8675573227098038,0.46855900000000006
52,131,0.869676405546447,0.46855900000000006
52,132,0.8717615830577039,0.46855900000000006
52,133,0.8281735039048186,0.46855900000000006
52,134,0.8309227278423416,0.46855900000000006
52,135,0.8336279641968641,0.46855900000000006
52,136,0.8362899167697144,0.46855900000000006
52,137,0.8389092781013989,0.46855900000000006
52,138,0.8414867296517766,0.46855900000000006
52,139,0.8440229419773481,0.46855900000000006
52,140,0.8465185749057105,0.46855900000000006
52,141,0.8489742777072191,0.46855900000000006
52,142,0.8513906892639035,0.46855900000000006
52,143,0.8537684382356812,0.46855900000000006
52,144,0.8561081432239103,0.46855900000000006
52,145,0.8584104129323278,0.46855900000000006
52,146,0.8606758463254105,0.46855900000000006
52,147,0.8629050327842037,0.46855900000000006
52,148,0.8650985522596566,0.46855900000000006
52,149,0.867256975423502,0.46855900000000006
52,150,0.869380863816726,0.46855900000000006
52,151,0.8714707699956584,0.46855900000000006
52,152,0.8735272376757279,0.46855900000000006
52,153,0.8755508018729163,0.46855900000000006
52,154,0.8775419890429497,0.46855900000000006
52,155,0.8795013172182624,0.46855900000000006
52,156,0.8814292961427703,0.46855900000000006
52,157,0.883326427404486,0.46855900000000006
52,158,0.8851932045660142,0.46855900000000006
52,159,0.887030113292958,0.46855900000000006
52,160,0.8888376314802707,0.46855900000000006
52,161,0.8906162293765864,0.46855900000000006
52,162,0.892366369706561,0.46855900000000006
52,163,0.8940885077912559,0.46855900000000006
52,164,0.8957830916665961,0.46855900000000006
52,165,0.8974505621999305,0.46855900000000006
52,166,0.8990913532047315,0.46855900000000006
52,167,0.9007058915534557,0.46855900000000006
52,168,0.9022945972886005,0.46855900000000006
52,169,0.9038578837319828,0.46855900000000006
52,170,0.9053961575922711,0.46855900000000006
52,171,0.9069098190707947,0.46855900000000006
52,172,0.9083992619656621,0.46855900000000006
52,173,0.862979298867379,0.46855900000000006
52,174,0.8651716300855009,0.46855900000000006
52,175,0.8673288840041329,0.46855900000000006
52,176,0.8694516218600669,0.46855900000000006
52,177,0.8259790407670634,0.46855900000000006
52,178,0.8287633761147906,0.46855900000000006
52,179,0.8315031620969539,0.46855900000000006
52,180,0.8341991115034026,0.46855900000000006
52,181,0.8368519257193482,0.46855900000000006
52,182,0.7950093294333807,0.46855900000000006
52,183,0.7982891801624465,0.46855900000000006
52,184,0.7583747211543244,0.46855900000000006
52,185,0.762240725615855,0.46855900000000006
52,186,0.7660448740060015,0.46855900000000006
52,187,0.7697881560219055,0.46855900000000006
52,188,0.773471545525555,0.46855900000000006
52,189,0.777096000797146,0.46855900000000006
52,190,0.7806624647843918,0.46855900000000006
52,191,0.7841718653478417,0.46855900000000006
52,192,0.7876251155022762,0.46855900000000006
52,193,0.7910231136542397,0.46855900000000006
52,194,0.7943667438357719,0.46855900000000006
52,195,0.7976568759343995,0.46855900000000006
52,196,0.7577740321376795,0.46855900000000006
52,197,0.7616496476234766,0.46855900000000006
52,198,0.7235671652423028,0.46855900000000006
52,199,0.727990090598426,0.46855900000000006
52,200,0.7323422491488512,0.46855900000000006
53,1,0.5063199999999999,0.0
53,2,0.5130428800000001,0.0
53,3,0.5200109939199999,0.0
53,4,0.5271145780172798,0.0
53,5,0.5342773767690033,0.0
53,6,0.5414465811406994,0.1
53,7,0.5485857855224482,0.1
53,8,0.555670057730089,0.1
53,9,0.5626824881496075,0.1
53,10,0.5696117742794539,0.1
53,11,0.5764505300491506,0.1
53,12,0.5831941024790818,0.19
53,13,0.5540343973551277,0.19
53,14,0.561146593634948,0.19
53,15,0.5681519707830402,0.19
53,16,0.5750501451028879,0.19
53,17,0.581841366877905,0.19
53,18,0.5885263218755228,0.271
53,19,0.5951059925328794,0.271
53,20,0.601581560917509,0.271
53,21,0.6079543409284376,0.271
53,22,0.6142257309635087,0.271
53,23,0.620397180911041,0.271
53,24,0.626470169166528,0.34390000000000004
53,25,0.6324461866649081,0.34390000000000004
53,26,0.6383267258218009,0.34390000000000004
53,27,0.6441132729091239,0.34390000000000004
53,28,0.6498073028329083,0.34390000000000004
53,29,0.655410275590813,0.34390000000000004
53,30,0.6609236339036217,0.40951000000000004
53,31,0.6663488016667471,0.40951000000000004
53,32,0.6716871829739873,0.40951000000000004
53,33,0.6769401615401394,0.40951000000000004
53,34,0.6821091004011122,0.40951000000000004
53,35,0.6871953418066249,0.40951000000000004
53,36,0.6922002072460703,0.46855900000000006
53,37,0.697124997565979,0.46855900000000006
53,38,0.7019709931500155,0.46855900000000006
53,39,0.7067394541411797,0.46855900000000006
53,40,0.7114316206920159,0.46855900000000006
53,41,0.7160487132329102,0.46855900000000006
53,42,0.7205919327515603,0.46855900000000006
53,43,0.7250624610787988,0.46855900000000006
53,44,0.7294614611774228,0.46855900000000006
53,45,0.733790077431703,0.46855900000000006
53,46,0.7380494359359793,0.46855900000000006
53,47,0.7011469641391803,0.46855900000000006
53,48,0.7059286125331818,0.46855900000000006
53,49,0.7106337546068107,0.46855900000000006
53,50,0.7152636144450139,0.46855900000000006
53,51,0.7198193965522319,0.46855900000000006
53,52,0.7243022861642331,0.46855900000000006
53,53,0.728713449555391,0.46855900000000006
53,54,0.7330540343413547,0.46855900000000006
53,55,0.7373251697770883,0.46855900000000006
53,56,0.7415279670502912,0.46855900000000006
53,57,0.7456635195702322,0.46855900000000006
53,58,0.7497329032520302,0.46855900000000006
53,59,0.7537371767964431,0.46855900000000006
53,60,0.7576773819652117,0.46855900000000006
53,61,0.7615545438520266,0.46855900000000006
53,62,0.7234768166594251,0.46855900000000006
53,63,0.727901187591655,0.46855900000000006
53,64,0.7322547685893351,0.46855900000000006
53,65,0.7365386922913083,0.46855900000000006
53,66,0.699711757676743,0.46855900000000006
53,67,0.7045163695534968,0.46855900000000006
53,68,0.7092441076403481,0.46855900000000006
53,69,0.7138962019178976,0.46855900000000006
53,70,0.7184738626870678,0.46855900000000006
53,71,0.7229782808839742,0.46855900000000006
53,72,0.7274106283897603,0.46855900000000006
53,73,0.7317720583354749,0.46855900000000006
53,74,0.7360637054020731,0.46855900000000006
53,75,0.7402866861156159,0.46855900000000006
53,76,0.7444420991377491,0.46855900000000006
53,77,0.7485310255515332,0.46855900000000006
53,78,0.7525545291427003,0.46855900000000006
53,79,0.7565136566764112,0.46855900000000006
53,80,0.7604094381695845,0.46855900000000006
53,81,0.7642428871588682,0.46855900000000006
53,82,0.7680150009643245,0.46855900000000006
53,83,0.7717267609488939,0.46855900000000006
53,84,0.7753791327737105,0.46855900000000006
53,85,0.7789730666493304,0.46855900000000006
53,86,0.7825094975829409,0.46855900000000006
53,87,0.7859893456216135,0.46855900000000006
53,88,0.7894135160916672,0.46855900000000006
53,89,0.7927828998342006,0.46855900000000006
53,90,0.7960983734368533,0.46855900000000006
53,91,0.7993607994618636,0.46855900000000006
53,92,0.8025710266704735,0.46855900000000006
53,93,0.805729890243746,0.46855900000000006
53,94,0.8088382119998461,0.46855900000000006
53,95,0.8118968006078486,0.46855900000000006
53,96,0.8149064517981228,0.46855900000000006
53,97,0.8178679485693529,0.46855900000000006
53,98,0.8207820613922433,0.46855900000000006
53,99,0.8236495484099674,0.46855900000000006
53,100,0.826471155635408,0.46855900000000006
53,101,0.8292476171452414,0.46855900000000006
53,102,0.8319796552709174,0.46855900000000006
53,103,0.8346679807865829,0.46855900000000006
53,104,0.8373132930939976,0.46855900000000006
53,105,0.8399162804044936,0.46855900000000006
53,106,0.8424776199180217,0.46855900000000006
53,107,0.8449979779993335,0.46855900000000006
53,108,0.8474780103513441,0.46855900000000006
53,109,0.8499183621857226,0.46855900000000006
53,110,0.852319668390751,0.46855900000000006
53,111,0.854682553696499,0.46855900000000006
53,112,0.857007632837355,0.46855900000000006
53,113,0.8592955107119573,0.46855900000000006
53,114,0.861546782540566,0.46855900000000006
53,115,0.863762034019917,0.46855900000000006
53,116,0.8659418414755983,0.46855900000000006
53,117,0.8680867720119888,0.46855900000000006
53,118,0.870197383659797,0.46855900000000006
53,119,0.8722742255212402,0.46855900000000006
53,120,0.8743178379129006,0.46855900000000006
53,121,0.8763287525062943,0.46855900000000006
53,122,0.8783074924661933,0.46855900000000006
53,123,0.8802545725867343,0.46855900000000006
53,124,0.8821704994253465,0.46855900000000006
53,125,0.884055771434541,0.46855900000000006
53,126,0.8859108790915883,0.46855900000000006
53,127,0.8877363050261231,0.46855900000000006
53,128,0.8895325241457052,0.46855900000000006
53,129,0.8913000037593738,0.46855900000000006
53,130,0.893039203699224,0.46855900000000006
53,131,0.8947505764400361,0.46855900000000006
53,132,0.8964345672169959,0.46855900000000006
53,133,0.8980916141415239,0.46855900000000006
53,134,0.8997221483152595,0.46855900000000006
53,135,0.9013265939422153,0.46855900000000006
53,136,0.9029053684391398,0.46855900000000006
53,137,0.9044588825441137,0.46855900000000006
53,138,0.9059875404234077,0.46855900000000006
53,139,0.9074917397766333,0.46855900000000006
53,140,0.908971871940207,0.46855900000000006
53,141,0.9104283219891638,0.46855900000000006
53,142,0.9118614688373372,0.46855900000000006
53,143,0.9132716853359397,0.46855900000000006
53,144,0.914659338370565,0.46855900000000006
53,145,0.9160247889566356,0.46855900000000006
53,146,0.9173683923333297,0.46855900000000006
53,147,0.9186904980559965,0.46855900000000006
53,148,0.9199914500871003,0.46855900000000006
53,149,0.9212715868857068,0.46855900000000006
53,150,0.9225312414955354,0.46855900000000006
53,151,0.9237707416316068,0.46855900000000006
53,152,0.9249904097655012,0.46855900000000006
53,153,0.9261905632092532,0.46855900000000006
53,154,0.927371514197905,0.46855900000000006
53,155,0.9285335699707387,0.46855900000000006
53,156,0.9296770328512067,0.46855900000000006
53,157,0.9308022003255875,0.46855900000000006
53,158,0.9319093651203781,0.46855900000000006
53,159,0.9329988152784521,0.46855900000000006
53,160,0.934070834233997,0.46855900000000006
53,161,0.9351257008862529,0.46855900000000006
53,162,0.9361636896720729,0.46855900000000006
53,163,0.9371850706373197,0.46855900000000006
53,164,0.9381901095071224,0.46855900000000006
53,165,0.9391790677550086,0.46855900000000006
53,166,0.9401522026709286,0.46855900000000006
53,167,0.9411097674281935,0.46855900000000006
53,168,0.9420520111493426,0.46855900000000006
53,169,0.9429791789709532,0.46855900000000006
53,170,0.943891512107418,0.46855900000000006
53,171,0.9447892479136991,0.46855900000000006
53,172,0.9456726199470801,0.46855900000000006
53,173,0.9465418580279266,0.46855900000000006
53,174,0.9473971882994798,0.46855900000000006
53,175,0.9482388332866881,0.46855900000000006
53,176,0.9490670119541011,0.46855900000000006
53,177,0.9498819397628356,0.46855900000000006
53,178,0.9506838287266302,0.46855900000000006
53,179,0.9514728874670041,0.46855900000000006
53,180,0.952249321267532,0.46855900000000006
53,181,0.9530133321272516,0.46855900000000006
53,182,0.9537651188132156,0.46855900000000006
53,183,0.9545048769122039,0.46855900000000006
53,184,0.9552327988816087,0.46855900000000006
53,185,0.9559490740995031,0.46855900000000006
53,186,0.956653888913911,0.46855900000000006
53,187,0.9573474266912886,0.46855900000000006
53,188,0.958029867864228,0.46855900000000006
53,189,0.9587013899784,0.46855900000000006
53,190,0.9593621677387457,0.46855900000000006
53,191,0.9600123730549258,0.46855900000000006
53,192,0.9606521750860469,0.46855900000000006
53,193,0.9612817402846703,0.46855900000000006
53,194,0.9619012324401156,0.46855900000000006
53,195,0.9625108127210739,0.46855900000000006
53,196,0.9631106397175365,0.46855900000000006
53,197,0.9637008694820558,0.46855900000000006
53,198,0.9155158260079531,0.46855900000000006
53,199,0.916867572791826,0.46855900000000006
53,200,0.9181976916271566,0.46855900000000006
54,1,0.5063199999999999,0.0
54,2,0.5130428800000001,0.0
54,3,0.5200109939199999,0.0
54,4,0.5271145780172798,0.0
54,5,0.5007588491164159,0.0
54,6,0.5083433395305532,0.1
54,7,0.5159274884980645,0.1
54,8,0.5234749983620953,0.1
54,9,0.5309610431643018,0.1
54,10,0.5044129910060866,0.1
54,11,0.5122455344931893,0.1
54,12,0.5199818118815384,0.19
54,13,0.5276146470496019,0.19
54,14,0.5351395936075257,0.19
54,15,0.5425541067473076,0.19
54,16,0.5498569636856023,0.19
54,17,0.5570478581190088,0.19
54,18,0.564127116485768,0.271
54,19,0.57109549948966,0.271
54,20,0.5779540633051905,0.271
54,21,0.5847040625574629,0.271
54,22,0.5913468825421522,0.271
54,23,0.5978839919114041,0.271
54,24,0.6043169096837698,0.34390000000000004
54,25,0.6106471822788933,0.34390000000000004
54,26,0.6168763675674757,0.34390000000000004
54,27,0.6230060238299273,0.34390000000000004
54,28,0.6290377021491204,0.34390000000000004
54,29,0.6349729412050646,0.34390000000000004
54,30,0.6408132637490149,0.40951000000000004
54,31,0.6465601742512925,0.40951000000000004
54,32,0.652215157368855,0.40951000000000004
54,33,0.6577796769848617,0.40951000000000004
54,34,0.6632551756468398,0.40951000000000004
54,35,0.6686430742821055,0.40951000000000004
54,36,0.6739447721055223,0.46855900000000006
54,37,0.6791616466601853,0.46855900000000006
54,38,0.6842950539494683,0.46855900000000006
54,39,0.6893463286313688,0.46855900000000006
54,40,0.6943167842548313,0.46855900000000006
54,41,0.6992077135238491,0.46855900000000006
54,42,0.7040203885794342,0.46855900000000006
54,43,0.7087560612925399,0.46855900000000006
54,44,0.7134159635631229,0.46855900000000006
54,45,0.7180013076219975,0.46855900000000006
54,46,0.7225132863331647,0.46855900000000006
54,47,0.7269530734950174,0.46855900000000006
54,48,0.7313218241393254,0.46855900000000006
54,49,0.7356206748272562,0.46855900000000006
54,50,0.739850743941932,0.46855900000000006
54,51,0.7440131319771994,0.46855900000000006
54,52,0.7481089218224011,0.46855900000000006
54,53,0.7521391790430283,0.46855900000000006
54,54,0.75610495215719,0.46855900000000006
54,55,0.7600072729078701,0.46855900000000006
54,56,0.7638471565309806,0.46855900000000006
54,57,0.7256547987044314,0.46855900000000006
54,58,0.7300443219179061,0.46855900000000006
54,59,0.7343636127621415,0.46855900000000006
54,60,0.7386137949543926,0.46855900000000006
54,61,0.742795974232634,0.46855900000000006
54,62,0.74691123864317,0.46855900000000006
54,63,0.7509606588236599,0.46855900000000006
54,64,0.754945288281628,0.46855900000000006
54,65,0.7171980238675466,0.46855900000000006
54,66,0.7217228554850684,0.46855900000000006
54,67,0.7261752897968892,0.46855900000000006
54,68,0.6898665253070446,0.46855900000000006
54,69,0.6948286609018393,0.46855900000000006
54,70,0.6997114023272049,0.46855900000000006
54,71,0.7045160198898263,0.46855900000000006
54,72,0.7092437635714884,0.46855900000000006
54,73,0.7138958633542744,0.46855900000000006
54,74,0.7184735295405568,0.46855900000000006
54,75,0.7229779530678735,0.46855900000000006
54,76,0.7274103058187633,0.46855900000000006
54,77,0.7317717409256463,0.46855900000000006
54,78,0.7360633930708242,0.46855900000000006
54,79,0.7402863787816826,0.46855900000000006
54,80,0.7444417967211698,0.46855900000000006
54,81,0.7072197068851114,0.46855900000000006
54,82,0.7119041915749452,0.46855900000000006
54,83,0.7165137245097435,0.46855900000000006
54,84,0.7210495049175856,0.46855900000000006
54,85,0.7255127128389026,0.46855900000000006
54,86,0.7299045094334791,0.46855900000000006
54,87,0.7342260372825429,0.46855900000000006
54,88,0.6975147354184157,0.46855900000000006
54,89,0.7023544996517206,0.46855900000000006
54,90,0.7071168276572928,0.46855900000000006
54,91,0.7118029584147758,0.46855900000000006
54,92,0.7164141110801393,0.46855900000000006
54,93,0.720951485302857,0.46855900000000006
54,94,0.7254162615380111,0.46855900000000006
54,95,0.7298096013534029,0.46855900000000006
54,96,0.7341326477317484,0.46855900000000006
54,97,0.7383865253680406,0.46855900000000006
54,98,0.7425723409621519,0.46855900000000006
54,99,0.7466911835067574,0.46855900000000006
54,100,0.7507441245706492,0.46855900000000006
54,101,0.754732218577519,0.46855900000000006
54,102,0.7586565030802788,0.46855900000000006
54,103,0.762517999030994,0.46855900000000006
54,104,0.7663177110464983,0.46855900000000006
54,105,0.7700566276697544,0.46855900000000006
54,106,0.7737357216270382,0.46855900000000006
54,107,0.7773559500810057,0.46855900000000006
54,108,0.7809182548797093,0.46855900000000006
54,109,0.7844235628016341,0.46855900000000006
54,110,0.787872785796808,0.46855900000000006
54,111,0.7912668212240589,0.46855900000000006
54,112,0.794606552084474,0.46855900000000006
54,113,0.7978928472511224,0.46855900000000006
54,114,0.8011265616951044,0.46855900000000006
54,115,0.8043085367079827,0.46855900000000006
54,116,0.8074396001206552,0.46855900000000006
54,117,0.8105205665187245,0.46855900000000006
54,118,0.8135522374544252,0.46855900000000006
54,119,0.8165354016551543,0.46855900000000006
54,120,0.8194708352286717,0.46855900000000006
54,121,0.8223593018650132,0.46855900000000006
54,122,0.8252015530351728,0.46855900000000006
54,123,0.8279983281866101,0.46855900000000006
54,124,0.8307503549356243,0.46855900000000006
54,125,0.8334583492566543,0.46855900000000006
54,126,0.8361230156685477,0.46855900000000006
54,127,0.838745047417851,0.46855900000000006
54,128,0.8413251266591655,0.46855900000000006
54,129,0.7992588703262072,0.46855900000000006
54,130,0.7592959268098969,0.46855900000000006
54,131,0.7631471919809385,0.46855900000000006
54,132,0.7669368369092434,0.46855900000000006
54,133,0.7706658475186955,0.46855900000000006
54,134,0.7743351939583965,0.46855900000000006
54,135,0.777945830855062,0.46855900000000006
54,136,0.781498697561381,0.46855900000000006
54,137,0.7849947184003989,0.46855900000000006
54,138,0.7884348029059927,0.46855900000000006
54,139,0.7918198460594966,0.46855900000000006
54,140,0.7951507285225448,0.46855900000000006
54,141,0.7984283168661841,0.46855900000000006
54,142,0.8016534637963251,0.46855900000000006
54,143,0.8048270083755839,0.46855900000000006
54,144,0.7645856579568047,0.46855900000000006
54,145,0.7683522874294957,0.46855900000000006
54,146,0.7720586508306237,0.46855900000000006
54,147,0.775705712417334,0.46855900000000006
54,148,0.7792944210186565,0.46855900000000006
54,149,0.7403296999677237,0.46855900000000006
54,150,0.7444844247682401,0.46855900000000006
54,151,0.7485726739719482,0.46855900000000006
54,152,0.7525955111883971,0.46855900000000006
54,153,0.7565539830093827,0.46855900000000006
54,154,0.7604491192812326,0.46855900000000006
54,155,0.7642819333727328,0.46855900000000006
54,156,0.7680534224387692,0.46855900000000006
54,157,0.7717645676797489,0.46855900000000006
54,158,0.7754163345968729,0.46855900000000006
54,159,0.7790096732433229,0.46855900000000006
54,160,0.7825455184714298,0.46855900000000006
54,161,0.7860247901758869,0.46855900000000006
54,162,0.7894483935330727,0.46855900000000006
54,163,0.7928172192365437,0.46855900000000006
54,164,0.7961321437287588,0.46855900000000006
54,165,0.7993940294290987,0.46855900000000006
54,166,0.8026037249582331,0.46855900000000006
54,167,0.8057620653589014,0.46855900000000006
54,168,0.8088698723131589,0.46855900000000006
54,169,0.8119279543561484,0.46855900000000006
54,170,0.8149371070864501,0.46855900000000006
54,171,0.8178981133730667,0.46855900000000006
54,172,0.8208117435590978,0.46855900000000006
54,173,0.8236787556621522,0.46855900000000006
54,174,0.8264998955715578,0.46855900000000006
54,175,0.829275897242413,0.46855900000000006
54,176,0.8320074828865343,0.46855900000000006
54,177,0.8346953631603498,0.46855900000000006
54,178,0.8373402373497841,0.46855900000000006
54,179,0.8399427935521876,0.46855900000000006
54,180,0.8425037088553526,0.46855900000000006
54,181,0.8450236495136669,0.46855900000000006
54,182,0.8475032711214483,0.46855900000000006
54,183,0.8499432187835051,0.46855900000000006
54,184,0.8523441272829692,0.46855900000000006
54,185,0.8547066212464417,0.46855900000000006
54,186,0.8570313153064987,0.46855900000000006
54,187,0.8593188142615947,0.46855900000000006
54,188,0.8615697132334093,0.46855900000000006
54,189,0.8637845978216747,0.46855900000000006
54,190,0.865964044256528,0.46855900000000006
54,191,0.8681086195484236,0.46855900000000006
54,192,0.8702188816356488,0.46855900000000006
54,193,0.8722953795294783,0.46855900000000006
54,194,0.8743386534570068,0.46855900000000006
54,195,0.8763492350016946,0.46855900000000006
54,196,0.8783276472416673,0.46855900000000006
54,197,0.8802744048858008,0.46855900000000006
54,198,0.8821900144076281,0.46855900000000006
54,199,0.8840749741771059,0.46855900000000006
54,200,0.8859297745902722,0.46855900000000006
55,1,0.5063199999999999,0.0
55,2,0.5130428800000001,0.0
55,3,0.5200109939199999,0.0
55,4,0.5271145780172798,0.0
55,5,0.5342773767690033,0.0
55,6,0.5414465811406994,0.1
55,7,0.5485857855224482,0.1
55,8,0.5211564962463257,0.1
55,9,0.5286796370823846,0.1
55,10,0.5361239142322665,0.1
55,11,0.5434781375447902,0.1
55,12,0.5507350315022418,0.19
55,13,0.5231982799271295,0.19
55,14,0.530793888359013,0.19
55,15,0.5382779327827711,0.19
55,16,0.5456492085044984,0.19
55,17,0.5529074270208024,0.19
55,18,0.5600529322851331,0.271
55,19,0.5670865022362352,0.271
55,20,0.5740092100078205,0.271
55,21,0.5808223269128507,0.271
55,22,0.5875272546678538,0.271
55,23,0.5581508919344611,0.271
55,24,0.565219137153436,0.34390000000000004
55,25,0.5721746926019293,0.34390000000000004
55,26,0.5790192406703623,0.34390000000000004
55,27,0.5857544730246811,0.34390000000000004
55,28,0.5923820795998174,0.34390000000000004
55,29,0.5989037410266923,0.34390000000000004
55,30,0.6053211234605955,0.40951000000000004
55,31,0.6116358750884572,0.40951000000000004
55,32,0.6178496238093036,0.40951000000000004
55,33,0.623963975733938,0.40951000000000004
55,34,0.592765776947241,0.40951000000000004
55,35,0.5992814866499935,0.40951000000000004
55,36,0.6056929563573294,0.46855900000000006
55,37,0.6120018505012272,0.46855900000000006
55,38,0.6182098079051382,0.46855900000000006
55,39,0.6243184418870074,0.46855900000000006
55,40,0.6303293404526611,0.46855900000000006
55,41,0.6362440665505106,0.46855900000000006
55,42,0.642064158367267,0.46855900000000006
55,43,0.6477911296504858,0.46855900000000006
55,44,0.6534264700480447,0.46855900000000006
55,45,0.6589716454576526,0.46855900000000006
55,46,0.6644280983815937,0.46855900000000006
55,47,0.6697972482833727,0.46855900000000006
55,48,0.6750804919439579,0.46855900000000006
55,49,0.6802792038160381,0.46855900000000006
55,50,0.6853947363752099,0.46855900000000006
55,51,0.6904284204673663,0.46855900000000006
55,52,0.6953815656518003,0.46855900000000006
55,53,0.7002554605397099,0.46855900000000006
55,54,0.7050513731279116,0.46855900000000006
55,55,0.7097705511276506,0.46855900000000006
55,56,0.7144142222884583,0.46855900000000006
55,57,0.718983594717038,0.46855900000000006
55,58,0.7234798571912019,0.46855900000000006
55,59,0.7279041794688882,0.46855900000000006
55,60,0.7322577125923078,0.46855900000000006
55,61,0.7365415891872761,0.46855900000000006
55,62,0.7407569237577916,0.46855900000000006
55,63,0.744904812975925,0.46855900000000006
55,64,0.748986335967091,0.46855900000000006
55,65,0.7530025545907639,0.46855900000000006
55,66,0.7569545137167142,0.46855900000000006
55,67,0.7608432414968288,0.46855900000000006
55,68,0.7646697496325867,0.46855900000000006
55,69,0.7684350336382604,0.46855900000000006
55,70,0.7721400730999048,0.46855900000000006
55,71,0.7335330694449096,0.46855900000000006
55,72,0.7377965403336904,0.46855900000000006
55,73,0.7419917956882811,0.46855900000000006
55,74,0.7461199269572194,0.46855900000000006
55,75,0.7501820081258694,0.46855900000000006
55,76,0.7541790959958314,0.46855900000000006
55,77,0.7581122304598813,0.46855900000000006
55,78,0.7202066189368871,0.46855900000000006
55,79,0.724683313033885,0.46855900000000006
55,80,0.7290883800253346,0.46855900000000006
55,81,0.7334229659449234,0.46855900000000006
55,82,0.7376881984898007,0.46855900000000006
55,83,0.7418851873139609,0.46855900000000006
55,84,0.7460150243169357,0.46855900000000006
55,85,0.7500787839278632,0.46855900000000006
55,86,0.7540775233850165,0.46855900000000006
55,87,0.7580122830108555,0.46855900000000006
55,88,0.7618840864826815,0.46855900000000006
55,89,0.7656939410989583,0.46855900000000006
55,90,0.7694428380413747,0.46855900000000006
55,91,0.7731317526327126,0.46855900000000006
55,92,0.776761644590589,0.46855900000000006
55,93,0.7803334582771394,0.46855900000000006
55,94,0.7838481229447051,0.46855900000000006
55,95,0.7873065529775898,0.46855900000000006
55,96,0.7907096481299484,0.46855900000000006
55,97,0.7940582937598692,0.46855900000000006
55,98,0.7973533610597113,0.46855900000000006
55,99,0.800595707282756,0.46855900000000006
55,100,0.803786175966232,0.46855900000000006
55,101,0.8069255971507723,0.46855900000000006
55,102,0.8100147875963598,0.46855900000000006
55,103,0.8130545509948182,0.46855900000000006
55,104,0.8160456781789008,0.46855900000000006
55,105,0.8189889473280385,0.46855900000000006
55,106,0.8218851241707898,0.46855900000000006
55,107,0.8247349621840572,0.46855900000000006
55,108,0.8275392027891122,0.46855900000000006
55,109,0.8302985755444865,0.46855900000000006
55,110,0.8330137983357748,0.46855900000000006
55,111,0.8356855775624024,0.46855900000000006
55,112,0.838314608321404,0.46855900000000006
55,113,0.8409015745882614,0.46855900000000006
55,114,0.8434471493948493,0.46855900000000006
55,115,0.8459519950045318,0.46855900000000006
55,116,0.8484167630844592,0.46855900000000006
55,117,0.8508420948751076,0.46855900000000006
55,118,0.8532286213571061,0.46855900000000006
55,119,0.8555769634153924,0.46855900000000006
55,120,0.8578877320007461,0.46855900000000006
55,121,0.860161528288734,0.46855900000000006
55,122,0.8171534518742976,0.46855900000000006
55,123,0.8200789966443087,0.46855900000000006
55,124,0.8229577326979998,0.46855900000000006
55,125,0.8257904089748319,0.46855900000000006
55,126,0.8285777624312345,0.46855900000000006
55,127,0.8313205182323348,0.46855900000000006
55,128,0.8340193899406174,0.46855900000000006
55,129,0.8366750797015674,0.46855900000000006
55,130,0.8392882784263425,0.46855900000000006
55,131,0.841859665971521,0.46855900000000006
55,132,0.8443899113159766,0.46855900000000006
55,133,0.8468796727349212,0.46855900000000006
55,134,0.8493295979711621,0.46855900000000006
55,135,0.8517403244036237,0.46855900000000006
55,136,0.8541124792131656,0.46855900000000006
55,137,0.856446679545755,0.46855900000000006
55,138,0.858743532673023,0.46855900000000006
55,139,0.8610036361502547,0.46855900000000006
55,140,0.8632275779718505,0.46855900000000006
55,141,0.8654159367243007,0.46855900000000006
55,142,0.867569281736712,0.46855900000000006
55,143,0.8696881732289246,0.46855900000000006
55,144,0.8717731624572618,0.46855900000000006
55,145,0.8738247918579456,0.46855900000000006
55,146,0.8758435951882184,0.46855900000000006
55,147,0.8778300976652069,0.46855900000000006
55,148,0.8339385927819464,0.46855900000000006
55,149,0.8365955752974352,0.46855900000000006
55,150,0.7947657965325635,0.46855900000000006
55,151,0.7980495437880426,0.46855900000000006
55,152,0.8012807510874339,0.46855900000000006
55,153,0.8044602590700348,0.46855900000000006
55,154,0.8075888949249143,0.46855900000000006
55,155,0.8106674726061156,0.46855900000000006
55,156,0.8136967930444177,0.46855900000000006
55,157,0.8166776443557071,0.46855900000000006
55,158,0.8196108020460159,0.46855900000000006
55,159,0.8224970292132795,0.46855900000000006
55,160,0.825337076745867,0.46855900000000006
55,161,0.8281316835179331,0.46855900000000006
55,162,0.8308815765816462,0.46855900000000006
55,163,0.8335874713563399,0.46855900000000006
55,164,0.8362500718146384,0.46855900000000006
55,165,0.8388700706656043,0.46855900000000006
55,166,0.8414481495349545,0.46855900000000006
55,167,0.8439849791423952,0.46855900000000006
55,168,0.8464812194761169,0.46855900000000006
55,169,0.848937519964499,0.46855900000000006
55,170,0.8513545196450669,0.46855900000000006
55,171,0.8537328473307457,0.46855900000000006
55,172,0.8560731217734541,0.46855900000000006
55,173,0.8583759518250786,0.46855900000000006
55,174,0.8606419365958775,0.46855900000000006
55,175,0.8628716656103436,0.46855900000000006
55,176,0.8650657189605779,0.46855900000000006
55,177,0.8672246674572086,0.46855900000000006
55,178,0.8693490727778934,0.46855900000000006
55,179,0.8258816191389988,0.46855900000000006
55,180,0.8286675132327748,0.46855900000000006
55,181,0.8314088330210504,0.46855900000000006
55,182,0.8341062916927136,0.46855900000000006
55,183,0.8367605910256302,0.46855900000000006
55,184,0.7949225614743486,0.46855900000000006
55,185,0.798203800490759,0.46855900000000006
55,186,0.8014325396829068,0.46855900000000006
55,187,0.8046096190479803,0.46855900000000006
55,188,0.8077358651432126,0.46855900000000006
55,189,0.8108120913009212,0.46855900000000006
55,190,0.8138390978401067,0.46855900000000006
55,191,0.7731471429481012,0.46855900000000006
55,192,0.7767767886609317,0.46855900000000006
55,193,0.7803483600423566,0.46855900000000006
55,194,0.7838627862816789,0.46855900000000006
55,195,0.787320981701172,0.46855900000000006
55,196,0.7907238459939532,0.46855900000000006
55,197,0.79407226445805,0.46855900000000006
55,198,0.7973671082267212,0.46855900000000006
55,199,0.8006092344950936,0.46855900000000006
55,200,0.803799486743172,0.46855900000000006
56,1,0.5063199999999999,0.0
56,2,0.5130428800000001,0.0
56,3,0.5200109939199999,0.0
56,4,0.5271145780172798,0.0
56,5,0.5342773767690033,0.0
56,6,0.5414465811406994,0.1
56,7,0.5485857855224482,0.1
56,8,0.555670057730089,0.1
56,9,0.5626824881496075,0.1
56,10,0.5696117742794539,0.1
56,11,0.5764505300491506,0.1
56,12,0.5831941024790818,0.19
56,13,0.5898397434769188,0.19
56,14,0.5963860302275397,0.19
56,15,0.6028324595962752,0.19
56,16,0.6091791643393981,0.19
56,17,0.6154267145776321,0.19
56,18,0.621575978951755,0.271
56,19,0.6276280275536824,0.271
56,20,0.6335840640984324,0.271
56,21,0.6394453785627835,0.271
56,22,0.6452133141487274,0.271
56,23,0.612952648441291,0.271
56,24,0.5823050160192265,0.271
56,25,0.5889874789129826,0.271
56,26,0.5955632194554196,0.271
56,27,0.6020338860876642,0.271
56,28,0.6084011186107334,0.271
56,29,0.614666543003292,0.271
56,30,0.6208317679184706,0.34390000000000004
56,31,0.6268983823540368,0.34390000000000004
56,32,0.6328679541419555,0.34390000000000004
56,33,0.6387420290095924,0.34390000000000004
56,34,0.6445221300391747,0.34390000000000004
56,35,0.650209757404163,0.34390000000000004
56,36,0.6558063882976269,0.40951000000000004
56,37,0.6613134769932163,0.40951000000000004
56,38,0.6667324549971706,0.40951000000000004
56,39,0.6720647312623081,0.40951000000000004
56,40,0.6773116924436756,0.40951000000000004
56,41,0.682474703181672,0.40951000000000004
56,42,0.6875551064027319,0.46855900000000006
56,43,0.6925542236306648,0.46855900000000006
56,44,0.6974733553038377,0.46855900000000006
56,45,0.7023137810948609,0.46855900000000006
56,46,0.7070767602304623,0.46855900000000006
56,47,0.7117635318099583,0.46855900000000006
56,48,0.7163753151212273,0.46855900000000006
56,49,0.680556549365166,0.46855900000000006
56,50,0.6856676444494834,0.46855900000000006
56,51,0.6906969620502036,0.46855900000000006
56,52,0.6956458105957386,0.46855900000000006
56,53,0.7005154775830437,0.46855900000000006
56,54,0.7053072299115007,0.46855900000000006
56,55,0.7100223142117666,0.46855900000000006
56,56,0.7146619571695736,0.46855900000000006
56,57,0.719227365844497,0.46855900000000006
56,58,0.6832659975522721,0.46855900000000006
56,59,0.6883337415841815,0.46855900000000006
56,60,0.6539170545049722,0.46855900000000006
56,61,0.6594543816278147,0.46855900000000006
56,62,0.6649031115182148,0.46855900000000006
56,63,0.6702646617314352,0.46855900000000006
56,64,0.6755404271419903,0.46855900000000006
56,65,0.6807317803064993,0.46855900000000006
56,66,0.6858400718207418,0.46855900000000006
56,67,0.6908666306710124,0.46855900000000006
56,68,0.6958127645798581,0.46855900000000006
56,69,0.7006797603462875,0.46855900000000006
56,70,0.705468884180542,0.46855900000000006
56,71,0.7101813820335099,0.46855900000000006
56,72,0.6746723129318344,0.46855900000000006
56,73,0.6798775559248246,0.46855900000000006
56,74,0.684999515029957,0.46855900000000006
56,75,0.6900395227894286,0.46855900000000006
56,76,0.6555375466499572,0.46855900000000006
56,77,0.6610489459035235,0.46855900000000006
56,78,0.6664721627690431,0.46855900000000006
56,79,0.6718086081647214,0.46855900000000006
56,80,0.6770596704340741,0.46855900000000006
56,81,0.6822267157071205,0.46855900000000006
56,82,0.6873110882558009,0.46855900000000006
56,83,0.6923141108437039,0.46855900000000006
56,84,0.6972370850702018,0.46855900000000006
56,85,0.7020812917090764,0.46855900000000006
56,86,0.70684799104173,0.46855900000000006
56,87,0.7115384231850612,0.46855900000000006
56,88,0.7161538084140996,0.46855900000000006
56,89,0.7206953474794735,0.46855900000000006
56,90,0.7251642219198015,0.46855900000000006
56,91,0.7295615943690844,0.46855900000000006
56,92,0.7338886088591788,0.46855900000000006
56,93,0.738146391117432,0.46855900000000006
56,94,0.742336048859553,0.46855900000000006
56,95,0.7464586720778,0.46855900000000006
56,96,0.7505153333245553,0.46855900000000006
56,97,0.7545070879913622,0.46855900000000006
56,98,0.7584349745835005,0.46855900000000006
56,99,0.7623000149901645,0.46855900000000006
56,100,0.7241850142406563,0.46855900000000006
56,101,0.7285980540128058,0.46855900000000006
56,102,0.7329404851486008,0.46855900000000006
56,103,0.7372134373862231,0.46855900000000006
56,104,0.7414180223880437,0.46855900000000006
56,105,0.7455553340298351,0.46855900000000006
56,106,0.7496264486853577,0.46855900000000006
56,107,0.7536324255063921,0.46855900000000006
56,108,0.7575743066982897,0.46855900000000006
56,109,0.761453117791117,0.46855900000000006
56,110,0.7652698679064593,0.46855900000000006
56,111,0.7690255500199559,0.46855900000000006
56,112,0.7727211412196365,0.46855900000000006
56,113,0.7763576029601225,0.46855900000000006
56,114,0.7799358813127604,0.46855900000000006
56,115,0.7834569072117563,0.46855900000000006
56,116,0.7869215966963681,0.46855900000000006
56,117,0.7903308511492263,0.46855900000000006
56,118,0.7936855575308386,0.46855900000000006
56,119,0.7969865886103451,0.46855900000000006
56,120,0.8002348031925797,0.46855900000000006
56,121,0.8034310463414984,0.46855900000000006
56,122,0.8065761496000345,0.46855900000000006
56,123,0.8096709312064337,0.46855900000000006
56,124,0.8127161963071309,0.46855900000000006
56,125,0.8157127371662168,0.46855900000000006
56,126,0.8186613333715573,0.46855900000000006
56,127,0.8215627520376124,0.46855900000000006
56,128,0.8244177480050107,0.46855900000000006
56,129,0.8272270640369305,0.46855900000000006
56,130,0.8299914310123396,0.46855900000000006
56,131,0.8327115681161421,0.46855900000000006
56,132,0.8353881830262839,0.46855900000000006
56,133,0.8380219720978633,0.46855900000000006
56,134,0.8406136205442977,0.46855900000000006
56,135,0.8431638026155888,0.46855900000000006
56,136,0.8456731817737394,0.46855900000000006
56,137,0.8481424108653595,0.46855900000000006
56,138,0.850572132291514,0.46855900000000006
56,139,0.8529629781748497,0.46855900000000006
56,140,0.855315570524052,0.46855900000000006
56,141,0.8576305213956672,0.46855900000000006
56,142,0.8599084330533365,0.46855900000000006
56,143,0.8621498981244832,0.46855900000000006
56,144,0.8643554997544914,0.46855900000000006
56,145,0.8665258117584196,0.46855900000000006
56,146,0.8686613987702849,0.46855900000000006
56,147,0.8707628163899603,0.46855900000000006
56,148,0.872830611327721,0.46855900000000006
56,149,0.8748653215464774,0.46855900000000006
56,150,0.8768674764017337,0.46855900000000006
56,151,0.8788375967793061,0.46855900000000006
56,152,0.8807761952308372,0.46855900000000006
56,153,0.8826837761071438,0.46855900000000006
56,154,0.8845608356894294,0.46855900000000006
56,155,0.8864078623183985,0.46855900000000006
56,156,0.8420874692024787,0.46855900000000006
56,157,0.8446140696952391,0.46855900000000006
56,158,0.8471002445801151,0.46855900000000006
56,159,0.8495466406668333,0.46855900000000006
56,160,0.851953894416164,0.46855900000000006
56,161,0.8543226321055053,0.46855900000000006
56,162,0.8566534699918174,0.46855900000000006
56,163,0.8589470144719483,0.46855900000000006
56,164,0.8612038622403972,0.46855900000000006
56,165,0.8634246004445508,0.46855900000000006
56,166,0.865609806837438,0.46855900000000006
56,167,0.8677600499280389,0.46855900000000006
56,168,0.8698758891291904,0.46855900000000006
56,169,0.8719578749031232,0.46855900000000006
56,170,0.8740065489046733,0.46855900000000006
56,171,0.8760224441221987,0.46855900000000006
56,172,0.8780060850162433,0.46855900000000006
56,173,0.8799579876559834,0.46855900000000006
56,174,0.8818786598534876,0.46855900000000006
56,175,0.8837686012958319,0.46855900000000006
56,176,0.8856283036750986,0.46855900000000006
56,177,0.8874582508162969,0.46855900000000006
56,178,0.8892589188032363,0.46855900000000006
56,179,0.8910307761023845,0.46855900000000006
56,180,0.8927742836847463,0.46855900000000006
56,181,0.8944898951457902,0.46855900000000006
56,182,0.8961780568234576,0.46855900000000006
56,183,0.8978392079142823,0.46855900000000006
56,184,0.8994737805876539,0.46855900000000006
56,185,0.9010822000982515,0.46855900000000006
56,186,0.9026648848966795,0.46855900000000006
56,187,0.9042222467383324,0.46855900000000006
56,188,0.9057546907905193,0.46855900000000006
56,189,0.9072626157378709,0.46855900000000006
56,190,0.9087464138860651,0.46855900000000006
56,191,0.9102064712638878,0.46855900000000006
56,192,0.9116431677236658,0.46855900000000006
56,193,0.9130568770400872,0.46855900000000006
56,194,0.9144479670074459,0.46855900000000006
56,195,0.9158167995353267,0.46855900000000006
56,196,0.9171637307427615,0.46855900000000006
56,197,0.8713055442056235,0.46855900000000006
56,198,0.8277402669953421,0.46855900000000006
56,199,0.8304964227234166,0.46855900000000006
56,200,0.8332084799598419,0.46855900000000006
57,1,0.5063199999999999,0.0
57,2,0.5130428800000001,0.0
57,3,0.5200109939199999,0.0
57,4,0.5271145780172798,0.0
57,5,0.5342773767690033,0.0
57,6,0.5414465811406994,0.1
57,7,0.5485857855224482,0.1
57,8,0.555670057730089,0.1
57,9,0.5626824881496075,0.1
57,10,0.5696117742794539,0.1
57,11,0.5764505300491506,0.1
57,12,0.5831941024790818,0.19
57,13,0.5898397434769188,0.19
57,14,0.5963860302275397,0.19
57,15,0.6028324595962752,0.19
57,16,0.6091791643393981,0.19
57,17,0.6154267145776321,0.19
57,18,0.621575978951755,0.271
57,19,0.6276280275536824,0.271
57,20,0.6335840640984324,0.271
57,21,0.6394453785627835,0.271
57,22,0.6452133141487274,0.271
57,23,0.6508892442724116,0.271
57,24,0.6564745565690977,0.34390000000000004
57,25,0.6619706418075235,0.34390000000000004
57,26,0.667378886239075,0.34390000000000004
57,27,0.6340099419271211,0.34390000000000004
57,28,0.6398656251466175,0.34390000000000004
57,29,0.6078723438892866,0.34390000000000004
57,30,0.5774787266948224,0.34390000000000004
57,31,0.5842389566709363,0.34390000000000004
57,32,0.590891056086463,0.34390000000000004
57,33,0.597436745094663,0.34390000000000004
57,34,0.5675649078399296,0.34390000000000004
57,35,0.5744838314483991,0.34390000000000004
57,36,0.5812920636389606,0.40951000000000004
57,37,0.5879913720663524,0.40951000000000004
57,38,0.5945834971252213,0.40951000000000004
57,39,0.6010701520795692,0.40951000000000004
57,40,0.607453023282142,0.40951000000000004
57,41,0.61373377045472,0.40951000000000004
57,42,0.6199140270090089,0.46855900000000006
57,43,0.6259954003939597,0.46855900000000006
57,44,0.631979472459623,0.46855900000000006
57,45,0.6378677998306459,0.46855900000000006
57,46,0.6436619142846192,0.46855900000000006
57,47,0.6493633231319498,0.46855900000000006
57,48,0.6549735095949576,0.46855900000000006
57,49,0.6604939331846218,0.46855900000000006
57,50,0.6659260300738962,0.46855900000000006
57,51,0.6712712134668737,0.46855900000000006
57,52,0.6765308739633156,0.46855900000000006
57,53,0.6817063799182409,0.46855900000000006
57,54,0.6867990777963859,0.46855900000000006
57,55,0.6918102925214294,0.46855900000000006
57,56,0.6967413278199366,0.46855900000000006
57,57,0.7015934665600126,0.46855900000000006
57,58,0.7063679710846891,0.46855900000000006
57,59,0.7110660835400795,0.46855900000000006
57,60,0.7156890261983601,0.46855900000000006
57,61,0.7202380017756316,0.46855900000000006
57,62,0.7247141937447331,0.46855900000000006
57,63,0.7291187666430756,0.46855900000000006
57,64,0.7334528663755673,0.46855900000000006
57,65,0.7377176205127045,0.46855900000000006
57,66,0.7419141385839039,0.46855900000000006
57,67,0.7460435123661433,0.46855900000000006
57,68,0.7501068161679922,0.46855900000000006
57,69,0.7541051071090993,0.46855900000000006
57,70,0.7580394253952104,0.46855900000000006
57,71,0.7619107945887864,0.46855900000000006
57,72,0.7657202218752956,0.46855900000000006
57,73,0.7694686983252417,0.46855900000000006
57,74,0.7731571991520034,0.46855900000000006
57,75,0.7767866839655472,0.46855900000000006
57,76,0.7803580970220817,0.46855900000000006
57,77,0.7838723674697166,0.46855900000000006
57,78,0.7873304095901927,0.46855900000000006
57,79,0.7907331230367439,0.46855900000000006
57,80,0.7940813930681518,0.46855900000000006
57,81,0.7973760907790587,0.46855900000000006
57,82,0.8006180733265917,0.46855900000000006
57,83,0.8038081841533649,0.46855900000000006
57,84,0.8069472532069101,0.46855900000000006
57,85,0.810036097155599,0.46855900000000006
57,86,0.8130755196011089,0.46855900000000006
57,87,0.8160663112874909,0.46855900000000006
57,88,0.8190092503068908,0.46855900000000006
57,89,0.8219051023019803,0.46855900000000006
57,90,0.8247546206651485,0.46855900000000006
57,91,0.827558546734506,0.46855900000000006
57,92,0.8303176099867539,0.46855900000000006
57,93,0.8330325282269658,0.46855900000000006
57,94,0.8357040077753343,0.46855900000000006
57,95,0.838332743650929,0.46855900000000006
57,96,0.8409194197525143,0.46855900000000006
57,97,0.843464709036474,0.46855900000000006
57,98,0.8459692736918903,0.46855900000000006
57,99,0.84843376531282,0.46855900000000006
57,100,0.850858825067815,0.46855900000000006
57,101,0.85324508386673,0.46855900000000006
57,102,0.8555931625248622,0.46855900000000006
57,103,0.8579036719244645,0.46855900000000006
57,104,0.860177213173673,0.46855900000000006
57,105,0.8624143777628943,0.46855900000000006
57,106,0.8646157477186879,0.46855900000000006
57,107,0.8667818957551889,0.46855900000000006
57,108,0.8689133854231057,0.46855900000000006
57,109,0.871010771256336,0.46855900000000006
57,110,0.8730745989162347,0.46855900000000006
57,111,0.875105405333575,0.46855900000000006
57,112,0.8771037188482378,0.46855900000000006
57,113,0.879070059346666,0.46855900000000006
57,114,0.8810049383971192,0.46855900000000006
57,115,0.8829088593827652,0.46855900000000006
57,116,0.8847823176326411,0.46855900000000006
57,117,0.8866258005505188,0.46855900000000006
57,118,0.8884397877417104,0.46855900000000006
57,119,0.8902247511378432,0.46855900000000006
57,120,0.8919811551196377,0.46855900000000006
57,121,0.8937094566377233,0.46855900000000006
57,122,0.8954101053315199,0.46855900000000006
57,123,0.8970835436462157,0.46855900000000006
57,124,0.8522293664639047,0.46855900000000006
57,125,0.8545936966004823,0.46855900000000006
57,126,0.8569201974548746,0.46855900000000006
57,127,0.8592094742955967,0.46855900000000006
57,128,0.8614621227068671,0.46855900000000006
57,129,0.8636787287435572,0.46855900000000006
57,130,0.8658598690836603,0.46855900000000006
57,131,0.8680061111783217,0.46855900000000006
57,132,0.8701180133994686,0.46855900000000006
57,133,0.8721961251850769,0.46855900000000006
57,134,0.8742409871821157,0.46855900000000006
57,135,0.876253131387202,0.46855900000000006
57,136,0.8782330812850068,0.46855900000000006
57,137,0.8801813519844467,0.46855900000000006
57,138,0.8820984503526954,0.46855900000000006
57,139,0.8839848751470523,0.46855900000000006
57,140,0.8858411171446996,0.46855900000000006
57,141,0.8876676592703843,0.46855900000000006
57,142,0.8894649767220582,0.46855900000000006
57,143,0.8912335370945053,0.46855900000000006
57,144,0.8929738005009933,0.46855900000000006
57,145,0.8946862196929771,0.46855900000000006
57,146,0.8963712401778897,0.46855900000000006
57,147,0.8980293003350435,0.46855900000000006
57,148,0.8996608315296827,0.46855900000000006
57,149,0.9012662582252078,0.46855900000000006
57,150,0.9028459980936046,0.46855900000000006
57,151,0.9044004621241066,0.46855900000000006
57,152,0.9059300547301209,0.46855900000000006
57,153,0.9074351738544392,0.46855900000000006
57,154,0.908916211072768,0.46855900000000006
57,155,0.9103735516956035,0.46855900000000006
57,156,0.911807574868474,0.46855900000000006
57,157,0.9132186536705784,0.46855900000000006
57,158,0.9146071552118492,0.46855900000000006
57,159,0.9159734407284598,0.46855900000000006
57,160,0.9173178656768043,0.46855900000000006
57,161,0.9186407798259756,0.46855900000000006
57,162,0.9199425273487598,0.46855900000000006
57,163,0.9212234469111799,0.46855900000000006
57,164,0.922483871760601,0.46855900000000006
57,165,0.9237241298124313,0.46855900000000006
57,166,0.8775379233218097,0.46855900000000006
57,167,0.8794973165486606,0.46855900000000006
57,168,0.8814253594838821,0.46855900000000006
57,169,0.8833225537321401,0.46855900000000006
57,170,0.8851893928724257,0.46855900000000006
57,171,0.8870263625864669,0.46855900000000006
57,172,0.8888339407850834,0.46855900000000006
57,173,0.8906125977325221,0.46855900000000006
57,174,0.8923627961688018,0.46855900000000006
57,175,0.8477446563603618,0.46855900000000006
57,176,0.850180741858596,0.46855900000000006
57,177,0.8525778499888584,0.46855900000000006
57,178,0.8549366043890367,0.46855900000000006
57,179,0.8572576187188121,0.46855900000000006
57,180,0.8595414968193111,0.46855900000000006
57,181,0.8617888328702021,0.46855900000000006
57,182,0.8640002115442789,0.46855900000000006
57,183,0.8661762081595704,0.46855900000000006
57,184,0.8228673977515919,0.46855900000000006
57,185,0.8257015193875665,0.46855900000000006
57,186,0.784416443418188,0.46855900000000006
57,187,0.7878657803234972,0.46855900000000006
57,188,0.7912599278383211,0.46855900000000006
57,189,0.7945997689929081,0.46855900000000006
57,190,0.7978861726890214,0.46855900000000006
57,191,0.8011199939259971,0.46855900000000006
57,192,0.804302074023181,0.46855900000000006
57,193,0.8074332408388102,0.46855900000000006
57,194,0.8105143089853893,0.46855900000000006
57,195,0.813546080041623,0.46855900000000006
57,196,0.8165293427609569,0.46855900000000006
57,197,0.8194648732767817,0.46855900000000006
57,198,0.8223534353043533,0.46855900000000006
57,199,0.8251957803394836,0.46855900000000006
57,200,0.8279926478540519,0.46855900000000006
58,1,0.5063199999999999,0.0
58,2,0.5130428800000001,0.0
58,3,0.5200109939199999,0.0
58,4,0.5271145780172798,0.0
58,5,0.5342773767690033,0.0
58,6,0.5414465811406994,0.1
58,7,0.5485857855224482,0.1
58,8,0.555670057730089,0.1
58,9,0.5626824881496075,0.1
58,10,0.5696117742794539,0.1
58,11,0.5764505300491506,0.1
58,12,0.5831941024790818,0.19
58,13,0.5898397434769188,0.19
58,14,0.5963860302275397,0.19
58,15,0.6028324595962752,0.19
58,16,0.6091791643393981,0.19
58,17,0.6154267145776321,0.19
58,18,0.621575978951755,0.271
58,19,0.5904971800041672,0.271
58,20,0.597046489389256,0.271
58,21,0.6034918305446367,0.271
58,22,0.6098346207458487,0.271
58,23,0.6160763284568633,0.271
58,24,0.6222184503516174,0.34390000000000004
58,25,0.6282624953510362,0.34390000000000004
58,26,0.6342099735689509,0.34390000000000004
58,27,0.6400623886923196,0.34390000000000004
58,28,0.6458212327635728,0.34390000000000004
58,29,0.651487982642587,0.34390000000000004
58,30,0.6189135835104576,0.34390000000000004
58,31,0.6250108888965521,0.34390000000000004
58,32,0.6310106605797905,0.34390000000000004
58,33,0.6369144521444221,0.34390000000000004
58,34,0.6427237944038471,0.34390000000000004
58,35,0.6484401951390006,0.34390000000000004
58,36,0.6540651390287071,0.40951000000000004
58,37,0.6596000877125991,0.40951000000000004
58,38,0.6650464799450436,0.40951000000000004
58,39,0.6704057318110149,0.40951000000000004
58,40,0.6756792369836032,0.40951000000000004
58,41,0.6808683670089606,0.40951000000000004
58,42,0.685974471608784,0.46855900000000006
58,43,0.69099887899342,0.46855900000000006
58,44,0.695942896180789,0.46855900000000006
58,45,0.700807809317781,0.46855900000000006
58,46,0.7055948840018156,0.46855900000000006
58,47,0.71030536560097,0.46855900000000006
58,48,0.7149404795715829,0.46855900000000006
58,49,0.7195014317725975,0.46855900000000006
58,50,0.7239894087761478,0.46855900000000006
58,51,0.7284055781740679,0.46855900000000006
58,52,0.7327510888801196,0.46855900000000006
58,53,0.7370270714278233,0.46855900000000006
58,54,0.7412346382638282,0.46855900000000006
58,55,0.7453748840368021,0.46855900000000006
58,56,0.708106139834962,0.46855900000000006
58,57,0.7127764415872392,0.46855900000000006
58,58,0.7173720185145889,0.46855900000000006
58,59,0.6815034175888595,0.46855900000000006
58,60,0.6865993629023596,0.46855900000000006
58,61,0.6522693947572414,0.46855900000000006
58,62,0.6578330844375708,0.46855900000000006
58,63,0.6633077550840814,0.46855900000000006
58,64,0.6686948310009944,0.46855900000000006
58,65,0.6739957137037591,0.46855900000000006
58,66,0.6792117822836455,0.46855900000000006
58,67,0.6843443937665097,0.46855900000000006
58,68,0.6893948834658274,0.46855900000000006
58,69,0.6943645653300814,0.46855900000000006
58,70,0.6992547322845952,0.46855900000000006
58,71,0.7040666565678981,0.46855900000000006
58,72,0.7088015900627112,0.46855900000000006
58,73,0.7134607646216377,0.46855900000000006
58,74,0.7180453923876423,0.46855900000000006
58,75,0.7225566661094056,0.46855900000000006
58,76,0.7269957594516311,0.46855900000000006
58,77,0.7313638273003881,0.46855900000000006
58,78,0.7356620060635699,0.46855900000000006
58,79,0.7398914139665446,0.46855900000000006
58,80,0.744053151343074,0.46855900000000006
58,81,0.7481483009215808,0.46855900000000006
58,82,0.7521779281068326,0.46855900000000006
58,83,0.714569031701491,0.46855900000000006
58,84,0.719135927194265,0.46855900000000006
58,85,0.7236297523591553,0.46855900000000006
58,86,0.7280516763214078,0.46855900000000006
58,87,0.7324028495002646,0.46855900000000006
58,88,0.73668440390826,0.46855900000000006
58,89,0.7408974534457274,0.46855900000000006
58,90,0.7450430941905956,0.46855900000000006
58,91,0.7491224046835459,0.46855900000000006
58,92,0.753136446208609,0.46855900000000006
58,93,0.7570862630692712,0.46855900000000006
58,94,0.7609728828601627,0.46855900000000006
58,95,0.7647973167344001,0.46855900000000006
58,96,0.7685605596666497,0.46855900000000006
58,97,0.7722635907119832,0.46855900000000006
58,98,0.7759073732605917,0.46855900000000006
58,99,0.7371120045975621,0.46855900000000006
58,100,0.741318212524001,0.46855900000000006
58,101,0.7454571211236171,0.46855900000000006
58,102,0.7495298071856392,0.46855900000000006
58,103,0.753537330270669,0.46855900000000006
58,104,0.7574807329863383,0.46855900000000006
58,105,0.7613610412585569,0.46855900000000006
58,106,0.7651792645984201,0.46855900000000006
58,107,0.7689363963648453,0.46855900000000006
58,108,0.7726334140230079,0.46855900000000006
58,109,0.7762712793986398,0.46855900000000006
58,110,0.7798509389282617,0.46855900000000006
58,111,0.7833733239054095,0.46855900000000006
58,112,0.786839350722923,0.46855900000000006
58,113,0.7902499211113562,0.46855900000000006
58,114,0.7936059223735745,0.46855900000000006
58,115,0.7969082276155974,0.46855900000000006
58,116,0.8001576959737478,0.46855900000000006
58,117,0.8033551728381678,0.46855900000000006
58,118,0.8065014900727572,0.46855900000000006
58,119,0.809597466231593,0.46855900000000006
58,120,0.8126439067718876,0.46855900000000006
58,121,0.8156416042635373,0.46855900000000006
58,122,0.8185913385953206,0.46855900000000006
58,123,0.8214938771777955,0.46855900000000006
58,124,0.7804191833189058,0.46855900000000006
58,125,0.7839324763858031,0.46855900000000006
58,126,0.7873895567636302,0.46855900000000006
58,127,0.7907913238554123,0.46855900000000006
58,128,0.7941386626737257,0.46855900000000006
58,129,0.797432444070946,0.46855900000000006
58,130,0.8006735249658108,0.46855900000000006
58,131,0.8038627485663581,0.46855900000000006
58,132,0.8070009445892963,0.46855900000000006
58,133,0.8100889294758675,0.46855900000000006
58,134,0.8131275066042537,0.46855900000000006
58,135,0.8161174664985855,0.46855900000000006
58,136,0.8190595870346083,0.46855900000000006
58,137,0.8219546336420545,0.46855900000000006
58,138,0.8248033595037816,0.46855900000000006
58,139,0.8276065057517211,0.46855900000000006
58,140,0.8303648016596936,0.46855900000000006
58,141,0.8330789648331385,0.46855900000000006
58,142,0.8357497013958083,0.46855900000000006
58,143,0.8383777061734754,0.46855900000000006
58,144,0.7964588208648016,0.46855900000000006
58,145,0.7997154797309649,0.46855900000000006
58,146,0.8029200320552693,0.46855900000000006
58,147,0.806073311542385,0.46855900000000006
58,148,0.8091761385577069,0.46855900000000006
58,149,0.8122293203407838,0.46855900000000006
58,150,0.8152336512153312,0.46855900000000006
58,151,0.8181899127958857,0.46855900000000006
58,152,0.8210988741911518,0.46855900000000006
58,153,0.8239612922040933,0.46855900000000006
58,154,0.8267779115288277,0.46855900000000006
58,155,0.8295494649443667,0.46855900000000006
58,156,0.8322766735052568,0.46855900000000006
58,157,0.8349602467291726,0.46855900000000006
58,158,0.837600882781506,0.46855900000000006
58,159,0.8401992686570019,0.46855900000000006
58,160,0.8427560803584898,0.46855900000000006
58,161,0.845271983072754,0.46855900000000006
58,162,0.8477476313435899,0.46855900000000006
58,163,0.8501836692420925,0.46855900000000006
58,164,0.8525807305342189,0.46855900000000006
58,165,0.8549394388456714,0.46855900000000006
58,166,0.8572604078241406,0.46855900000000006
58,167,0.8595442412989543,0.46855900000000006
58,168,0.8617915334381709,0.46855900000000006
58,169,0.8640028689031605,0.46855900000000006
58,170,0.8661788230007097,0.46855900000000006
58,171,0.8683199618326984,0.46855900000000006
58,172,0.8704268424433753,0.46855900000000006
58,173,0.8725000129642811,0.46855900000000006
58,174,0.8745400127568528,0.46855900000000006
58,175,0.8765473725527432,0.46855900000000006
58,176,0.8785226145918992,0.46855900000000006
58,177,0.8804662527584289,0.46855900000000006
58,178,0.8823787927142941,0.46855900000000006
58,179,0.8382598530785794,0.46855900000000006
58,180,0.840847695429322,0.46855900000000006
58,181,0.8433941323024529,0.46855900000000006
58,182,0.8012244256873302,0.46855900000000006
58,183,0.804404834876333,0.46855900000000006
58,184,0.8075343575183116,0.46855900000000006
58,185,0.8106138077980185,0.46855900000000006
58,186,0.8136439868732503,0.46855900000000006
58,187,0.8166256830832783,0.46855900000000006
58,188,0.819559672153946,0.46855900000000006
58,189,0.8224467173994828,0.46855900000000006
58,190,0.8252875699210909,0.46855900000000006
58,191,0.8280829688023535,0.46855900000000006
58,192,0.8308336413015158,0.46855900000000006
58,193,0.8335403030406917,0.46855900000000006
58,194,0.8362036581920407,0.46855900000000006
58,195,0.8388243996609679,0.46855900000000006
58,196,0.8414032092663926,0.46855900000000006
58,197,0.8439407579181303,0.46855900000000006
58,198,0.8464377057914401,0.46855900000000006
58,199,0.8488947024987772,0.46855900000000006
58,200,0.8513123872587969,0.46855900000000006
59,1,0.5063199999999999,0.0
59,2,0.5130428800000001,0.0
59,3,0.5200109939199999,0.0
59,4,0.5271145780172798,0.0
59,5,0.5342773767690033,0.0
59,6,0.5414465811406994,0.1
59,7,0.5485857855224482,0.1
59,8,0.555670057730089,0.1
59,9,0.5626824881496075,0.1
59,10,0.5696117742794539,0.1
59,11,0.5764505300491506,0.1
59,12,0.5831941024790818,0.19
59,13,0.5898397434769188,0.19
59,14,0.5963860302275397,0.19
59,15,0.6028324595962752,0.19
59,16,0.6091791643393981,0.19
59,17,0.6154267145776321,0.19
59,18,0.621575978951755,0.271
59,19,0.6276280275536824,0.271
59,20,0.6335840640984324,0.271
59,21,0.6394453785627835,0.271
59,22,0.6452133141487274,0.271
59,23,0.6508892442724116,0.271
59,24,0.6564745565690977,0.34390000000000004
59,25,0.6619706418075235,0.34390000000000004
59,26,0.667378886239075,0.34390000000000004
59,27,0.67270066634958,0.34390000000000004
59,28,0.677937345291218,0.34390000000000004
59,29,0.6830902704888204,0.34390000000000004
59,30,0.6881607720665823,0.40951000000000004
59,31,0.6931501618474254,0.40951000000000004
59,32,0.6980597327516024,0.40951000000000004
59,33,0.7028907584731918,0.40951000000000004
59,34,0.7076444933495514,0.40951000000000004
59,35,0.7123221723643098,0.40951000000000004
59,36,0.7169250112423268,0.46855900000000006
59,37,0.7214542066075416,0.46855900000000006
59,38,0.7259109361833855,0.46855900000000006
59,39,0.7302963590215465,0.46855900000000006
59,40,0.7346116157491684,0.46855900000000006
59,41,0.7388578288275582,0.46855900000000006
59,42,0.743036102817581,0.46855900000000006
59,43,0.7471475246483843,0.46855900000000006
59,44,0.7511931638871293,0.46855900000000006
59,45,0.7551740730081187,0.46855900000000006
59,46,0.7590912876602172,0.46855900000000006
59,47,0.7629458269318137,0.46855900000000006
59,48,0.7667386936128164,0.46855900000000006
59,49,0.7704708744533498,0.46855900000000006
59,50,0.7741433404189328,0.46855900000000006
59,51,0.7777570469420158,0.46855900000000006
59,52,0.7813129341697935,0.46855900000000006
59,53,0.784811927208272,0.46855900000000006
59,54,0.788254936362576,0.46855900000000006
59,55,0.7916428573735204,0.46855900000000006
59,56,0.7949765716504659,0.46855900000000006
59,57,0.7982569465005038,0.46855900000000006
59,58,0.8014848353540074,0.46855900000000006
59,59,0.761410593586307,0.46855900000000006
59,60,0.7652280240871843,0.46855900000000006
59,61,0.7269666228828251,0.46855900000000006
59,62,0.7313351569154805,0.46855900000000006
59,63,0.7356337944039792,0.46855900000000006
59,64,0.7398636536929183,0.46855900000000006
59,65,0.7440258352334135,0.46855900000000006
59,66,0.748121421869386,0.46855900000000006
59,67,0.7521514791192709,0.46855900000000006
59,68,0.7561170554532193,0.46855900000000006
59,69,0.7600191825658672,0.46855900000000006
59,70,0.7638588756447431,0.46855900000000006
59,71,0.767637133634378,0.46855900000000006
59,72,0.7713549394961936,0.46855900000000006
59,73,0.7750132604642304,0.46855900000000006
59,74,0.7786130482967859,0.46855900000000006
59,75,0.7821552395240253,0.46855900000000006
59,76,0.7856407556916327,0.46855900000000006
59,77,0.746358717907051,0.46855900000000006
59,78,0.7504169784205325,0.46855900000000006
59,79,0.7544103067657997,0.46855900000000006
59,80,0.758339741857544,0.46855900000000006
59,81,0.7622063059878215,0.46855900000000006
59,82,0.7660110050920148,0.46855900000000006
59,83,0.7697548290105417,0.46855900000000006
59,84,0.7734387517463723,0.46855900000000006
59,85,0.7770637317184299,0.46855900000000006
59,86,0.7806307120109348,0.46855900000000006
59,87,0.7841406206187596,0.46855900000000006
59,88,0.7875943706888593,0.46855900000000006
59,89,0.7909928607578374,0.46855900000000006
59,90,0.7943369749857119,0.46855900000000006
59,91,0.7976275833859405,0.46855900000000006
59,92,0.8008655420517654,0.46855900000000006
59,93,0.8040516933789371,0.46855900000000006
59,94,0.8071868662848741,0.46855900000000006
59,95,0.8102718764243162,0.46855900000000006
59,96,0.8133075264015271,0.46855900000000006
59,97,0.8162946059791027,0.46855900000000006
59,98,0.8192338922834372,0.46855900000000006
59,99,0.8221261500069021,0.46855900000000006
59,100,0.8249721316067917,0.46855900000000006
59,101,0.8277725775010831,0.46855900000000006
59,102,0.8305282162610655,0.46855900000000006
59,103,0.8332397648008886,0.46855900000000006
59,104,0.8359079285640745,0.46855900000000006
59,105,0.8385334017070492,0.46855900000000006
59,106,0.8411168672797362,0.46855900000000006
59,107,0.8436589974032606,0.46855900000000006
59,108,0.8014760475330975,0.46855900000000006
59,109,0.804652430772568,0.46855900000000006
59,110,0.7644198092339396,0.46855900000000006
59,111,0.7681890922861967,0.46855900000000006
59,112,0.7718980668096175,0.46855900000000006
59,113,0.7333031634691365,0.46855900000000006
59,114,0.7375703128536305,0.46855900000000006
59,115,0.7417691878479723,0.46855900000000006
59,116,0.7459008808424048,0.46855900000000006
59,117,0.7499664667489263,0.46855900000000006
59,118,0.7539670032809436,0.46855900000000006
59,119,0.7579035312284483,0.46855900000000006
59,120,0.7617770747287932,0.46855900000000006
59,121,0.7655886415331326,0.46855900000000006
59,122,0.7693392232686025,0.46855900000000006
59,123,0.7730297956963048,0.46855900000000006
59,124,0.776661318965164,0.46855900000000006
59,125,0.7802347378617213,0.46855900000000006
59,126,0.7837509820559337,0.46855900000000006
59,127,0.7872109663430387,0.46855900000000006
59,128,0.7906155908815503,0.46855900000000006
59,129,0.7939657414274455,0.46855900000000006
59,130,0.7972622895646062,0.46855900000000006
59,131,0.8005060929315725,0.46855900000000006
59,132,0.8036979954446674,0.46855900000000006
59,133,0.8068388275175525,0.46855900000000006
59,134,0.809929406277272,0.46855900000000006
59,135,0.8129705357768355,0.46855900000000006
59,136,0.8159630072044062,0.46855900000000006
59,137,0.8189075990891357,0.46855900000000006
59,138,0.7779622191346789,0.46855900000000006
59,139,0.781514823628524,0.46855900000000006
59,140,0.7850105864504676,0.46855900000000006
59,141,0.7884504170672602,0.46855900000000006
59,142,0.7918352103941839,0.46855900000000006
59,143,0.7951658470278771,0.46855900000000006
59,144,0.798443193475431,0.46855900000000006
59,145,0.8016681023798242,0.46855900000000006
59,146,0.8048414127417469,0.46855900000000006
59,147,0.8079639501378789,0.46855900000000006
59,148,0.8110365269356729,0.46855900000000006
59,149,0.8140599425047019,0.46855900000000006
59,150,0.8170349834246269,0.46855900000000006
59,151,0.8199624236898326,0.46855900000000006
59,152,0.8228430249107955,0.46855900000000006
59,153,0.8256775365122226,0.46855900000000006
59,154,0.8284666959280271,0.46855900000000006
59,155,0.8312112287931785,0.46855900000000006
59,156,0.8339118491324878,0.46855900000000006
59,157,0.8365692595463681,0.46855900000000006
59,158,0.8391841513936262,0.46855900000000006
59,159,0.8417572049713282,0.46855900000000006
59,160,0.844289089691787,0.46855900000000006
59,161,0.8467804642567185,0.46855900000000006
59,162,0.8492319768286108,0.46855900000000006
59,163,0.8516442651993531,0.46855900000000006
59,164,0.8540179569561633,0.46855900000000006
59,165,0.8563536696448647,0.46855900000000006
59,166,0.858652010930547,0.46855900000000006
59,167,0.8609135787556582,0.46855900000000006
59,168,0.8631389614955676,0.46855900000000006
59,169,0.8653287381116386,0.46855900000000006
59,170,0.8674834783018524,0.46855900000000006
59,171,0.8696037426490226,0.46855900000000006
59,172,0.8716900827666384,0.46855900000000006
59,173,0.8737430414423721,0.46855900000000006
59,174,0.8757631527792942,0.46855900000000006
59,175,0.8777509423348254,0.46855900000000006
59,176,0.8797069272574681,0.46855900000000006
59,177,0.8816316164213488,0.46855900000000006
59,178,0.8835255105586072,0.46855900000000006
59,179,0.8853891023896695,0.46855900000000006
59,180,0.8872228767514347,0.46855900000000006
59,181,0.8890273107234117,0.46855900000000006
59,182,0.8908028737518373,0.46855900000000006
59,183,0.8925500277718077,0.46855900000000006
59,184,0.894269227327459,0.46855900000000006
59,185,0.8959609196902194,0.46855900000000006
59,186,0.897625544975176,0.46855900000000006
59,187,0.8992635362555731,0.46855900000000006
59,188,0.9008753196754841,0.46855900000000006
59,189,0.9024613145606765,0.46855900000000006
59,190,0.9040219335277054,0.46855900000000006
59,191,0.8588208368513202,0.46855900000000006
59,192,0.8610797034616992,0.46855900000000006
59,193,0.863302428206312,0.46855900000000006
59,194,0.865489589355011,0.46855900000000006
59,195,0.8676417559253308,0.46855900000000006
59,196,0.8697594878305255,0.46855900000000006
59,197,0.8718433360252371,0.46855900000000006
59,198,0.8738938426488334,0.46855900000000006
59,199,0.8759115411664521,0.46855900000000006
59,200,0.8778969565077887,0.46855900000000006
60,1,0.5063199999999999,0.0
60,2,0.5130428800000001,0.0
60,3,0.5200109939199999,0.0
60,4,0.5271145780172798,0.0
60,5,0.5342773767690033,0.0
60,6,0.5414465811406994,0.1
60,7,0.5485857855224482,0.1
60,8,0.5211564962463257,0.1
60,9,0.5286796370823846,0.1
60,10,0.5361239142322665,0.1
60,11,0.5434781375447902,0.1
60,12,0.5507350315022418,0.19
60,13,0.5578900519089235,0.19
60,14,0.564940557715883,0.19
60,15,0.5718852314386804,0.19
60,16,0.5787236735880377,0.19
60,17,0.5854561189072924,0.19
60,18,0.5920832378724402,0.271
60,19,0.598605997873846,0.271
60,20,0.6050255661730201,0.271
60,21,0.6113432420998606,0.271
60,22,0.617560409716189,0.271
60,23,0.6236785048036781,0.271
60,24,0.6296989918768832,0.34390000000000004
60,25,0.6356233482118976,0.34390000000000004
60,26,0.6414530527840386,0.34390000000000004
60,27,0.647189578639966,0.34390000000000004
60,28,0.6528343876720567,0.34390000000000004
60,29,0.6583889270725349,0.34390000000000004
60,30,0.6638546269616362,0.40951000000000004
60,31,0.6692328988358334,0.40951000000000004
60,32,0.6745251345883683,0.40951000000000004
60,33,0.6797327059286903,0.40951000000000004
60,34,0.6457460706322558,0.40951000000000004
60,35,0.613458767100643,0.40951000000000004
60,36,0.6196434082726477,0.46855900000000006
60,37,0.5886612378590154,0.46855900000000006
60,38,0.5952426450652017,0.46855900000000006
60,39,0.6017187536525096,0.46855900000000006
60,40,0.6080912472299155,0.46855900000000006
60,41,0.614361782819329,0.46855900000000006
60,42,0.6205319911757841,0.46855900000000006
60,43,0.6266034771340667,0.46855900000000006
60,44,0.6325778199718883,0.46855900000000006
60,45,0.6384565737827146,0.46855900000000006
60,46,0.6442412678534548,0.46855900000000006
60,47,0.6499334070436841,0.46855900000000006
60,48,0.6555344721641043,0.46855900000000006
60,49,0.6610459203526621,0.46855900000000006
60,50,0.6664691854472479,0.46855900000000006
60,51,0.6718056783542518,0.46855900000000006
60,52,0.6770567874124956,0.46855900000000006
60,53,0.682223878752234,0.46855900000000006
60,54,0.6873082966490351,0.46855900000000006
60,55,0.6923113638724363,0.46855900000000006
60,56,0.6972343820293273,0.46855900000000006
60,57,0.6623726629278608,0.46855900000000006
60,58,0.6677747003062102,0.46855900000000006
60,59,0.6730903050909474,0.46855900000000006
60,60,0.6783208602022378,0.46855900000000006
60,61,0.6834677264339238,0.46855900000000006
60,62,0.6885322428074263,0.46855900000000006
60,63,0.6935157269200192,0.46855900000000006
60,64,0.6984194752875571,0.46855900000000006
60,65,0.7032447636817369,0.46855900000000006
60,66,0.7079928474619755,0.46855900000000006
60,67,0.7126649619019867,0.46855900000000006
60,68,0.7172623225111366,0.46855900000000006
60,69,0.7217861253506657,0.46855900000000006
60,70,0.7262375473448499,0.46855900000000006
60,71,0.730617746587189,0.46855900000000006
60,72,0.7349278626416936,0.46855900000000006
60,73,0.7391690168393561,0.46855900000000006
60,74,0.7433423125698774,0.46855900000000006
60,75,0.7061751969413834,0.46855900000000006
60,76,0.7108763937902868,0.46855900000000006
60,77,0.7155023714896183,0.46855900000000006
60,78,0.7200543335457674,0.46855900000000006
60,79,0.7245334642090234,0.46855900000000006
60,80,0.7289409287816707,0.46855900000000006
60,81,0.7332778739211581,0.46855900000000006
60,82,0.7375454279384155,0.46855900000000006
60,83,0.741744701091398,0.46855900000000006
60,84,0.7458767858739337,0.46855900000000006
60,85,0.7499427572999494,0.46855900000000006
60,86,0.753943673183149,0.46855900000000006
60,87,0.7578805744122181,0.46855900000000006
60,88,0.761754485221622,0.46855900000000006
60,89,0.7655664134580757,0.46855900000000006
60,90,0.7693173508427463,0.46855900000000006
60,91,0.730851483300609,0.46855900000000006
60,92,0.7351578595677991,0.46855900000000006
60,93,0.7393953338147143,0.46855900000000006
60,94,0.7435650084736787,0.46855900000000006
60,95,0.7476679683380996,0.46855900000000006
60,96,0.7517052808446901,0.46855900000000006
60,97,0.7141200168024556,0.46855900000000006
60,98,0.7186940965336163,0.46855900000000006
60,99,0.7231949909890785,0.46855900000000006
60,100,0.7276238711332532,0.46855900000000006
60,101,0.7319818891951212,0.46855900000000006
60,102,0.7362701789679992,0.46855900000000006
60,103,0.7404898561045112,0.46855900000000006
60,104,0.7446420184068392,0.46855900000000006
60,105,0.7487277461123297,0.46855900000000006
60,106,0.7527481021745325,0.46855900000000006
60,107,0.7151106970658059,0.46855900000000006
60,108,0.7196689259127529,0.46855900000000006
60,109,0.7241542230981487,0.46855900000000006
60,110,0.7285677555285784,0.46855900000000006
60,111,0.7329106714401213,0.46855900000000006
60,112,0.7371841006970793,0.46855900000000006
60,113,0.7413891550859261,0.46855900000000006
60,114,0.7455269286045513,0.46855900000000006
60,115,0.7495984977468784,0.46855900000000006
60,116,0.7536049217829284,0.46855900000000006
60,117,0.7575472430344015,0.46855900000000006
60,118,0.7614264871458511,0.46855900000000006
60,119,0.7652436633515175,0.46855900000000006
60,120,0.7689997647378932,0.46855900000000006
60,121,0.7726957685020871,0.46855900000000006
60,122,0.7763326362060535,0.46855900000000006
60,123,0.7799113140267567,0.46855900000000006
60,124,0.7834327330023286,0.46855900000000006
60,125,0.7868978092742915,0.46855900000000006
60,126,0.7903074443259027,0.46855900000000006
60,127,0.7936625252166882,0.46855900000000006
60,128,0.7969639248132212,0.46855900000000006
60,129,0.8002125020162097,0.46855900000000006
60,130,0.8034091019839502,0.46855900000000006
60,131,0.806554556352207,0.46855900000000006
60,132,0.8096496834505718,0.46855900000000006
60,133,0.8126952885153627,0.46855900000000006
60,134,0.8156921638991168,0.46855900000000006
60,135,0.818641089276731,0.46855900000000006
60,136,0.7777090348128943,0.46855900000000006
60,137,0.7812656902558881,0.46855900000000006
60,138,0.7847654392117939,0.46855900000000006
60,139,0.7882091921844052,0.46855900000000006
60,140,0.7915978451094546,0.46855900000000006
60,141,0.7949322795877034,0.46855900000000006
60,142,0.7982133631143001,0.46855900000000006
60,143,0.8014419493044713,0.46855900000000006
60,144,0.8046188781155997,0.46855900000000006
60,145,0.8077449760657501,0.46855900000000006
60,146,0.8108210564486982,0.46855900000000006
60,147,0.813847919545519,0.46855900000000006
60,148,0.8168263528327907,0.46855900000000006
60,149,0.8197571311874661,0.46855900000000006
60,150,0.8226410170884666,0.46855900000000006
60,151,0.7815089662340433,0.46855900000000006
60,152,0.7850048227742985,0.46855900000000006
60,153,0.7457545816355836,0.46855900000000006
60,154,0.7498225083294142,0.46855900000000006
60,155,0.7538253481961437,0.46855900000000006
60,156,0.7577641426250052,0.46855900000000006
60,157,0.7616399163430053,0.46855900000000006
60,158,0.7654536776815172,0.46855900000000006
60,159,0.769206418838613,0.46855900000000006
60,160,0.772899116137195,0.46855900000000006
60,161,0.7765327302789998,0.46855900000000006
60,162,0.7801082065945358,0.46855900000000006
60,163,0.7836264752890234,0.46855900000000006
60,164,0.787088451684399,0.46855900000000006
60,165,0.7904950364574487,0.46855900000000006
60,166,0.7938471158741295,0.46855900000000006
60,167,0.7971455620201435,0.46855900000000006
60,168,0.8003912330278211,0.46855900000000006
60,169,0.8035849732993758,0.46855900000000006
60,170,0.8067276137265861,0.46855900000000006
60,171,0.8098199719069606,0.46855900000000006
60,172,0.8128628523564492,0.46855900000000006
60,173,0.8158570467187461,0.46855900000000006
60,174,0.8188033339712462,0.46855900000000006
60,175,0.8217024806277063,0.46855900000000006
60,176,0.8245552409376631,0.46855900000000006
60,177,0.8273623570826605,0.46855900000000006
60,178,0.8301245593693378,0.46855900000000006
60,179,0.8328425664194284,0.46855900000000006
60,180,0.8355170853567175,0.46855900000000006
60,181,0.8381488119910101,0.46855900000000006
60,182,0.8407384309991539,0.46855900000000006
60,183,0.8432866161031674,0.46855900000000006
60,184,0.8457940302455167,0.46855900000000006
60,185,0.8482613257615885,0.46855900000000006
60,186,0.850689144549403,0.46855900000000006
60,187,0.8530781182366127,0.46855900000000006
60,188,0.8554288683448268,0.46855900000000006
60,189,0.8577420064513097,0.46855900000000006
60,190,0.8600181343480887,0.46855900000000006
60,191,0.8622578441985193,0.46855900000000006
60,192,0.8644617186913429,0.46855900000000006
60,193,0.8666303311922814,0.46855900000000006
60,194,0.8687642458932048,0.46855900000000006
60,195,0.8708640179589138,0.46855900000000006
60,196,0.8729301936715711,0.46855900000000006
60,197,0.874963310572826,0.46855900000000006
60,198,0.8769638976036609,0.46855900000000006
60,199,0.8789324752420022,0.46855900000000006
60,200,0.8808695556381302,0.46855900000000006
61,1,0.5063199999999999,0.0
61,2,0.5130428800000001,0.0
61,3,0.5200109939199999,0.0
61,4,0.5271145780172798,0.0
61,5,0.5342773767690033,0.0
61,6,0.5075635079305532,0.0
61,7,0.5151601342036642,0.0
61,8,0.5227199217364058,0.0
61,9,0.5302180477646232,0.0
61,10,0.5376377103435893,0.0
61,11,0.5449677129183319,0.0
61,12,0.5522007736698066,0.1
61,13,0.5593323422018074,0.1
61,14,0.5663597713640807,0.1
61,15,0.5732817376685071,0.1
61,16,0.5800978357181872,0.1
61,17,0.5868082944433592,0.1
61,18,0.59341377859993,0.19
61,19,0.5637430896699335,0.19
61,20,0.5707192920425797,0.19
61,21,0.5775850476350538,0.19
61,22,0.5487057952533011,0.19
61,23,0.5559245875148571,0.19
61,24,0.5630284536045453,0.271
61,25,0.5700190599898212,0.271
61,26,0.5768980981800478,0.271
61,27,0.5836672688142117,0.271
61,28,0.5903282706567154,0.271
61,29,0.59688279302668,0.271
61,30,0.6033325106285836,0.34390000000000004
61,31,0.6096790800617573,0.34390000000000004
61,32,0.615924137503031,0.34390000000000004
61,33,0.6220692972085657,0.34390000000000004
61,34,0.628116150587137,0.34390000000000004
61,35,0.5967103430577801,0.34390000000000004
61,36,0.6031629510625914,0.40951000000000004
61,37,0.609512325291205,0.40951000000000004
61,38,0.6157601150984763,0.40951000000000004
61,39,0.621907944165252,0.40951000000000004
61,40,0.6279574106944539,0.40951000000000004
61,41,0.6339100876684347,0.40951000000000004
61,42,0.6397675231473042,0.46855900000000006
61,43,0.6455312405940425,0.46855900000000006
61,44,0.6512027392165045,0.46855900000000006
61,45,0.6567834943194171,0.46855900000000006
61,46,0.6622749576615699,0.46855900000000006
61,47,0.6676785578148694,0.46855900000000006
61,48,0.6729957005229508,0.46855900000000006
61,49,0.6782277690577668,0.46855900000000006
61,50,0.6833761245730711,0.46855900000000006
61,51,0.6492073183444174,0.46855900000000006
61,52,0.6548200011250668,0.46855900000000006
61,53,0.6603428810189775,0.46855900000000006
61,54,0.6657773948610121,0.46855900000000006
61,55,0.6711249565000729,0.46855900000000006
61,56,0.6763869571658574,0.46855900000000006
61,57,0.6815647658300537,0.46855900000000006
61,58,0.686659729561968,0.46855900000000006
61,59,0.6523267430838695,0.46855900000000006
61,60,0.6578895151841643,0.46855900000000006
61,61,0.6633632829339631,0.46855900000000006
61,62,0.6687494704019415,0.46855900000000006
61,63,0.6740494788719558,0.46855900000000006
61,64,0.6792646872075163,0.46855900000000006
61,65,0.6843964522104542,0.46855900000000006
61,66,0.6894461089738676,0.46855900000000006
61,67,0.6944149712294322,0.46855900000000006
61,68,0.6993043316891638,0.46855900000000006
61,69,0.7041154623817188,0.46855900000000006
61,70,0.7088496149833186,0.46855900000000006
61,71,0.7135080211433806,0.46855900000000006
61,72,0.7180918928049431,0.46855900000000006
61,73,0.7226024225199634,0.46855900000000006
61,74,0.7270407837595737,0.46855900000000006
61,75,0.7314081312193714,0.46855900000000006
61,76,0.7357056011198271,0.46855900000000006
61,77,0.7399343115018857,0.46855900000000006
61,78,0.7440953625178387,0.46855900000000006
61,79,0.7481898367175414,0.46855900000000006
61,80,0.7522187993300523,0.46855900000000006
61,81,0.7561832985407657,0.46855900000000006
61,82,0.7600843657641094,0.46855900000000006
61,83,0.7639230159118808,0.46855900000000006
61,84,0.7677002476572887,0.46855900000000006
61,85,0.7293152352744243,0.46855900000000006
61,86,0.692849473510703,0.46855900000000006
61,87,0.6977638819345302,0.46855900000000006
61,88,0.7025996598235766,0.46855900000000006
61,89,0.7073580652663989,0.46855900000000006
61,90,0.7120403362221361,0.46855900000000006
61,91,0.7166476908425815,0.46855900000000006
61,92,0.7211813277891,0.46855900000000006
61,93,0.7256424265444741,0.46855900000000006
61,94,0.7300321477197624,0.46855900000000006
61,95,0.7343516333562461,0.46855900000000006
61,96,0.7386020072225461,0.46855900000000006
61,97,0.7427843751069855,0.46855900000000006
61,98,0.7468998251052736,0.46855900000000006
61,99,0.7509494279035893,0.46855900000000006
61,100,0.7549342370571319,0.46855900000000006
61,101,0.7588552892642177,0.46855900000000006
61,102,0.7627136046359905,0.46855900000000006
61,103,0.7665101869618145,0.46855900000000006
61,104,0.7702460239704256,0.46855900000000006
61,105,0.7739220875868986,0.46855900000000006
61,106,0.7775393341855084,0.46855900000000006
61,107,0.7810987048385403,0.46855900000000006
61,108,0.7846011255611236,0.46855900000000006
61,109,0.7880475075521456,0.46855900000000006
61,110,0.7914387474313112,0.46855900000000006
61,111,0.7947757274724104,0.46855900000000006
61,112,0.7980593158328517,0.46855900000000006
61,113,0.801290366779526,0.46855900000000006
61,114,0.8044697209110538,0.46855900000000006
61,115,0.8075982053764769,0.46855900000000006
61,116,0.8106766340904532,0.46855900000000006
61,117,0.8137058079450059,0.46855900000000006
61,118,0.8166865150178857,0.46855900000000006
61,119,0.8196195307775996,0.46855900000000006
61,120,0.822505618285158,0.46855900000000006
61,121,0.8253455283925956,0.46855900000000006
61,122,0.8281399999383139,0.46855900000000006
61,123,0.830889759939301,0.46855900000000006
61,124,0.8335955237802721,0.46855900000000006
61,125,0.8362579953997876,0.46855900000000006
61,126,0.8388778674733912,0.46855900000000006
61,127,0.8414558215938168,0.46855900000000006
61,128,0.8439925284483157,0.46855900000000006
61,129,0.8464886479931428,0.46855900000000006
61,130,0.8489448296252524,0.46855900000000006
61,131,0.8513617123512484,0.46855900000000006
61,132,0.8537399249536284,0.46855900000000006
61,133,0.8560800861543705,0.46855900000000006
61,134,0.8583828047759005,0.46855900000000006
61,135,0.860648679899486,0.46855900000000006
61,136,0.8628783010210942,0.46855900000000006
61,137,0.8650722482047566,0.46855900000000006
61,138,0.8672310922334805,0.46855900000000006
61,139,0.8693553947577449,0.46855900000000006
61,140,0.8714457084416211,0.46855900000000006
61,141,0.8735025771065551,0.46855900000000006
61,142,0.8755265358728502,0.46855900000000006
61,143,0.8775181112988847,0.46855900000000006
61,144,0.8794778215181026,0.46855900000000006
61,145,0.8814061763738129,0.46855900000000006
61,146,0.8833036775518319,0.46855900000000006
61,147,0.8851708187110026,0.46855900000000006
61,148,0.8870080856116264,0.46855900000000006
61,149,0.8888159562418403,0.46855900000000006
61,150,0.8443751584297484,0.46855900000000006
61,151,0.8468651558948723,0.46855900000000006
61,152,0.8493153134005544,0.46855900000000006
61,153,0.8517262683861455,0.46855900000000006
61,154,0.8540986480919672,0.46855900000000006
61,155,0.8564330697224957,0.46855900000000006
61,156,0.8587301406069358,0.46855900000000006
61,157,0.8609904583572249,0.46855900000000006
61,158,0.8632146110235093,0.46855900000000006
61,159,0.8654031772471331,0.46855900000000006
61,160,0.867556726411179,0.46855900000000006
61,161,0.8696758187886001,0.46855900000000006
61,162,0.8717610056879825,0.46855900000000006
61,163,0.8738128295969748,0.46855900000000006
61,164,0.8758318243234232,0.46855900000000006
61,165,0.8778185151342484,0.46855900000000006
61,166,0.8797734188921005,0.46855900000000006
61,167,0.8816970441898269,0.46855900000000006
61,168,0.8376121919803354,0.46855900000000006
61,169,0.8402103969086501,0.46855900000000006
61,170,0.8427670305581116,0.46855900000000006
61,171,0.845282758069182,0.46855900000000006
61,172,0.8477582339400749,0.46855900000000006
61,173,0.8501941021970338,0.46855900000000006
61,174,0.8525909965618814,0.46855900000000006
61,175,0.8549495406168912,0.46855900000000006
61,176,0.857270347967021,0.46855900000000006
61,177,0.8595540223995485,0.46855900000000006
61,178,0.8618011580411558,0.46855900000000006
61,179,0.8640123395124973,0.46855900000000006
61,180,0.8661881420802974,0.46855900000000006
61,181,0.8683291318070128,0.46855900000000006
61,182,0.8704358656981006,0.46855900000000006
61,183,0.8725088918469309,0.46855900000000006
61,184,0.8745487495773802,0.46855900000000006
61,185,0.876555969584142,0.46855900000000006
61,186,0.8785310740707957,0.46855900000000006
61,187,0.8346045203672559,0.46855900000000006
61,188,0.8372508480413797,0.46855900000000006
61,189,0.8398548344727177,0.46855900000000006
61,190,0.8424171571211542,0.46855900000000006
61,191,0.8449384826072157,0.46855900000000006
61,192,0.8474194668855002,0.46855900000000006
61,193,0.8498607554153322,0.46855900000000006
61,194,0.8522629833286869,0.46855900000000006
61,195,0.8546267755954279,0.46855900000000006
61,196,0.8569527471859011,0.46855900000000006
61,197,0.8592415032309265,0.46855900000000006
61,198,0.8614936391792318,0.46855900000000006
61,199,0.8637097409523641,0.46855900000000006
61,200,0.8658903850971262,0.46855900000000006
62,1,0.4749999999999999,0.0
62,2,0.48172,0.0
62,3,0.48883647999999996,0.0
62,4,0.49619189631999994,0.0
62,5,0.5036765859788799,0.0
62,6,0.5112143926032179,0.1
62,7,0.5187526047215663,0.1
62,8,0.5262549127260211,0.1
62,9,0.5336964788984048,0.1
62,10,0.5410604865792303,0.1
62,11,0.5483357247342028,0.1
62,12,0.5209189384974924,0.1
62,13,0.5285367796397008,0.1
62,14,0.536046972076183,0.1
62,15,0.5434469671604665,0.1
62,16,0.5507355383321506,0.1
62,17,0.5579123755712123,0.1
62,18,0.5649778016587363,0.19
62,19,0.571932573699861,0.19
62,20,0.5433359450148678,0.19
62,21,0.5506386617019949,0.19
62,22,0.5578257073799184,0.19
62,23,0.5648985810474486,0.19
62,24,0.5718588632406156,0.271
62,25,0.578708183071714,0.271
62,26,0.5854481952926304,0.271
62,27,0.592080564372993,0.271
62,28,0.5986069534865563,0.271
62,29,0.6050290169312433,0.271
62,30,0.6113483949506737,0.34390000000000004
62,31,0.5807809752031401,0.34390000000000004
62,32,0.587488369203121,0.34390000000000004
62,33,0.5940884780181328,0.34390000000000004
62,34,0.600583008275426,0.34390000000000004
62,35,0.6069736422769275,0.34390000000000004
62,36,0.6132620374942325,0.40951000000000004
62,37,0.6194498263399398,0.40951000000000004
62,38,0.6255386161304312,0.40951000000000004
62,39,0.6315299891806958,0.40951000000000004
62,40,0.6374255029896505,0.40951000000000004
62,41,0.6432266904869082,0.40951000000000004
62,42,0.6489350603206823,0.46855900000000006
62,43,0.6545520971726464,0.46855900000000006
62,44,0.6600792620898507,0.46855900000000006
62,45,0.6655179928267898,0.46855900000000006
62,46,0.6708697041928247,0.46855900000000006
62,47,0.6761357884016241,0.46855900000000006
62,48,0.6813176154203172,0.46855900000000006
62,49,0.6864165333167754,0.46855900000000006
62,50,0.6914338686039355,0.46855900000000006
62,51,0.6963709265804325,0.46855900000000006
62,52,0.7012289916670574,0.46855900000000006
62,53,0.7060093277387229,0.46855900000000006
62,54,0.71071317845174,0.46855900000000006
62,55,0.715341767566298,0.46855900000000006
62,56,0.7198962992640874,0.46855900000000006
62,57,0.7243779584610569,0.46855900000000006
62,58,0.6881590605380039,0.46855900000000006
62,59,0.6931485155590325,0.46855900000000006
62,60,0.6980581393028336,0.46855900000000006
62,61,0.7028892090689102,0.46855900000000006
62,62,0.7076429817202528,0.46855900000000006
62,63,0.7123206940102405,0.46855900000000006
62,64,0.7169235629043349,0.46855900000000006
62,65,0.7214527858966463,0.46855900000000006
62,66,0.7259095413214462,0.46855900000000006
62,67,0.7302949886597058,0.46855900000000006
62,68,0.7346102688407321,0.46855900000000006
62,69,0.7388565045389878,0.46855900000000006
62,70,0.743034800466159,0.46855900000000006
62,71,0.747146243658557,0.46855900000000006
62,72,0.7097889314756289,0.46855900000000006
62,73,0.7144323085719185,0.46855900000000006
62,74,0.7190013916346976,0.46855900000000006
62,75,0.7234973693684932,0.46855900000000006
62,76,0.7279214114585628,0.46855900000000006
62,77,0.7322746688752019,0.46855900000000006
62,78,0.7365582741731818,0.46855900000000006
62,79,0.740773341786399,0.46855900000000006
62,80,0.7449209683178084,0.46855900000000006
62,81,0.7490022328247176,0.46855900000000006
62,82,0.753018197099518,0.46855900000000006
62,83,0.7569699059459227,0.46855900000000006
62,84,0.760858387450786,0.46855900000000006
62,85,0.764684653251572,0.46855900000000006
62,86,0.7684496987995458,0.46855900000000006
62,87,0.7721545036187525,0.46855900000000006
62,88,0.775800031560852,0.46855900000000006
62,89,0.779387231055878,0.46855900000000006
62,90,0.7829170353589838,0.46855900000000006
62,91,0.7863903627932398,0.46855900000000006
62,92,0.7898081169885478,0.46855900000000006
62,93,0.7931711871167311,0.46855900000000006
62,94,0.7535126277608944,0.46855900000000006
62,95,0.75745642571672,0.46855900000000006
62,96,0.7613371229052525,0.46855900000000006
62,97,0.7651557289387683,0.46855900000000006
62,98,0.7689132372757481,0.46855900000000006
62,99,0.7726106254793361,0.46855900000000006
62,100,0.7762488554716668,0.46855900000000006
62,101,0.7798288737841201,0.46855900000000006
62,102,0.7833516118035744,0.46855900000000006
62,103,0.7868179860147171,0.46855900000000006
62,104,0.7902288982384816,0.46855900000000006
62,105,0.793585235866666,0.46855900000000006
62,106,0.7968878720927994,0.46855900000000006
62,107,0.8001376661393145,0.46855900000000006
62,108,0.8033354634810855,0.46855900000000006
62,109,0.8064820960653881,0.46855900000000006
62,110,0.8095783825283419,0.46855900000000006
62,111,0.8126251284078885,0.46855900000000006
62,112,0.8156231263533623,0.46855900000000006
62,113,0.8185731563317086,0.46855900000000006
62,114,0.8214759858304014,0.46855900000000006
62,115,0.824332370057115,0.46855900000000006
62,116,0.827143052136201,0.46855900000000006
62,117,0.8299087633020219,0.46855900000000006
62,118,0.8326302230891895,0.46855900000000006
62,119,0.8353081395197626,0.46855900000000006
62,120,0.8379432092874464,0.46855900000000006
62,121,0.8405361179388471,0.46855900000000006
62,122,0.8430875400518257,0.46855900000000006
62,123,0.8455981394109964,0.46855900000000006
62,124,0.8480685691804204,0.46855900000000006
62,125,0.8504994720735336,0.46855900000000006
62,126,0.8528914805203571,0.46855900000000006
62,127,0.8552452168320313,0.46855900000000006
62,128,0.8575612933627189,0.46855900000000006
62,129,0.8598403126689153,0.46855900000000006
62,130,0.8620828676662127,0.46855900000000006
62,131,0.8642895417835532,0.46855900000000006
62,132,0.8664609091150164,0.46855900000000006
62,133,0.8685975345691761,0.46855900000000006
62,134,0.8706999740160694,0.46855900000000006
62,135,0.8727687744318121,0.46855900000000006
62,136,0.8291303357102213,0.46855900000000006
62,137,0.8318642503388579,0.46855900000000006
62,138,0.8345544223334362,0.46855900000000006
62,139,0.8372015515761012,0.46855900000000006
62,140,0.8398063267508837,0.46855900000000006
62,141,0.8423694255228696,0.46855900000000006
62,142,0.8448915147145037,0.46855900000000006
62,143,0.8473732504790716,0.46855900000000006
62,144,0.8498152784714064,0.46855900000000006
62,145,0.8522182340158638,0.46855900000000006
62,146,0.8545827422716099,0.46855900000000006
62,147,0.8569094183952644,0.46855900000000006
62,148,0.85919886770094,0.46855900000000006
62,149,0.861451685817725,0.46855900000000006
62,150,0.8636684588446414,0.46855900000000006
62,151,0.865849763503127,0.46855900000000006
62,152,0.8679961672870771,0.46855900000000006
62,153,0.8701082286104839,0.46855900000000006
62,154,0.8721864969527161,0.46855900000000006
62,155,0.8742315130014726,0.46855900000000006
62,156,0.8762438087934491,0.46855900000000006
62,157,0.8782239078527538,0.46855900000000006
62,158,0.8801723253271099,0.46855900000000006
62,159,0.8820895681218761,0.46855900000000006
62,160,0.8839761350319261,0.46855900000000006
62,161,0.8858325168714153,0.46855900000000006
62,162,0.8876591966014725,0.46855900000000006
62,163,0.8894566494558489,0.46855900000000006
62,164,0.8912253430645555,0.46855900000000006
62,165,0.8929657375755227,0.46855900000000006
62,166,0.8946782857743145,0.46855900000000006
62,167,0.8963634332019252,0.46855900000000006
62,168,0.8980216182706945,0.46855900000000006
62,169,0.8531205373571599,0.46855900000000006
62,170,0.8554706087594453,0.46855900000000006
62,171,0.8577830790192941,0.46855900000000006
62,172,0.8600585497549854,0.46855900000000006
62,173,0.8622976129589057,0.46855900000000006
62,174,0.8645008511515633,0.46855900000000006
62,175,0.8666688375331383,0.46855900000000006
62,176,0.8688021361326081,0.46855900000000006
62,177,0.8709013019544865,0.46855900000000006
62,178,0.8729668811232145,0.46855900000000006
62,179,0.8749994110252433,0.46855900000000006
62,180,0.8769994204488393,0.46855900000000006
62,181,0.8789674297216579,0.46855900000000006
62,182,0.8809039508461114,0.46855900000000006
62,183,0.8828094876325736,0.46855900000000006
62,184,0.8846845358304524,0.46855900000000006
62,185,0.8404503090389298,0.46855900000000006
62,186,0.8430031040943069,0.46855900000000006
62,187,0.8455150544287979,0.46855900000000006
62,188,0.8479868135579374,0.46855900000000006
62,189,0.8504190245410103,0.46855900000000006
62,190,0.852812320148354,0.46855900000000006
62,191,0.8551673230259805,0.46855900000000006
62,192,0.8574846458575648,0.46855900000000006
62,193,0.8597648915238437,0.46855900000000006
62,194,0.8620086532594622,0.46855900000000006
62,195,0.8642165148073108,0.46855900000000006
62,196,0.8663890505703937,0.46855900000000006
62,197,0.8685268257612675,0.46855900000000006
62,198,0.8706303965490874,0.46855900000000006
62,199,0.8727003102043017,0.46855900000000006
62,200,0.874737105241033,0.46855900000000006
63,1,0.5063199999999999,0.0
63,2,0.5130428800000001,0.0
63,3,0.48739073599999994,0.0
63,4,0.49476928422399985,0.0
63,5,0.5022767356764158,0.0
63,6,0.5098369399055932,0.1
63,7,0.5173971912671036,0.1
63,8,0.5249211858868301,0.1
63,9,0.5323840916886409,0.1
63,10,0.5397690975648226,0.1
63,11,0.5470649979440256,0.1
63,12,0.5542645021350892,0.19
63,13,0.5613630510116454,0.19
63,14,0.5683579888329613,0.19
63,15,0.5752479836578857,0.19
63,16,0.5820326217717355,0.19
63,17,0.5887121239200511,0.19
63,18,0.5592765177240484,0.19
63,19,0.566322510308128,0.19
63,20,0.573257441950563,0.19
63,21,0.5800825871445097,0.19
63,22,0.5867993507358061,0.19
63,23,0.5934092206139595,0.19
63,24,0.5999137347270844,0.271
63,25,0.606314458121515,0.271
63,26,0.6126129669966154,0.271
63,27,0.5819823186467845,0.271
63,28,0.5886702796919672,0.271
63,29,0.5952513299173676,0.271
63,30,0.6017271509290201,0.34390000000000004
63,31,0.6080994061173869,0.34390000000000004
63,32,0.6143697383417706,0.34390000000000004
63,33,0.6205397684338854,0.34390000000000004
63,34,0.6266110942728514,0.34390000000000004
63,35,0.6325852902582216,0.34390000000000004
63,36,0.6384639070597051,0.40951000000000004
63,37,0.6442484715586804,0.40951000000000004
63,38,0.6499404869220928,0.40951000000000004
63,39,0.6555414327671852,0.40951000000000004
63,40,0.6610527653880024,0.40951000000000004
63,41,0.6664759180233588,0.40951000000000004
63,42,0.6718123011520802,0.46855900000000006
63,43,0.6770633028056137,0.46855900000000006
63,44,0.6822302888911003,0.46855900000000006
63,45,0.6873146035201063,0.46855900000000006
63,46,0.692317569339669,0.46855900000000006
63,47,0.6972404878633537,0.46855900000000006
63,48,0.7020846398007234,0.46855900000000006
63,49,0.70685128538414,0.46855900000000006
63,50,0.7115416646921539,0.46855900000000006
63,51,0.7161569979689911,0.46855900000000006
63,52,0.7206984859398257,0.46855900000000006
63,53,0.7251673101216253,0.46855900000000006
63,54,0.729564633129465,0.46855900000000006
63,55,0.7338915989782435,0.46855900000000006
63,56,0.7381493333797867,0.46855900000000006
63,57,0.7423389440353467,0.46855900000000006
63,58,0.7464615209235267,0.46855900000000006
63,59,0.7505181365836721,0.46855900000000006
63,60,0.7545098463947786,0.46855900000000006
63,61,0.758437688849974,0.46855900000000006
63,62,0.720515804407475,0.46855900000000006
63,63,0.7249875515352137,0.46855900000000006
63,64,0.7293877507094308,0.46855900000000006
63,65,0.7337175466972266,0.46855900000000006
63,66,0.7379780659494736,0.46855900000000006
63,67,0.7421704168938639,0.46855900000000006
63,68,0.746295690223269,0.46855900000000006
63,69,0.7503549591794919,0.46855900000000006
63,70,0.7543492798324766,0.46855900000000006
63,71,0.7582796913550565,0.46855900000000006
63,72,0.7621472162933054,0.46855900000000006
63,73,0.7659528608325632,0.46855900000000006
63,74,0.7696976150592078,0.46855900000000006
63,75,0.7733824532182363,0.46855900000000006
63,76,0.7770083339667276,0.46855900000000006
63,77,0.7805762006232481,0.46855900000000006
63,78,0.7840869814132677,0.46855900000000006
63,79,0.7875415897106499,0.46855900000000006
63,80,0.7909409242752752,0.46855900000000006
63,81,0.794285869486868,0.46855900000000006
63,82,0.7975772955750761,0.46855900000000006
63,83,0.8008160588458735,0.46855900000000006
63,84,0.8040030019043384,0.46855900000000006
63,85,0.8071389538738682,0.46855900000000006
63,86,0.7667820061801748,0.46855900000000006
63,87,0.7705134940812916,0.46855900000000006
63,88,0.7741852781759906,0.46855900000000006
63,89,0.7777983137251745,0.46855900000000006
63,90,0.7813535407055714,0.46855900000000006
63,91,0.7848518840542822,0.46855900000000006
63,92,0.7456092898515683,0.46855900000000006
63,93,0.7496795412139431,0.46855900000000006
63,94,0.7536846685545198,0.46855900000000006
63,95,0.7576257138576474,0.46855900000000006
63,96,0.761503702435925,0.46855900000000006
63,97,0.7653196431969501,0.46855900000000006
63,98,0.7690745289057991,0.46855900000000006
63,99,0.7727693364433063,0.46855900000000006
63,100,0.7764050270602133,0.46855900000000006
63,101,0.7799825466272499,0.46855900000000006
63,102,0.7835028258812138,0.46855900000000006
63,103,0.7869667806671145,0.46855900000000006
63,104,0.7903753121764405,0.46855900000000006
63,105,0.7937293071816176,0.46855900000000006
63,106,0.7970296382667117,0.46855900000000006
63,107,0.8002771640544444,0.46855900000000006
63,108,0.8034727294295732,0.46855900000000006
63,109,0.8066171657587,0.46855900000000006
63,110,0.8097112911065608,0.46855900000000006
63,111,0.8127559104488558,0.46855900000000006
63,112,0.8157518158816742,0.46855900000000006
63,113,0.8186997868275674,0.46855900000000006
63,114,0.8216005902383262,0.46855900000000006
63,115,0.8244549807945131,0.46855900000000006
63,116,0.8272637011018009,0.46855900000000006
63,117,0.8300274818841722,0.46855900000000006
63,118,0.8327470421740253,0.46855900000000006
63,119,0.8354230894992408,0.46855900000000006
63,120,0.838056320067253,0.46855900000000006
63,121,0.840647418946177,0.46855900000000006
63,122,0.8431970602430383,0.46855900000000006
63,123,0.8457059072791496,0.46855900000000006
63,124,0.8481746127626832,0.46855900000000006
63,125,0.8506038189584804,0.46855900000000006
63,126,0.8529941578551445,0.46855900000000006
63,127,0.8553462513294623,0.46855900000000006
63,128,0.8576607113081909,0.46855900000000006
63,129,0.8599381399272599,0.46855900000000006
63,130,0.8621791296884236,0.46855900000000006
63,131,0.8643842636134089,0.46855900000000006
63,132,0.8665541153955945,0.46855900000000006
63,133,0.8686892495492649,0.46855900000000006
63,134,0.8707902215564765,0.46855900000000006
63,135,0.8728575780115729,0.46855900000000006
63,136,0.8748918567633878,0.46855900000000006
63,137,0.8768935870551736,0.46855900000000006
63,138,0.8788632896622909,0.46855900000000006
63,139,0.8808014770276941,0.46855900000000006
63,140,0.8827086533952511,0.46855900000000006
63,141,0.8845853149409271,0.46855900000000006
63,142,0.8864319499018724,0.46855900000000006
63,143,0.8882490387034423,0.46855900000000006
63,144,0.8900370540841871,0.46855900000000006
63,145,0.8917964612188403,0.46855900000000006
63,146,0.8935277178393388,0.46855900000000006
63,147,0.8952312743539095,0.46855900000000006
63,148,0.8969075739642468,0.46855900000000006
63,149,0.8985570527808188,0.46855900000000006
63,150,0.9001801399363257,0.46855900000000006
63,151,0.9017772576973446,0.46855900000000006
63,152,0.903348821574187,0.46855900000000006
63,153,0.9048952404289998,0.46855900000000006
63,154,0.9064169165821362,0.46855900000000006
63,155,0.9079142459168217,0.46855900000000006
63,156,0.9093876179821528,0.46855900000000006
63,157,0.9108374160944382,0.46855900000000006
63,158,0.9122640174369272,0.46855900000000006
63,159,0.9136677931579363,0.46855900000000006
63,160,0.9150491084674094,0.46855900000000006
63,161,0.9164083227319308,0.46855900000000006
63,162,0.9177457895682201,0.46855900000000006
63,163,0.8718585000898089,0.46855900000000006
63,164,0.8739087640883719,0.46855900000000006
63,165,0.8759262238629579,0.46855900000000006
63,166,0.8779114042811506,0.46855900000000006
63,167,0.8798648218126521,0.46855900000000006
63,168,0.8817869846636498,0.46855900000000006
63,169,0.8836783929090313,0.46855900000000006
63,170,0.8394944732635796,0.46855900000000006
63,171,0.8420625616913624,0.46855900000000006
63,172,0.7999594336067942,0.46855900000000006
63,173,0.8031600826690856,0.46855900000000006
63,174,0.8063095213463802,0.46855900000000006
63,175,0.809408569004838,0.46855900000000006
63,176,0.8124580319007608,0.46855900000000006
63,177,0.8154587033903485,0.46855900000000006
63,178,0.818411364136103,0.46855900000000006
63,179,0.8213167823099253,0.46855900000000006
63,180,0.8241757137929666,0.46855900000000006
63,181,0.826988902372279,0.46855900000000006
63,182,0.8297570799343227,0.46855900000000006
63,183,0.8324809666553733,0.46855900000000006
63,184,0.8351612711888874,0.46855900000000006
63,185,0.8377986908498652,0.46855900000000006
63,186,0.8403939117962673,0.46855900000000006
63,187,0.8429476092075273,0.46855900000000006
63,188,0.8454604474602068,0.46855900000000006
63,189,0.8479330803008434,0.46855900000000006
63,190,0.8503661510160299,0.46855900000000006
63,191,0.8078478434652284,0.46855900000000006
63,192,0.8109222779697849,0.46855900000000006
63,193,0.8139475215222681,0.46855900000000006
63,194,0.816924361177912,0.46855900000000006
63,195,0.8198535713990653,0.46855900000000006
63,196,0.8227359142566802,0.46855900000000006
63,197,0.8255721396285732,0.46855900000000006
63,198,0.8283629853945161,0.46855900000000006
63,199,0.8311091776282039,0.46855900000000006
63,200,0.8338114307861526,0.46855900000000006
64,1,0.5063199999999999,0.0
64,2,0.5130428800000001,0.0
64,3,0.5200109939199999,0.0
64,4,0.5271145780172798,0.0
64,5,0.5342773767690033,0.0
64,6,0.5414465811406994,0.1
64,7,0.5485857855224482,0.1
64,8,0.555670057730089,0.1
64,9,0.5626824881496075,0.1
64,10,0.5696117742794539,0.1
64,11,0.5764505300491506,0.1
64,12,0.5831941024790818,0.19
64,13,0.5898397434769188,0.19
64,14,0.5963860302275397,0.19
64,15,0.5665667287161626,0.19
64,16,0.5734902669090802,0.19
64,17,0.5448157535636262,0.19
64,18,0.5520907256032715,0.271
64,19,0.5592516908612836,0.271
64,20,0.5662997556148681,0.271
64,21,0.5732362237901858,0.271
64,22,0.5445744126006764,0.271
64,23,0.5173456919706425,0.271
64,24,0.5250662458847211,0.34390000000000004
64,25,0.5326638454404918,0.34390000000000004
64,26,0.5401402855563922,0.34390000000000004
64,27,0.5474973841375537,0.34390000000000004
64,28,0.5547369661963975,0.34390000000000004
64,29,0.5618608528807865,0.34390000000000004
64,30,0.5688708539351657,0.40951000000000004
64,31,0.5757687625625334,0.40951000000000004
64,32,0.5825563519647641,0.40951000000000004
64,33,0.5892353730555896,0.40951000000000004
64,34,0.5958075529922835,0.40951000000000004
64,35,0.6022745942783152,0.40951000000000004
64,36,0.5721608645643996,0.40951000000000004
64,37,0.5790062642251048,0.40951000000000004
64,38,0.5857421454431184,0.40951000000000004
64,39,0.592370258127959,0.40951000000000004
64,40,0.598892324906263,0.40951000000000004
64,41,0.6053100413436087,0.40951000000000004
64,42,0.6116250762272031,0.46855900000000006
64,43,0.6178390718891322,0.46855900000000006
64,44,0.6239536445560014,0.46855900000000006
64,45,0.629970384715072,0.46855900000000006
64,46,0.6358908574900075,0.46855900000000006
64,47,0.6417166030214309,0.46855900000000006
64,48,0.6474491368489727,0.46855900000000006
64,49,0.6530899502925082,0.46855900000000006
64,50,0.6586405108310115,0.46855900000000006
64,51,0.6641022624779438,0.46855900000000006
64,52,0.6694766261524565,0.46855900000000006
64,53,0.6747650000459291,0.46855900000000006
64,54,0.6799687599835326,0.46855900000000006
64,55,0.685089259780633,0.46855900000000006
64,56,0.6901278315939285,0.46855900000000006
64,57,0.6950857862672757,0.46855900000000006
64,58,0.6999644136721944,0.46855900000000006
64,59,0.7047649830430756,0.46855900000000006
64,60,0.709488743307132,0.46855900000000006
64,61,0.7141369234091399,0.46855900000000006
64,62,0.7187107326310389,0.46855900000000006
64,63,0.7232113609064541,0.46855900000000006
64,64,0.7276399791302091,0.46855900000000006
64,65,0.7319977394629065,0.46855900000000006
64,66,0.7362857756306465,0.46855900000000006
64,67,0.7405052032199587,0.46855900000000006
64,68,0.7446571199680212,0.46855900000000006
64,69,0.7487426060482401,0.46855900000000006
64,70,0.7527627243512632,0.46855900000000006
64,71,0.7567185207614997,0.46855900000000006
64,72,0.7606110244292151,0.46855900000000006
64,73,0.7644412480382774,0.46855900000000006
64,74,0.7682101880696158,0.46855900000000006
64,75,0.7719188250604676,0.46855900000000006
64,76,0.775568123859476,0.46855900000000006
64,77,0.7791590338777076,0.46855900000000006
64,78,0.7402010821838222,0.46855900000000006
64,79,0.7443578648688691,0.46855900000000006
64,80,0.7071399716254255,0.46855900000000006
64,81,0.7118257320794105,0.46855900000000006
64,82,0.7164365203661341,0.46855900000000006
64,83,0.7209735360402718,0.46855900000000006
64,84,0.7254379594636247,0.46855900000000006
64,85,0.7298309521122047,0.46855900000000006
64,86,0.734153656878408,0.46855900000000006
64,87,0.7384071983683526,0.46855900000000006
64,88,0.7425926831944583,0.46855900000000006
64,89,0.7467112002633465,0.46855900000000006
64,90,0.7507638210591326,0.46855900000000006
64,91,0.7547515999221863,0.46855900000000006
64,92,0.758675574323431,0.46855900000000006
64,93,0.7625367651342562,0.46855900000000006
64,94,0.766336176892108,0.46855900000000006
64,95,0.7700747980618342,0.46855900000000006
64,96,0.7737536012928448,0.46855900000000006
64,97,0.7773735436721594,0.46855900000000006
64,98,0.7809355669734047,0.46855900000000006
64,99,0.7844405979018303,0.46855900000000006
64,100,0.7452185680067387,0.46855900000000006
64,101,0.7492950709186309,0.46855900000000006
64,102,0.7533063497839328,0.46855900000000006
64,103,0.7572534481873899,0.46855900000000006
64,104,0.7193907757780204,0.46855900000000006
64,105,0.7238805233655722,0.46855900000000006
64,106,0.728298434991723,0.46855900000000006
64,107,0.6918835132421368,0.46855900000000006
64,108,0.6572893375800299,0.46855900000000006
64,109,0.6627727081787496,0.46855900000000006
64,110,0.6681683448478895,0.46855900000000006
64,111,0.634759927605495,0.46855900000000006
64,112,0.640603768763807,0.46855900000000006
64,113,0.6463541084635861,0.46855900000000006
64,114,0.6520124427281687,0.46855900000000006
64,115,0.6575802436445181,0.46855900000000006
64,116,0.6630589597462058,0.46855900000000006
64,117,0.6684500163902666,0.46855900000000006
64,118,0.6737548161280223,0.46855900000000006
64,119,0.6789747390699737,0.46855900000000006
64,120,0.6841111432448541,0.46855900000000006
64,121,0.6891653649529366,0.46855900000000006
64,122,0.6941387191136897,0.46855900000000006
64,123,0.6990324996078706,0.46855900000000006
64,124,0.7038479796141448,0.46855900000000006
64,125,0.7085864119403185,0.46855900000000006
64,126,0.7132490293492733,0.46855900000000006
64,127,0.7178370448796849,0.46855900000000006
64,128,0.6819451926357007,0.46855900000000006
64,129,0.6870340695535295,0.46855900000000006
64,130,0.6920415244406729,0.46855900000000006
64,131,0.696968860049622,0.46855900000000006
64,132,0.7018173582888282,0.46855900000000006
64,133,0.7065882805562069,0.46855900000000006
64,134,0.7112828680673077,0.46855900000000006
64,135,0.7159023421782307,0.46855900000000006
64,136,0.720447904703379,0.46855900000000006
64,137,0.724920738228125,0.46855900000000006
64,138,0.7293220064164749,0.46855900000000006
64,139,0.7336528543138112,0.46855900000000006
64,140,0.7379144086447902,0.46855900000000006
64,141,0.7421077781064735,0.46855900000000006
64,142,0.7462340536567701,0.46855900000000006
64,143,0.7502943087982618,0.46855900000000006
64,144,0.7542895998574897,0.46855900000000006
64,145,0.7582209662597698,0.46855900000000006
64,146,0.7620894307996134,0.46855900000000006
64,147,0.7658959999068198,0.46855900000000006
64,148,0.7696416639083106,0.46855900000000006
64,149,0.7733273972857776,0.46855900000000006
64,150,0.776954158929205,0.46855900000000006
64,151,0.7805228923863379,0.46855900000000006
64,152,0.7840345261081565,0.46855900000000006
64,153,0.787489973690426,0.46855900000000006
64,154,0.7908901341113791,0.46855900000000006
64,155,0.75134562740581,0.46855900000000006
64,156,0.7553240973673173,0.46855900000000006
64,157,0.7592389118094401,0.46855900000000006
64,158,0.7630910892204891,0.46855900000000006
64,159,0.7668816317929611,0.46855900000000006
64,160,0.7706115256842738,0.46855900000000006
64,161,0.7742817412733255,0.46855900000000006
64,162,0.7778932334129521,0.46855900000000006
64,163,0.781446941678345,0.46855900000000006
64,164,0.7849437906114914,0.46855900000000006
64,165,0.7883846899617077,0.46855900000000006
64,166,0.7917705349223204,0.46855900000000006
64,167,0.7951022063635633,0.46855900000000006
64,168,0.7983805710617463,0.46855900000000006
64,169,0.8016064819247584,0.46855900000000006
64,170,0.8047807782139621,0.46855900000000006
64,171,0.8079042857625389,0.46855900000000006
64,172,0.8109778171903382,0.46855900000000006
64,173,0.8140021721152928,0.46855900000000006
64,174,0.816978137361448,0.46855900000000006
64,175,0.8199064871636649,0.46855900000000006
64,176,0.8227879833690462,0.46855900000000006
64,177,0.8256233756351415,0.46855900000000006
64,178,0.7843422068533845,0.46855900000000006
64,179,0.7877927315437303,0.46855900000000006
64,180,0.7911880478390306,0.46855900000000006
64,181,0.7945290390736062,0.46855900000000006
64,182,0.7978165744484285,0.46855900000000006
64,183,0.8010515092572537,0.46855900000000006
64,184,0.8042346851091378,0.46855900000000006
64,185,0.8073669301473915,0.46855900000000006
64,186,0.8104490592650333,0.46855900000000006
64,187,0.8134818743167926,0.46855900000000006
64,188,0.816466164327724,0.46855900000000006
64,189,0.8194027056984805,0.46855900000000006
64,190,0.8222922624073046,0.46855900000000006
64,191,0.8251355862087879,0.46855900000000006
64,192,0.8279334168294472,0.46855900000000006
64,193,0.830686482160176,0.46855900000000006
64,194,0.8333954984456133,0.46855900000000006
64,195,0.8360611704704833,0.46855900000000006
64,196,0.8386841917429557,0.46855900000000006
64,197,0.7967499821558078,0.46855900000000006
64,198,0.8000019824413152,0.46855900000000006
64,199,0.803201950722254,0.46855900000000006
64,200,0.8063507195106979,0.46855900000000006
65,1,0.5063199999999999,0.0
65,2,0.4810040000000001,0.0
65,3,0.488131936,0.0
65,4,0.495498625024,0.0
65,5,0.502994407023616,0.0
65,6,0.5105431285112381,0.1
65,7,0.5180920808550582,0.1
65,8,0.5256049572413773,0.1
65,9,0.5330569227015154,0.1
65,10,0.5404311632814911,0.1
65,11,0.5477164706092272,0.1
65,12,0.5549055512376475,0.19
65,13,0.5619938433285628,0.19
65,14,0.5689786884728082,0.19
65,15,0.5758587521034947,0.19
65,16,0.582633617922215,0.19
65,17,0.589303504132123,0.19
65,18,0.5958690649336733,0.271
65,19,0.6023312517020996,0.271
65,20,0.6086912159400215,0.271
65,21,0.6149502414705899,0.271
65,22,0.6211096970969867,0.271
65,23,0.6271710035863831,0.271
65,24,0.6331356106790648,0.34390000000000004
65,25,0.6390049811132446,0.34390000000000004
65,26,0.6447805795589637,0.34390000000000004
65,27,0.6504638649864922,0.34390000000000004
65,28,0.6560562854370386,0.34390000000000004
65,29,0.6615592744732772,0.34390000000000004
65,30,0.6669742488039666,0.40951000000000004
65,31,0.6723026067286864,0.40951000000000004
65,32,0.6775457271549358,0.40951000000000004
65,33,0.6827049690141926,0.40951000000000004
65,34,0.6485697205634829,0.40951000000000004
65,35,0.6541925864800823,0.40951000000000004
65,36,0.6597254921083315,0.46855900000000006
65,37,0.6651698751429496,0.46855900000000006
65,38,0.6705271507765083,0.46855900000000006
65,39,0.6757987119091762,0.46855900000000006
65,40,0.6809859294001939,0.46855900000000006
65,41,0.6860901523468858,0.46855900000000006
65,42,0.6911127083813023,0.46855900000000006
65,43,0.6960549039775781,0.46855900000000006
65,44,0.7009180247652004,0.46855900000000006
65,45,0.7057033358448417,0.46855900000000006
65,46,0.7104120821044436,0.46855900000000006
65,47,0.715045488533956,0.46855900000000006
65,48,0.719604760537641,0.46855900000000006
65,49,0.7240910842431987,0.46855900000000006
65,50,0.7285056268072194,0.46855900000000006
65,51,0.7328495367166423,0.46855900000000006
65,52,0.7371239440860127,0.46855900000000006
65,53,0.7413299609504225,0.46855900000000006
65,54,0.7454686815540656,0.46855900000000006
65,55,0.7081952474763622,0.46855900000000006
65,56,0.7128641235019356,0.46855900000000006
65,57,0.717458297515541,0.46855900000000006
65,58,0.6815853826397642,0.46855900000000006
65,59,0.6866800165102733,0.46855900000000006
65,60,0.6916931362410309,0.46855900000000006
65,61,0.6966260460576198,0.46855900000000006
65,62,0.7014800293182095,0.46855900000000006
65,63,0.7062563488473763,0.46855900000000006
65,64,0.7109562472645992,0.46855900000000006
65,65,0.7155809473075119,0.46855900000000006
65,66,0.7201316521499945,0.46855900000000006
65,67,0.7246095457151763,0.46855900000000006
65,68,0.7290157929834409,0.46855900000000006
65,69,0.7333515402955008,0.46855900000000006
65,70,0.7376179156506293,0.46855900000000006
65,71,0.7007370198680978,0.46855900000000006
65,72,0.7055252275501076,0.46855900000000006
65,73,0.7102368239092358,0.46855900000000006
65,74,0.7148730347266387,0.46855900000000006
65,75,0.7194350661709781,0.46855900000000006
65,76,0.7239241051122185,0.46855900000000006
65,77,0.7283413194304061,0.46855900000000006
65,78,0.7326878583195079,0.46855900000000006
65,79,0.7369648525863874,0.46855900000000006
65,80,0.7411734149449993,0.46855900000000006
65,81,0.7453146403058752,0.46855900000000006
65,82,0.7080489082905814,0.46855900000000006
65,83,0.7127201257579292,0.46855900000000006
65,84,0.7173166037458003,0.46855900000000006
65,85,0.721839538085866,0.46855900000000006
65,86,0.7262901054764912,0.46855900000000006
65,87,0.7306694637888667,0.46855900000000006
65,88,0.7349787523682443,0.46855900000000006
65,89,0.739219092330352,0.46855900000000006
65,90,0.7433915868530663,0.46855900000000006
65,91,0.747497321463417,0.46855900000000006
65,92,0.7515373643200023,0.46855900000000006
65,93,0.7555127664908821,0.46855900000000006
65,94,0.7594245622270278,0.46855900000000006
65,95,0.7632737692313952,0.46855900000000006
65,96,0.767061388923693,0.46855900000000006
65,97,0.7707884067009141,0.46855900000000006
65,98,0.7744557921936994,0.46855900000000006
65,99,0.7780644995186001,0.46855900000000006
65,100,0.7816154675263025,0.46855900000000006
65,101,0.7851096200458817,0.46855900000000006
65,102,0.7885478661251477,0.46855900000000006
65,103,0.7919311002671453,0.46855900000000006
65,104,0.795260202662871,0.46855900000000006
65,105,0.798536039420265,0.46855900000000006
65,106,0.8017594627895408,0.46855900000000006
65,107,0.8049313113849081,0.46855900000000006
65,108,0.8080524104027497,0.46855900000000006
65,109,0.8111235718363055,0.46855900000000006
65,110,0.8141455946869247,0.46855900000000006
65,111,0.8171192651719339,0.46855900000000006
65,112,0.8200453569291829,0.46855900000000006
65,113,0.8229246312183159,0.46855900000000006
65,114,0.8257578371188229,0.46855900000000006
65,115,0.8285457117249218,0.46855900000000006
65,116,0.8312889803373229,0.46855900000000006
65,117,0.8339883566519258,0.46855900000000006
65,118,0.8366445429454951,0.46855900000000006
65,119,0.8392582302583671,0.46855900000000006
65,120,0.8418300985742333,0.46855900000000006
65,121,0.8443608169970455,0.46855900000000006
65,122,0.8468510439250927,0.46855900000000006
65,123,0.8493014272222912,0.46855900000000006
65,124,0.8517126043867347,0.46855900000000006
65,125,0.8540852027165469,0.46855900000000006
65,126,0.8564198394730822,0.46855900000000006
65,127,0.8587171220415127,0.46855900000000006
65,128,0.8609776480888487,0.46855900000000006
65,129,0.863202005719427,0.46855900000000006
65,130,0.8653907736279163,0.46855900000000006
65,131,0.8675445212498694,0.46855900000000006
65,132,0.8696638089098716,0.46855900000000006
65,133,0.8717491879673137,0.46855900000000006
65,134,0.8738012009598368,0.46855900000000006
65,135,0.8758203817444793,0.46855900000000006
65,136,0.8778072556365675,0.46855900000000006
65,137,0.8797623395463825,0.46855900000000006
65,138,0.8816861421136404,0.46855900000000006
65,139,0.8835791638398222,0.46855900000000006
65,140,0.8854418972183848,0.46855900000000006
65,141,0.8872748268628909,0.46855900000000006
65,142,0.8890784296330846,0.46855900000000006
65,143,0.8908531747589553,0.46855900000000006
65,144,0.8925995239628118,0.46855900000000006
65,145,0.8943179315794069,0.46855900000000006
65,146,0.8960088446741364,0.46855900000000006
65,147,0.8976727031593501,0.46855900000000006
65,148,0.8993099399088006,0.46855900000000006
65,149,0.9009209808702596,0.46855900000000006
65,150,0.9025062451763356,0.46855900000000006
65,151,0.9040661452535141,0.46855900000000006
65,152,0.905601086929458,0.46855900000000006
65,153,0.9071114695385868,0.46855900000000006
65,154,0.8617558960616574,0.46855900000000006
65,155,0.8639678017246709,0.46855900000000006
65,156,0.8661443168970762,0.46855900000000006
65,157,0.8682860078267229,0.46855900000000006
65,158,0.8703934317014953,0.46855900000000006
65,159,0.8724671367942713,0.46855900000000006
65,160,0.874507662605563,0.46855900000000006
65,161,0.876515540003874,0.46855900000000006
65,162,0.878491291363812,0.46855900000000006
65,163,0.880435430701991,0.46855900000000006
65,164,0.8823484638107593,0.46855900000000006
65,165,0.8842308883897869,0.46855900000000006
65,166,0.8860831941755505,0.46855900000000006
65,167,0.8879058630687415,0.46855900000000006
65,168,0.8896993692596418,0.46855900000000006
65,169,0.8914641793514875,0.46855900000000006
65,170,0.8932007524818637,0.46855900000000006
65,171,0.8949095404421538,0.46855900000000006
65,172,0.8965909877950795,0.46855900000000006
65,173,0.8982455319903583,0.46855900000000006
65,174,0.8998736034785125,0.46855900000000006
65,175,0.8548799233045867,0.46855900000000006
65,176,0.8572018445317134,0.46855900000000006
65,177,0.859486615019206,0.46855900000000006
65,178,0.8617348291788985,0.46855900000000006
65,179,0.8639470719120361,0.46855900000000006
65,180,0.8661239187614436,0.46855900000000006
65,181,0.8682659360612603,0.46855900000000006
65,182,0.8703736810842801,0.46855900000000006
65,183,0.8724477021869317,0.46855900000000006
65,184,0.8744885389519409,0.46855900000000006
65,185,0.8764967223287099,0.46855900000000006
65,186,0.8784727747714506,0.46855900000000006
65,187,0.8804172103751073,0.46855900000000006
65,188,0.8823305350091056,0.46855900000000006
65,189,0.8382140082586502,0.46855900000000006
65,190,0.7963033078457178,0.46855900000000006
65,191,0.7995624549201864,0.46855900000000006
65,192,0.8027694556414634,0.46855900000000006
65,193,0.8059251443511999,0.46855900000000006
65,194,0.8090303420415805,0.46855900000000006
65,195,0.8120858565689153,0.46855900000000006
65,196,0.8150924828638126,0.46855900000000006
65,197,0.8180510031379915,0.46855900000000006
65,198,0.8209621870877838,0.46855900000000006
65,199,0.8238267920943793,0.46855900000000006
65,200,0.8266455634208691,0.46855900000000006
66,1,0.5063199999999999,0.0
66,2,0.5130428800000001,0.0
66,3,0.5200109939199999,0.0
66,4,0.5271145780172798,0.0
66,5,0.5342773767690033,0.0
66,6,0.5414465811406994,0.1
66,7,0.5485857855224482,0.1
66,8,0.555670057730089,0.1
66,9,0.5626824881496075,0.1
66,10,0.5696117742794539,0.1
66,11,0.5764505300491506,0.1
66,12,0.5831941024790818,0.19
66,13,0.5898397434769188,0.19
66,14,0.5603477563030729,0.19
66,15,0.5673659148484752,0.19
66,16,0.5742766660632759,0.19
66,17,0.5810802635029269,0.19
66,18,0.5877773961545444,0.271
66,19,0.5943690496234366,0.271
66,20,0.6008564090946171,0.271
66,21,0.6072407915347122,0.271
66,22,0.5768787519579764,0.271
66,23,0.583647351416575,0.271
66,24,0.590308055436858,0.34390000000000004
66,25,0.5968624696999321,0.34390000000000004
66,26,0.6033122103897777,0.34390000000000004
66,27,0.6096588931670726,0.34390000000000004
66,28,0.6159041255768714,0.34390000000000004
66,29,0.6220495018579718,0.34390000000000004
66,30,0.6280965994314754,0.40951000000000004
66,31,0.5966917694599017,0.40951000000000004
66,32,0.603144623870805,0.40951000000000004
66,33,0.5729873926772646,0.40951000000000004
66,34,0.5798195403000117,0.40951000000000004
66,35,0.5865423897891199,0.40951000000000004
66,36,0.5931576850462299,0.46855900000000006
66,37,0.5996671435311052,0.46855900000000006
66,38,0.5696837863545499,0.46855900000000006
66,39,0.5765688327848075,0.46855900000000006
66,40,0.5833437223686019,0.46855900000000006
66,41,0.5900102164465502,0.46855900000000006
66,42,0.5965700485284976,0.46855900000000006
66,43,0.6030249246336062,0.46855900000000006
66,44,0.5728736784019259,0.46855900000000006
66,45,0.5797076973645902,0.46855900000000006
66,46,0.5864323726787235,0.46855900000000006
66,47,0.5930494536462404,0.46855900000000006
66,48,0.5995606616391641,0.46855900000000006
66,49,0.605967690528822,0.46855900000000006
66,50,0.6122722071134801,0.46855900000000006
66,51,0.6184758515428478,0.46855900000000006
66,52,0.6245802377383906,0.46855900000000006
66,53,0.6305869538087362,0.46855900000000006
66,54,0.6364975624597083,0.46855900000000006
66,55,0.6423136013986913,0.46855900000000006
66,56,0.6480365837331491,0.46855900000000006
66,57,0.6536679983632043,0.46855900000000006
66,58,0.659209310368243,0.46855900000000006
66,59,0.6646619613875463,0.46855900000000006
66,60,0.6700273699949821,0.46855900000000006
66,61,0.6753069320678079,0.46855900000000006
66,62,0.6805020211496448,0.46855900000000006
66,63,0.685613988807696,0.46855900000000006
66,64,0.6906441649842845,0.46855900000000006
66,65,0.6561119567350702,0.46855900000000006
66,66,0.6616141654255674,0.46855900000000006
66,67,0.6670283387775389,0.46855900000000006
66,68,0.6723558853562448,0.46855900000000006
66,69,0.6775981911899474,0.46855900000000006
66,70,0.6827566201304902,0.46855900000000006
66,71,0.6878325142081094,0.46855900000000006
66,72,0.6928271939805748,0.46855900000000006
66,73,0.6977419588767422,0.46855900000000006
66,74,0.7025780875346139,0.46855900000000006
66,75,0.7073368381339897,0.46855900000000006
66,76,0.7120194487237967,0.46855900000000006
66,77,0.7166271375441815,0.46855900000000006
66,78,0.7211611033434506,0.46855900000000006
66,79,0.7256225256899385,0.46855900000000006
66,80,0.7300125652788878,0.46855900000000006
66,81,0.7343323642344172,0.46855900000000006
66,82,0.7385830464066607,0.46855900000000006
66,83,0.74276571766415,0.46855900000000006
66,84,0.7468814661815208,0.46855900000000006
66,85,0.7509313627226144,0.46855900000000006
66,86,0.7549164609190512,0.46855900000000006
66,87,0.7588377975443452,0.46855900000000006
66,88,0.7626963927836351,0.46855900000000006
66,89,0.7664932504990964,0.46855900000000006
66,90,0.7702293584911107,0.46855900000000006
66,91,0.7739056887552527,0.46855900000000006
66,92,0.7775231977351684,0.46855900000000006
66,93,0.7810828265714056,0.46855900000000006
66,94,0.784585501346263,0.46855900000000006
66,95,0.7880321333247229,0.46855900000000006
66,96,0.7914236191915273,0.46855900000000006
66,97,0.7947608412844628,0.46855900000000006
66,98,0.7980446678239115,0.46855900000000006
66,99,0.8012759531387289,0.46855900000000006
66,100,0.8044555378885091,0.46855900000000006
66,101,0.7642327609940837,0.46855900000000006
66,102,0.7680050368181783,0.46855900000000006
66,103,0.7717169562290875,0.46855900000000006
66,104,0.7753694849294221,0.46855900000000006
66,105,0.7789635731705513,0.46855900000000006
66,106,0.7825001559998226,0.46855900000000006
66,107,0.7859801535038253,0.46855900000000006
66,108,0.7894044710477643,0.46855900000000006
66,109,0.7927739995109999,0.46855900000000006
66,110,0.75313529953545,0.46855900000000006
66,111,0.7570851347428827,0.46855900000000006
66,112,0.7609717725869967,0.46855900000000006
66,113,0.7647962242256047,0.46855900000000006
66,114,0.7685594846379951,0.46855900000000006
66,115,0.7722625328837871,0.46855900000000006
66,116,0.7759063323576464,0.46855900000000006
66,117,0.779491831039924,0.46855900000000006
66,118,0.7830199617432853,0.46855900000000006
66,119,0.7864916423553927,0.46855900000000006
66,120,0.7899077760777065,0.46855900000000006
66,121,0.7932692516604632,0.46855900000000006
66,122,0.7965769436338956,0.46855900000000006
66,123,0.7998317125357535,0.46855900000000006
66,124,0.8030344051351814,0.46855900000000006
66,125,0.8061858546530185,0.46855900000000006
66,126,0.8092868809785703,0.46855900000000006
66,127,0.8123382908829131,0.46855900000000006
66,128,0.8153408782287865,0.46855900000000006
66,129,0.818295424177126,0.46855900000000006
66,130,0.821202697390292,0.46855900000000006
66,131,0.8240634542320473,0.46855900000000006
66,132,0.8268784389643346,0.46855900000000006
66,133,0.7855345170161179,0.46855900000000006
66,134,0.7889659647438598,0.46855900000000006
66,135,0.792342509307958,0.46855900000000006
66,136,0.7956650291590306,0.46855900000000006
66,137,0.7989343886924862,0.46855900000000006
66,138,0.8021514384734065,0.46855900000000006
66,139,0.805317015457832,0.46855900000000006
66,140,0.8084319432105067,0.46855900000000006
66,141,0.8114970321191386,0.46855900000000006
66,142,0.8145130796052322,0.46855900000000006
66,143,0.8174808703315486,0.46855900000000006
66,144,0.8204011764062438,0.46855900000000006
66,145,0.7793811175859314,0.46855900000000006
66,146,0.7829110197045567,0.46855900000000006
66,147,0.7863844433892837,0.46855900000000006
66,148,0.7898022922950554,0.46855900000000006
66,149,0.7931654556183344,0.46855900000000006
66,150,0.7964748083284412,0.46855900000000006
66,151,0.799731211395186,0.46855900000000006
66,152,0.8029355120128632,0.46855900000000006
66,153,0.8060885438206572,0.46855900000000006
66,154,0.8091911271195269,0.46855900000000006
66,155,0.8122440690856143,0.46855900000000006
66,156,0.8152481639802446,0.46855900000000006
66,157,0.8182041933565605,0.46855900000000006
66,158,0.8211129262628557,0.46855900000000006
66,159,0.82397511944265,0.46855900000000006
66,160,0.8267915175315675,0.46855900000000006
66,161,0.8295628532510625,0.46855900000000006
66,162,0.8322898475990455,0.46855900000000006
66,163,0.8349732100374607,0.46855900000000006
66,164,0.8376136386768614,0.46855900000000006
66,165,0.8402118204580316,0.46855900000000006
66,166,0.8427684313307029,0.46855900000000006
66,167,0.8452841364294118,0.46855900000000006
66,168,0.8477595902465411,0.46855900000000006
66,169,0.8501954368025967,0.46855900000000006
66,170,0.852592309813755,0.46855900000000006
66,171,0.8549508328567349,0.46855900000000006
66,172,0.857271619531027,0.46855900000000006
66,173,0.8595552736185306,0.46855900000000006
66,174,0.8165775099376041,0.46855900000000006
66,175,0.8195122697786024,0.46855900000000006
66,176,0.7785366562896723,0.46855900000000006
66,177,0.7820800697890375,0.46855900000000006
66,178,0.7855667886724129,0.46855900000000006
66,179,0.7889977200536543,0.46855900000000006
66,180,0.7923737565327958,0.46855900000000006
66,181,0.7956957764282712,0.46855900000000006
66,182,0.7989646440054188,0.46855900000000006
66,183,0.8021812097013321,0.46855900000000006
66,184,0.8053463103461109,0.46855900000000006
66,185,0.7650789948288053,0.46855900000000006
66,186,0.7688377309115444,0.46855900000000006
66,187,0.7725363272169596,0.46855900000000006
66,188,0.7761757459814883,0.46855900000000006
66,189,0.7797569340457845,0.46855900000000006
66,190,0.783280823101052,0.46855900000000006
66,191,0.7867483299314352,0.46855900000000006
66,192,0.7901603566525324,0.46855900000000006
66,193,0.7935177909460919,0.46855900000000006
66,194,0.7968215062909543,0.46855900000000006
66,195,0.800072362190299,0.46855900000000006
66,196,0.8032712043952543,0.46855900000000006
66,197,0.8064188651249303,0.46855900000000006
66,198,0.8095161632829313,0.46855900000000006
66,199,0.8125639046704045,0.46855900000000006
66,200,0.815562882195678,0.46855900000000006
67,1,0.5063199999999999,0.0
67,2,0.5130428800000001,0.0
67,3,0.5200109939199999,0.0
67,4,0.5271145780172798,0.0
67,5,0.5342773767690033,0.0
67,6,0.5414465811406994,0.1
67,7,0.5485857855224482,0.1
67,8,0.555670057730089,0.1
67,9,0.5626824881496075,0.1
67,10,0.5345483637421271,0.1
67,11,0.5419277958624932,0.1
67,12,0.5492094952868614,0.19
67,13,0.556388924272989,0.19
67,14,0.5634634481221237,0.19
67,15,0.5704317555984212,0.19
67,16,0.5772934533612226,0.19
67,17,0.5840487822041063,0.19
67,18,0.554846343093901,0.19
67,19,0.561963218472063,0.19
67,20,0.5689678987838749,0.19
67,21,0.5405195038446812,0.19
67,22,0.5478684560483218,0.19
67,23,0.5551006457371573,0.19
67,24,0.562217694895289,0.271
67,25,0.5692212734199125,0.271
67,26,0.5761130761952578,0.271
67,27,0.5828948071811783,0.271
67,28,0.5895681684098106,0.271
67,29,0.5961348524157256,0.271
67,30,0.6025965370674042,0.34390000000000004
67,31,0.6089548820775569,0.34390000000000004
67,32,0.6152115266865777,0.34390000000000004
67,33,0.6213680881651759,0.34390000000000004
67,34,0.6274261608884413,0.34390000000000004
67,35,0.6333873158079621,0.34390000000000004
67,36,0.6392531002006498,0.40951000000000004
67,37,0.64502503760937,0.40951000000000004
67,38,0.6507046279159713,0.40951000000000004
67,39,0.6562933475051619,0.40951000000000004
67,40,0.6234786801299037,0.40951000000000004
67,41,0.6295030167929172,0.40951000000000004
67,42,0.635430965405795,0.46855900000000006
67,43,0.6412640677763976,0.46855900000000006
67,44,0.6470038411639418,0.46855900000000006
67,45,0.6526517786356953,0.46855900000000006
67,46,0.6582093494287877,0.46855900000000006
67,47,0.6636779993138118,0.46855900000000006
67,48,0.6690591509579099,0.46855900000000006
67,49,0.6356061934100143,0.46855900000000006
67,50,0.6414364940586375,0.46855900000000006
67,51,0.6471735099739278,0.46855900000000006
67,52,0.6528187336885047,0.46855900000000006
67,53,0.6583736338614007,0.46855900000000006
67,54,0.6638396556579566,0.46855900000000006
67,55,0.6692182211242661,0.46855900000000006
67,56,0.6745107295560635,0.46855900000000006
67,57,0.6797185578620166,0.46855900000000006
67,58,0.6848430609214196,0.46855900000000006
67,59,0.6898855719363134,0.46855900000000006
67,60,0.6948474027780779,0.46855900000000006
67,61,0.6997298443285505,0.46855900000000006
67,62,0.704534166815739,0.46855900000000006
67,63,0.7092616201441989,0.46855900000000006
67,64,0.7139134342201497,0.46855900000000006
67,65,0.7184908192714082,0.46855900000000006
67,66,0.7229949661622121,0.46855900000000006
67,67,0.7274270467030195,0.46855900000000006
67,68,0.7317882139553529,0.46855900000000006
67,69,0.6951988032575852,0.46855900000000006
67,70,0.7000756224051711,0.46855900000000006
67,71,0.7048744124464834,0.46855900000000006
67,72,0.7095964218471964,0.46855900000000006
67,73,0.7142428790975408,0.46855900000000006
67,74,0.7188149930319099,0.46855900000000006
67,75,0.6828742433803142,0.46855900000000006
67,76,0.68794825548618,0.46855900000000006
67,77,0.6929410833983667,0.46855900000000006
67,78,0.6978540260639686,0.46855900000000006
67,79,0.7026883616469284,0.46855900000000006
67,80,0.7074453478605658,0.46855900000000006
67,81,0.7121262222947883,0.46855900000000006
67,82,0.7167322027380659,0.46855900000000006
67,83,0.7212644874942528,0.46855900000000006
67,84,0.7257242556943418,0.46855900000000006
67,85,0.7301126676032303,0.46855900000000006
67,86,0.7344308649215774,0.46855900000000006
67,87,0.7386799710828311,0.46855900000000006
67,88,0.7428610915455051,0.46855900000000006
67,89,0.7469753140807766,0.46855900000000006
67,90,0.7510237090554838,0.46855900000000006
67,91,0.7550073297105958,0.46855900000000006
67,92,0.7172569632250659,0.46855900000000006
67,93,0.7217808518134647,0.46855900000000006
67,94,0.726232358184449,0.46855900000000006
67,95,0.7306126404534978,0.46855900000000006
67,96,0.7349228382062416,0.46855900000000006
67,97,0.6981766962959296,0.46855900000000006
67,98,0.7030058691551948,0.46855900000000006
67,99,0.7077577752487116,0.46855900000000006
67,100,0.7124336508447324,0.46855900000000006
67,101,0.7170347124312165,0.46855900000000006
67,102,0.7215621570323172,0.46855900000000006
67,103,0.7260171625198001,0.46855900000000006
67,104,0.7304008879194833,0.46855900000000006
67,105,0.7347144737127715,0.46855900000000006
67,106,0.7389590421333672,0.46855900000000006
67,107,0.7431356974592332,0.46855900000000006
67,108,0.7472455262998856,0.46855900000000006
67,109,0.7512895978790873,0.46855900000000006
67,110,0.7552689643130218,0.46855900000000006
67,111,0.7175055160973709,0.46855900000000006
67,112,0.7220254278398128,0.46855900000000006
67,113,0.7264730209943757,0.46855900000000006
67,114,0.7308494526584657,0.46855900000000006
67,115,0.7351558614159304,0.46855900000000006
67,116,0.7393933676332755,0.46855900000000006
67,117,0.743563073751143,0.46855900000000006
67,118,0.7476660645711248,0.46855900000000006
67,119,0.7517034075379867,0.46855900000000006
67,120,0.7556761530173788,0.46855900000000006
67,121,0.7595853345691008,0.46855900000000006
67,122,0.7634319692159952,0.46855900000000006
67,123,0.7672170577085392,0.46855900000000006
67,124,0.7288562048231124,0.46855900000000006
67,125,0.7331945055459425,0.46855900000000006
67,126,0.7374633934572075,0.46855900000000006
67,127,0.7416639791618922,0.46855900000000006
67,128,0.7457973554953019,0.46855900000000006
67,129,0.7498645978073772,0.46855900000000006
67,130,0.7538667642424591,0.46855900000000006
67,131,0.7578048960145798,0.46855900000000006
67,132,0.7199146512138508,0.46855900000000006
67,133,0.7243960167944292,0.46855900000000006
67,134,0.7288056805257185,0.46855900000000006
67,135,0.7331447896373069,0.46855900000000006
67,136,0.73741447300311,0.46855900000000006
67,137,0.7416158414350604,0.46855900000000006
67,138,0.7457499879720995,0.46855900000000006
67,139,0.7498179881645458,0.46855900000000006
67,140,0.7538209003539131,0.46855900000000006
67,141,0.7577597659482506,0.46855900000000006
67,142,0.7616356096930785,0.46855900000000006
67,143,0.7654494399379893,0.46855900000000006
67,144,0.7692022488989815,0.46855900000000006
67,145,0.7728950129165978,0.46855900000000006
67,146,0.7765286927099322,0.46855900000000006
67,147,0.7801042336265734,0.46855900000000006
67,148,0.7836225658885481,0.46855900000000006
67,149,0.7870846048343314,0.46855900000000006
67,150,0.7904912511569823,0.46855900000000006
67,151,0.7938433911384706,0.46855900000000006
67,152,0.797141896880255,0.46855900000000006
67,153,0.8003876265301708,0.46855900000000006
67,154,0.803581424505688,0.46855900000000006
67,155,0.8067241217135969,0.46855900000000006
67,156,0.8098165357661793,0.46855900000000006
67,157,0.8128594711939205,0.46855900000000006
67,158,0.8158537196548178,0.46855900000000006
67,159,0.8188000601403406,0.46855900000000006
67,160,0.8216992591780953,0.46855900000000006
67,161,0.7806142962191904,0.46855900000000006
67,162,0.7841244674796835,0.46855900000000006
67,163,0.7875784760000084,0.46855900000000006
67,164,0.7909772203840084,0.46855900000000006
67,165,0.7943215848578642,0.46855900000000006
67,166,0.7976124395001384,0.46855900000000006
67,167,0.8008506404681361,0.46855900000000006
67,168,0.7608081084447293,0.46855900000000006
67,169,0.7646351787096137,0.46855900000000006
67,170,0.7684010158502599,0.46855900000000006
67,171,0.7721065995966557,0.46855900000000006
67,172,0.7757528940031093,0.46855900000000006
67,173,0.7793408476990595,0.46855900000000006
67,174,0.7828713941358745,0.46855900000000006
67,175,0.7863454518297005,0.46855900000000006
67,176,0.7897639246004253,0.46855900000000006
67,177,0.7931277018068187,0.46855900000000006
67,178,0.7964376585779095,0.46855900000000006
67,179,0.799694656040663,0.46855900000000006
67,180,0.8028995415440123,0.46855900000000006
67,181,0.8060531488793081,0.46855900000000006
67,182,0.8091562984972394,0.46855900000000006
67,183,0.8122097977212835,0.46855900000000006
67,184,0.8152144409577428,0.46855900000000006
67,185,0.8181710099024191,0.46855900000000006
67,186,0.7772624594072981,0.46855900000000006
67,187,0.738399336436933,0.46855900000000006
67,188,0.7425849470539421,0.46855900000000006
67,189,0.746703587901079,0.46855900000000006
67,190,0.7507563304946618,0.46855900000000006
67,191,0.7547442292067472,0.46855900000000006
67,192,0.7586683215394394,0.46855900000000006
67,193,0.7207349054624672,0.46855900000000006
67,194,0.7252031469750679,0.46855900000000006
67,195,0.6889429896263144,0.46855900000000006
67,196,0.6939199017922933,0.46855900000000006
67,197,0.6988171833636166,0.46855900000000006
67,198,0.6638763241954357,0.46855900000000006
67,199,0.6692543030083088,0.46855900000000006
67,200,0.6745462341601759,0.46855900000000006
68,1,0.5063199999999999,0.0
68,2,0.4810040000000001,0.0
68,3,0.488131936,0.0
68,4,0.495498625024,0.0
68,5,0.502994407023616,0.0
68,6,0.5105431285112381,0.1
68,7,0.5180920808550582,0.1
68,8,0.5256049572413773,0.1
68,9,0.5330569227015154,0.1
68,10,0.5404311632814911,0.1
68,11,0.5477164706092272,0.1
68,12,0.5549055512376475,0.19
68,13,0.5619938433285628,0.19
68,14,0.5689786884728082,0.19
68,15,0.5758587521034947,0.19
68,16,0.582633617922215,0.19
68,17,0.589303504132123,0.19
68,18,0.5958690649336733,0.271
68,19,0.6023312517020996,0.271
68,20,0.6086912159400215,0.271
68,21,0.5782566551430203,0.271
68,22,0.5850026336463408,0.271
68,23,0.5916412509979255,0.271
68,24,0.5981740526249071,0.34390000000000004
68,25,0.6046026109329723,0.34390000000000004
68,26,0.6109285093630895,0.34390000000000004
68,27,0.6171533313568113,0.34390000000000004
68,28,0.6232786527555741,0.34390000000000004
68,29,0.6293060366018153,0.34390000000000004
68,30,0.6352370296194174,0.40951000000000004
68,31,0.6410731598677686,0.40951000000000004
68,32,0.6468159352154677,0.40951000000000004
68,33,0.6524668423859283,0.40951000000000004
68,34,0.6580273464014893,0.40951000000000004
68,35,0.6251259790814148,0.40951000000000004
68,36,0.6311239448617272,0.46855900000000006
68,37,0.63702594875587,0.46855900000000006
68,38,0.6428335244841274,0.46855900000000006
68,39,0.6485481817282273,0.46855900000000006
68,40,0.6541714063656678,0.46855900000000006
68,41,0.6597046607453817,0.46855900000000006
68,42,0.6651493839905508,0.46855900000000006
68,43,0.6705069923186686,0.46855900000000006
68,44,0.6757788793719467,0.46855900000000006
68,45,0.6809664165532591,0.46855900000000006
68,46,0.6860709533642915,0.46855900000000006
68,47,0.6910938177435819,0.46855900000000006
68,48,0.696036316402868,0.46855900000000006
68,49,0.7008997351606505,0.46855900000000006
68,50,0.7056853392722399,0.46855900000000006
68,51,0.7103943737557961,0.46855900000000006
68,52,0.6748746550680063,0.46855900000000006
68,53,0.6800766605252565,0.46855900000000006
68,54,0.6851954339136893,0.46855900000000006
68,55,0.6509356622180047,0.46855900000000006
68,56,0.6565206915923023,0.46855900000000006
68,57,0.6620163605056756,0.46855900000000006
68,58,0.6674240987227799,0.46855900000000006
68,59,0.6727453131328519,0.46855900000000006
68,60,0.6779813881154719,0.46855900000000006
68,61,0.6831336859005461,0.46855900000000006
68,62,0.6882035469225827,0.46855900000000006
68,63,0.6537933695764535,0.46855900000000006
68,64,0.6593326756607422,0.46855900000000006
68,65,0.6647833528484284,0.46855900000000006
68,66,0.6701468192016343,0.46855900000000006
68,67,0.6754244700935547,0.46855900000000006
68,68,0.6806176785714604,0.46855900000000006
68,69,0.6857277957138986,0.46855900000000006
68,70,0.6907561509821836,0.46855900000000006
68,71,0.6957040525662637,0.46855900000000006
68,72,0.7005727877250599,0.46855900000000006
68,73,0.7053636231213585,0.46855900000000006
68,74,0.7100778051513466,0.46855900000000006
68,75,0.7147165602688759,0.46855900000000006
68,76,0.7192810953045395,0.46855900000000006
68,77,0.7237725977796428,0.46855900000000006
68,78,0.7281922362151516,0.46855900000000006
68,79,0.7325411604356973,0.46855900000000006
68,80,0.7368205018687178,0.46855900000000006
68,81,0.7410313738388126,0.46855900000000006
68,82,0.7451748718573875,0.46855900000000006
68,83,0.7079161282645181,0.46855900000000006
68,84,0.7125894702122829,0.46855900000000006
68,85,0.7171880386888844,0.46855900000000006
68,86,0.7217130300698608,0.46855900000000006
68,87,0.726165621588742,0.46855900000000006
68,88,0.7305469716433215,0.46855900000000006
68,89,0.734858220097028,0.46855900000000006
68,90,0.6981153090921766,0.46855900000000006
68,91,0.7029454641467014,0.46855900000000006
68,92,0.7076983367203539,0.46855900000000006
68,93,0.7123751633328281,0.46855900000000006
68,94,0.7169771607195028,0.46855900000000006
68,95,0.7215055261479907,0.46855900000000006
68,96,0.7259614377296228,0.46855900000000006
68,97,0.7303460547259488,0.46855900000000006
68,98,0.7346605178503335,0.46855900000000006
68,99,0.7389059495647282,0.46855900000000006
68,100,0.7019606520864918,0.46855900000000006
68,101,0.7067292816531079,0.46855900000000006
68,102,0.7114216131466582,0.46855900000000006
68,103,0.7160388673363116,0.46855900000000006
68,104,0.7205822454589307,0.46855900000000006
68,105,0.7250529295315877,0.46855900000000006
68,106,0.7294520826590825,0.46855900000000006
68,107,0.7337808493365372,0.46855900000000006
68,108,0.7380403557471525,0.46855900000000006
68,109,0.7422317100551981,0.46855900000000006
68,110,0.7463560026943148,0.46855900000000006
68,111,0.7504143066512059,0.46855900000000006
68,112,0.7544076777447867,0.46855900000000006
68,113,0.75833715490087,0.46855900000000006
68,114,0.7622037604224561,0.46855900000000006
68,115,0.7240935724013332,0.46855900000000006
68,116,0.7285080752429118,0.46855900000000006
68,117,0.7328519460390253,0.46855900000000006
68,118,0.7371263149024009,0.46855900000000006
68,119,0.7002699991572808,0.46855900000000006
68,120,0.7050656791707643,0.46855900000000006
68,121,0.7097846283040321,0.46855900000000006
68,122,0.7144280742511676,0.46855900000000006
68,123,0.7189972250631488,0.46855900000000006
68,124,0.7234932694621385,0.46855900000000006
68,125,0.7279173771507443,0.46855900000000006
68,126,0.7322706991163325,0.46855900000000006
68,127,0.7365543679304711,0.46855900000000006
68,128,0.7407694980435836,0.46855900000000006
68,129,0.7449171860748863,0.46855900000000006
68,130,0.7489985110976881,0.46855900000000006
68,131,0.7530145349201252,0.46855900000000006
68,132,0.756966302361403,0.46855900000000006
68,133,0.7608548415236207,0.46855900000000006
68,134,0.7646811640592428,0.46855900000000006
68,135,0.768446265434295,0.46855900000000006
68,136,0.7721511251873461,0.46855900000000006
68,137,0.7757967071843488,0.46855900000000006
68,138,0.7793839598693991,0.46855900000000006
68,139,0.7829138165114886,0.46855900000000006
68,140,0.786387195447305,0.46855900000000006
68,141,0.789805000320148,0.46855900000000006
68,142,0.7931681203150258,0.46855900000000006
68,143,0.7964774303899853,0.46855900000000006
68,144,0.7997337915037457,0.46855900000000006
68,145,0.8029380508396857,0.46855900000000006
68,146,0.8060910420262506,0.46855900000000006
68,147,0.8091935853538306,0.46855900000000006
68,148,0.8122464879881692,0.46855900000000006
68,149,0.8152505441803586,0.46855900000000006
68,150,0.8182065354734729,0.46855900000000006
68,151,0.8211152309058972,0.46855900000000006
68,152,0.8239773872114029,0.46855900000000006
68,153,0.8267937490160204,0.46855900000000006
68,154,0.8295650490317641,0.46855900000000006
68,155,0.8322920082472558,0.46855900000000006
68,156,0.8349753361152998,0.46855900000000006
68,157,0.837615730737455,0.46855900000000006
68,158,0.8402138790456558,0.46855900000000006
68,159,0.7982031850933728,0.46855900000000006
68,160,0.7582930258387041,0.46855900000000006
68,161,0.7621603374252849,0.46855900000000006
68,162,0.7659657720264803,0.46855900000000006
68,163,0.7697103196740567,0.46855900000000006
68,164,0.7733949545592719,0.46855900000000006
68,165,0.7770206352863234,0.46855900000000006
68,166,0.7805883051217422,0.46855900000000006
68,167,0.7840988922397942,0.46855900000000006
68,168,0.7875533099639576,0.46855900000000006
68,169,0.7909524570045343,0.46855900000000006
68,170,0.7942972176924616,0.46855900000000006
68,171,0.7975884622093823,0.46855900000000006
68,172,0.800827046814032,0.46855900000000006
68,173,0.7607856944733306,0.46855900000000006
68,174,0.7227464097496641,0.46855900000000006
68,175,0.6866090892621808,0.46855900000000006
68,176,0.6916233438339859,0.46855900000000006
68,177,0.6570421766422865,0.46855900000000006
68,178,0.66252950181601,0.46855900000000006
68,179,0.667929029786954,0.46855900000000006
68,180,0.6732421653103626,0.46855900000000006
68,181,0.6784702906653968,0.46855900000000006
68,182,0.6836147660147506,0.46855900000000006
68,183,0.6886769297585146,0.46855900000000006
68,184,0.6936580988823785,0.46855900000000006
68,185,0.6985595693002604,0.46855900000000006
68,186,0.7033826161914563,0.46855900000000006
68,187,0.7081284943323929,0.46855900000000006
68,188,0.7127984384230747,0.46855900000000006
68,189,0.7173936634083053,0.46855900000000006
68,190,0.7219153647937724,0.46855900000000006
68,191,0.6858195965540839,0.46855900000000006
68,192,0.6908464830092187,0.46855900000000006
68,193,0.6957929392810712,0.46855900000000006
68,194,0.7006602522525739,0.46855900000000006
68,195,0.7054496882165328,0.46855900000000006
68,196,0.7101624932050683,0.46855900000000006
68,197,0.7147998933137873,0.46855900000000006
68,198,0.7193630950207667,0.46855900000000006
68,199,0.7238532855004343,0.46855900000000006
68,200,0.7282716329324275,0.46855900000000006
69,1,0.5063199999999999,0.0
69,2,0.5130428800000001,0.0
69,3,0.5200109939199999,0.0
69,4,0.5271145780172798,0.0
69,5,0.5342773767690033,0.0
69,6,0.5414465811406994,0.1
69,7,0.5485857855224482,0.1
69,8,0.555670057730089,0.1
69,9,0.5626824881496075,0.1
69,10,0.5696117742794539,0.1
69,11,0.5764505300491506,0.1
69,12,0.5831941024790818,0.19
69,13,0.5898397434769188,0.19
69,14,0.5963860302275397,0.19
69,15,0.6028324595962752,0.19
69,16,0.6091791643393981,0.19
69,17,0.6154267145776321,0.19
69,18,0.621575978951755,0.271
69,19,0.6276280275536824,0.271
69,20,0.6335840640984324,0.271
69,21,0.6394453785627835,0.271
69,22,0.6452133141487274,0.271
69,23,0.6508892442724116,0.271
69,24,0.6564745565690977,0.34390000000000004
69,25,0.6619706418075235,0.34390000000000004
69,26,0.667378886239075,0.34390000000000004
69,27,0.67270066634958,0.34390000000000004
69,28,0.677937345291218,0.34390000000000004
69,29,0.6830902704888204,0.34390000000000004
69,30,0.6881607720665823,0.40951000000000004
69,31,0.6931501618474254,0.40951000000000004
69,32,0.6980597327516024,0.40951000000000004
69,33,0.7028907584731918,0.40951000000000004
69,34,0.7076444933495514,0.40951000000000004
69,35,0.7123221723643098,0.40951000000000004
69,36,0.7169250112423268,0.46855900000000006
69,37,0.7214542066075416,0.46855900000000006
69,38,0.7259109361833855,0.46855900000000006
69,39,0.7302963590215465,0.46855900000000006
69,40,0.7346116157491684,0.46855900000000006
69,41,0.7388578288275582,0.46855900000000006
69,42,0.743036102817581,0.46855900000000006
69,43,0.7471475246483843,0.46855900000000006
69,44,0.7511931638871293,0.46855900000000006
69,45,0.7551740730081187,0.46855900000000006
69,46,0.7590912876602172,0.46855900000000006
69,47,0.7211367232772063,0.46855900000000006
69,48,0.725598535578931,0.46855900000000006
69,49,0.7299889589215799,0.46855900000000006
69,50,0.7343091355171729,0.46855900000000006
69,51,0.738560189305735,0.46855900000000006
69,52,0.742743226246629,0.46855900000000006
69,53,0.746859334605533,0.46855900000000006
69,54,0.7509095852370394,0.46855900000000006
69,55,0.7548950318628833,0.46855900000000006
69,56,0.7588167113458227,0.46855900000000006
69,57,0.7626756439592113,0.46855900000000006
69,58,0.7664728336523093,0.46855900000000006
69,59,0.7702092683113841,0.46855900000000006
69,60,0.7738859200166601,0.46855900000000006
69,61,0.7775037452951743,0.46855900000000006
69,62,0.781063685369598,0.46855900000000006
69,63,0.784566666403087,0.46855900000000006
69,64,0.7880135997402195,0.46855900000000006
69,65,0.7914053821440831,0.46855900000000006
69,66,0.7947428960295728,0.46855900000000006
69,67,0.7980270096929563,0.46855900000000006
69,68,0.8012585775377687,0.46855900000000006
69,69,0.8044384402970941,0.46855900000000006
69,70,0.8075674252522914,0.46855900000000006
69,71,0.8106463464482203,0.46855900000000006
69,72,0.8136760049050247,0.46855900000000006
69,73,0.8166571888265274,0.46855900000000006
69,74,0.819590673805291,0.46855900000000006
69,75,0.822477223024398,0.46855900000000006
69,76,0.8253175874560019,0.46855900000000006
69,77,0.8281125060567017,0.46855900000000006
69,78,0.8308627059597917,0.46855900000000006
69,79,0.7893195706618021,0.46855900000000006
69,80,0.7926904575312113,0.46855900000000006
69,81,0.7960074102107104,0.46855900000000006
69,82,0.7992712916473381,0.46855900000000006
69,83,0.80248295098098,0.46855900000000006
69,84,0.8056432237652839,0.46855900000000006
69,85,0.808752932185039,0.46855900000000006
69,86,0.8118128852700781,0.46855900000000006
69,87,0.8148238791057565,0.46855900000000006
69,88,0.7740826851504687,0.46855900000000006
69,89,0.7776973621880611,0.46855900000000006
69,90,0.7812542043930522,0.46855900000000006
69,91,0.7847541371227631,0.46855900000000006
69,92,0.788198070928799,0.46855900000000006
69,93,0.7915869017939381,0.46855900000000006
69,94,0.794921511365235,0.46855900000000006
69,95,0.7982027671833912,0.46855900000000006
69,96,0.801431522908457,0.46855900000000006
69,97,0.8046086185419217,0.46855900000000006
69,98,0.8077348806452509,0.46855900000000006
69,99,0.8108111225549269,0.46855900000000006
69,100,0.8138381445940481,0.46855900000000006
69,101,0.8168167342805435,0.46855900000000006
69,102,0.8197476665320547,0.46855900000000006
69,103,0.8226317038675418,0.46855900000000006
69,104,0.8254695966056611,0.46855900000000006
69,105,0.8282620830599704,0.46855900000000006
69,106,0.8310098897310109,0.46855900000000006
69,107,0.8337137314953148,0.46855900000000006
69,108,0.8363743117913899,0.46855900000000006
69,109,0.8389923228027275,0.46855900000000006
69,110,0.8415684456378839,0.46855900000000006
69,111,0.8441033505076778,0.46855900000000006
69,112,0.846597696899555,0.46855900000000006
69,113,0.8490521337491621,0.46855900000000006
69,114,0.8514672996091756,0.46855900000000006
69,115,0.8538438228154288,0.46855900000000006
69,116,0.8561823216503818,0.46855900000000006
69,117,0.8584834045039758,0.46855900000000006
69,118,0.8607476700319122,0.46855900000000006
69,119,0.8629757073114014,0.46855900000000006
69,120,0.865168095994419,0.46855900000000006
69,121,0.8673254064585084,0.46855900000000006
69,122,0.8694481999551723,0.46855900000000006
69,123,0.8715370287558896,0.46855900000000006
69,124,0.8735924362957952,0.46855900000000006
69,125,0.8756149573150627,0.46855900000000006
69,126,0.8776051179980214,0.46855900000000006
69,127,0.8337248620981205,0.46855900000000006
69,128,0.8363852643045504,0.46855900000000006
69,129,0.8390031000756777,0.46855900000000006
69,130,0.8415790504744669,0.46855900000000006
69,131,0.8441137856668753,0.46855900000000006
69,132,0.8466079650962053,0.46855900000000006
69,133,0.849062237654666,0.46855900000000006
69,134,0.8514772418521914,0.46855900000000006
69,135,0.8538536059825563,0.46855900000000006
69,136,0.8561919482868354,0.46855900000000006
69,137,0.8584928771142459,0.46855900000000006
69,138,0.8607569910804183,0.46855900000000006
69,139,0.8629848792231314,0.46855900000000006
69,140,0.8651771211555614,0.46855900000000006
69,141,0.8673342872170725,0.46855900000000006
69,142,0.8694569386215993,0.46855900000000006
69,143,0.8715456276036537,0.46855900000000006
69,144,0.8736008975619953,0.46855900000000006
69,145,0.8756232832010034,0.46855900000000006
69,146,0.8776133106697872,0.46855900000000006
69,147,0.8795714976990705,0.46855900000000006
69,148,0.8814983537358854,0.46855900000000006
69,149,0.8833943800761113,0.46855900000000006
69,150,0.8852600699948935,0.46855900000000006
69,151,0.8870959088749751,0.46855900000000006
69,152,0.8889023743329755,0.46855900000000006
69,153,0.8906799363436481,0.46855900000000006
69,154,0.8924290573621498,0.46855900000000006
69,155,0.8941501924443551,0.46855900000000006
69,156,0.8958437893652457,0.46855900000000006
69,157,0.8975102887354017,0.46855900000000006
69,158,0.8991501241156353,0.46855900000000006
69,159,0.9007637221297851,0.46855900000000006
69,160,0.9023515025757085,0.46855900000000006
69,161,0.9039138785344972,0.46855900000000006
69,162,0.9054512564779452,0.46855900000000006
69,163,0.906964036374298,0.46855900000000006
69,164,0.9084526117923094,0.46855900000000006
69,165,0.9099173700036326,0.46855900000000006
69,166,0.9113586920835743,0.46855900000000006
69,167,0.9127769530102372,0.46855900000000006
69,168,0.9141725217620735,0.46855900000000006
69,169,0.9155457614138804,0.46855900000000006
69,170,0.9168970292312582,0.46855900000000006
69,171,0.9182266767635581,0.46855900000000006
69,172,0.9195350499353412,0.46855900000000006
69,173,0.9208224891363758,0.46855900000000006
69,174,0.9220893293101936,0.46855900000000006
69,175,0.9233359000412307,0.46855900000000006
69,176,0.924562525640571,0.46855900000000006
69,177,0.9257695252303219,0.46855900000000006
69,178,0.9269572128266367,0.46855900000000006
69,179,0.9281258974214104,0.46855900000000006
69,180,0.88171960255034,0.46855900000000006
69,181,0.8836120889095345,0.46855900000000006
69,182,0.8854742954869819,0.46855900000000006
69,183,0.8873067067591902,0.46855900000000006
69,184,0.8891097994510432,0.46855900000000006
69,185,0.8446543094784909,0.46855900000000006
69,186,0.8471398405268351,0.46855900000000006
69,187,0.8047828485004933,0.46855900000000006
69,188,0.8079063229244854,0.46855900000000006
69,189,0.8109798217576938,0.46855900000000006
69,190,0.8140041446095706,0.46855900000000006
69,191,0.8169800782958173,0.46855900000000006
69,192,0.8199083970430843,0.46855900000000006
69,193,0.8227898626903951,0.46855900000000006
69,194,0.8256252248873487,0.46855900000000006
69,195,0.8284152212891511,0.46855900000000006
69,196,0.8311605777485248,0.46855900000000006
69,197,0.8338620085045483,0.46855900000000006
69,198,0.8365202163684755,0.46855900000000006
69,199,0.8391358929065799,0.46855900000000006
69,200,0.8417097186200746,0.46855900000000006
70,1,0.5063199999999999,0.0
70,2,0.5130428800000001,0.0
70,3,0.5200109939199999,0.0
70,4,0.5271145780172798,0.0
70,5,0.5342773767690033,0.0
70,6,0.5414465811406994,0.1
70,7,0.5485857855224482,0.1
70,8,0.555670057730089,0.1
70,9,0.5626824881496075,0.1
70,10,0.5696117742794539,0.1
70,11,0.5764505300491506,0.1
70,12,0.5831941024790818,0.19
70,13,0.5898397434769188,0.19
70,14,0.5963860302275397,0.19
70,15,0.5665667287161626,0.19
70,16,0.5734902669090802,0.19
70,17,0.5803064467351983,0.19
70,18,0.5870159604550994,0.271
70,19,0.5936197968951828,0.271
70,20,0.6001191444100155,0.271
70,21,0.6065153230850641,0.271
70,22,0.6128097374056292,0.271
70,23,0.6190038432500874,0.271
70,24,0.6250991249081498,0.34390000000000004
70,25,0.631097079114664,0.34390000000000004
70,26,0.5995422251589309,0.34390000000000004
70,27,0.6059492276999191,0.34390000000000004
70,28,0.6122538147571922,0.34390000000000004
70,29,0.6184575960114075,0.34390000000000004
70,30,0.624562164078456,0.40951000000000004
70,31,0.6305690921754625,0.40951000000000004
70,32,0.6364799326062386,0.40951000000000004
70,33,0.6422962158184469,0.40951000000000004
70,34,0.6480194498590877,0.40951000000000004
70,35,0.6536511201069574,0.40951000000000004
70,36,0.6591926891971766,0.46855900000000006
70,37,0.664645597078373,0.46855900000000006
70,38,0.6314133172244546,0.46855900000000006
70,39,0.6373106977847092,0.46855900000000006
70,40,0.6431137221652461,0.46855900000000006
70,41,0.6488238994921665,0.46855900000000006
70,42,0.654442714917387,0.46855900000000006
70,43,0.6599716299506755,0.46855900000000006
70,44,0.6654120828018414,0.46855900000000006
70,45,0.6707654887282753,0.46855900000000006
70,46,0.6760332403845075,0.46855900000000006
70,47,0.6812167081714746,0.46855900000000006
70,48,0.6863172405839144,0.46855900000000006
70,49,0.6913361645548001,0.46855900000000006
70,50,0.6962747857960833,0.46855900000000006
70,51,0.7011343891352578,0.46855900000000006
70,52,0.705916238847432,0.46855900000000006
70,53,0.7106215789827101,0.46855900000000006
70,54,0.7152516336887722,0.46855900000000006
70,55,0.719807607528602,0.46855900000000006
70,56,0.7242906857933394,0.46855900000000006
70,57,0.7287020348102826,0.46855900000000006
70,58,0.7330428022460636,0.46855900000000006
70,59,0.7373141174050485,0.46855900000000006
70,60,0.7415170915230129,0.46855900000000006
70,61,0.7456528180561566,0.46855900000000006
70,62,0.7497223729655162,0.46855900000000006
70,63,0.7537268149968488,0.46855900000000006
70,64,0.7576671859560455,0.46855900000000006
70,65,0.7615445109801514,0.46855900000000006
70,66,0.7653597988040508,0.46855900000000006
70,67,0.7691140420228934,0.46855900000000006
70,68,0.772808217350322,0.46855900000000006
70,69,0.7764432858725734,0.46855900000000006
70,70,0.7800201932985117,0.46855900000000006
70,71,0.7835398702056652,0.46855900000000006
70,72,0.7870032322823254,0.46855900000000006
70,73,0.7904111805657738,0.46855900000000006
70,74,0.7937646016766973,0.46855900000000006
70,75,0.7970643680498533,0.46855900000000006
70,76,0.8003113381610436,0.46855900000000006
70,77,0.8035063567504587,0.46855900000000006
70,78,0.8066502550424456,0.46855900000000006
70,79,0.7663177422903232,0.46855900000000006
70,80,0.770056658413674,0.46855900000000006
70,81,0.7737357518790524,0.46855900000000006
70,82,0.7773559798489856,0.46855900000000006
70,83,0.7809182841714002,0.46855900000000006
70,84,0.7844235916246569,0.46855900000000006
70,85,0.7878728141586617,0.46855900000000006
70,86,0.7912668491321229,0.46855900000000006
70,87,0.7946065795460084,0.46855900000000006
70,88,0.7978928742732719,0.46855900000000006
70,89,0.8011265882848996,0.46855900000000006
70,90,0.8043085628723411,0.46855900000000006
70,91,0.8074396258663834,0.46855900000000006
70,92,0.8105205918525211,0.46855900000000006
70,93,0.8135522623828809,0.46855900000000006
70,94,0.8165354261847547,0.46855900000000006
70,95,0.8194708593657987,0.46855900000000006
70,96,0.8223593256159459,0.46855900000000006
70,97,0.7812413593351486,0.46855900000000006
70,98,0.7847414975857863,0.46855900000000006
70,99,0.7881856336244137,0.46855900000000006
70,100,0.7915746634864231,0.46855900000000006
70,101,0.7949094688706404,0.46855900000000006
70,102,0.7981909173687101,0.46855900000000006
70,103,0.8014198626908108,0.46855900000000006
70,104,0.8045971448877578,0.46855900000000006
70,105,0.8077235905695537,0.46855900000000006
70,106,0.8108000131204408,0.46855900000000006
70,107,0.8138272129105137,0.46855900000000006
70,108,0.8168059775039456,0.46855900000000006
70,109,0.8197370818638824,0.46855900000000006
70,110,0.8226212885540602,0.46855900000000006
70,111,0.8254593479371953,0.46855900000000006
70,112,0.8282519983702002,0.46855900000000006
70,113,0.830999966396277,0.46855900000000006
70,114,0.8337039669339367,0.46855900000000006
70,115,0.8363647034629936,0.46855900000000006
70,116,0.7945464682898439,0.46855900000000006
70,117,0.7978337247972063,0.46855900000000006
70,118,0.8010683852004512,0.46855900000000006
70,119,0.8042512910372439,0.46855900000000006
70,120,0.807383270380648,0.46855900000000006
70,121,0.8104651380545576,0.46855900000000006
70,122,0.8134976958456848,0.46855900000000006
70,123,0.8164817327121539,0.46855900000000006
70,124,0.8194180249887595,0.46855900000000006
70,125,0.8223073365889391,0.46855900000000006
70,126,0.7811919697594922,0.46855900000000006
70,127,0.7846928982433404,0.46855900000000006
70,128,0.7881378118714469,0.46855900000000006
70,129,0.7915276068815037,0.46855900000000006
70,130,0.7948631651713997,0.46855900000000006
70,131,0.7981453545286572,0.46855900000000006
70,132,0.8013750288561988,0.46855900000000006
70,133,0.8045530283944997,0.46855900000000006
70,134,0.8076801799401876,0.46855900000000006
70,135,0.8107572970611446,0.46855900000000006
70,136,0.8137851803081663,0.46855900000000006
70,137,0.8167646174232356,0.46855900000000006
70,138,0.8196963835444638,0.46855900000000006
70,139,0.8225812414077524,0.46855900000000006
70,140,0.8254199415452284,0.46855900000000006
70,141,0.8282132224805048,0.46855900000000006
70,142,0.8309618109208167,0.46855900000000006
70,143,0.8336664219460836,0.46855900000000006
70,144,0.8363277591949462,0.46855900000000006
70,145,0.8389465150478271,0.46855900000000006
70,146,0.8415233708070617,0.46855900000000006
70,147,0.8440589968741488,0.46855900000000006
70,148,0.8465540529241625,0.46855900000000006
70,149,0.8490091880773759,0.46855900000000006
70,150,0.8514250410681379,0.46855900000000006
70,151,0.8538022404110477,0.46855900000000006
70,152,0.8561414045644711,0.46855900000000006
70,153,0.8584431420914396,0.46855900000000006
70,154,0.8607080518179764,0.46855900000000006
70,155,0.8629367229888889,0.46855900000000006
70,156,0.8197898868394443,0.46855900000000006
70,157,0.8226732486500132,0.46855900000000006
70,158,0.825510476671613,0.46855900000000006
70,159,0.8283023090448672,0.46855900000000006
70,160,0.8310494721001493,0.46855900000000006
70,161,0.8337526805465469,0.46855900000000006
70,162,0.836412637657802,0.46855900000000006
70,163,0.8390300354552773,0.46855900000000006
70,164,0.7970785336825135,0.46855900000000006
70,165,0.8003252771435931,0.46855900000000006
70,166,0.8035200727092956,0.46855900000000006
70,167,0.8066637515459469,0.46855900000000006
70,168,0.8097571315212118,0.46855900000000006
70,169,0.8128010174168724,0.46855900000000006
70,170,0.8157962011382024,0.46855900000000006
70,171,0.7750063910812922,0.46855900000000006
70,172,0.7786062888239915,0.46855900000000006
70,173,0.7821485882028076,0.46855900000000006
70,174,0.7430411587926671,0.46855900000000006
70,175,0.7471525002519845,0.46855900000000006
70,176,0.7097948752393853,0.46855900000000006
70,177,0.674305131477416,0.46855900000000006
70,178,0.6795162493737773,0.46855900000000006
70,179,0.6846439893837968,0.46855900000000006
70,180,0.6896896855536562,0.46855900000000006
70,181,0.6946546505847977,0.46855900000000006
70,182,0.699540176175441,0.46855900000000006
70,183,0.7043475333566339,0.46855900000000006
70,184,0.7090779728229277,0.46855900000000006
70,185,0.7137327252577609,0.46855900000000006
70,186,0.7183130016536368,0.46855900000000006
70,187,0.7228199936271784,0.46855900000000006
70,188,0.7272548737291437,0.46855900000000006
70,189,0.7316187957494773,0.46855900000000006
70,190,0.7359128950174858,0.46855900000000006
70,191,0.7401382886972059,0.46855900000000006
70,192,0.7442960760780507,0.46855900000000006
70,193,0.7483873388608019,0.46855900000000006
70,194,0.752413141439029,0.46855900000000006
70,195,0.7563745311760046,0.46855900000000006
70,196,0.7602725386771886,0.46855900000000006
70,197,0.7641081780583534,0.46855900000000006
70,198,0.7678824472094199,0.46855900000000006
70,199,0.7715963280540692,0.46855900000000006
70,200,0.7752507868052041,0.46855900000000006
71,1,0.5063199999999999,0.0
71,2,0.5130428800000001,0.0
71,3,0.5200109939199999,0.0
71,4,0.5271145780172798,0.0
71,5,0.5342773767690033,0.0
71,6,0.5414465811406994,0.1
71,7,0.5485857855224482,0.1
71,8,0.555670057730089,0.1
71,9,0.5626824881496075,0.1
71,10,0.5696117742794539,0.1
71,11,0.5764505300491506,0.1
71,12,0.5831941024790818,0.19
71,13,0.5898397434769188,0.19
71,14,0.5963860302275397,0.19
71,15,0.6028324595962752,0.19
71,16,0.6091791643393981,0.19
71,17,0.6154267145776321,0.19
71,18,0.621575978951755,0.271
71,19,0.6276280275536824,0.271
71,20,0.6335840640984324,0.271
71,21,0.6394453785627835,0.271
71,22,0.6452133141487274,0.271
71,23,0.6508892442724116,0.271
71,24,0.6564745565690977,0.34390000000000004
71,25,0.6619706418075235,0.34390000000000004
71,26,0.667378886239075,0.34390000000000004
71,27,0.6340099419271211,0.34390000000000004
71,28,0.6398656251466175,0.34390000000000004
71,29,0.6456276647475028,0.34390000000000004
71,30,0.6512975448338045,0.40951000000000004
71,31,0.6568767300220469,0.40951000000000004
71,32,0.6623666644756023,0.40951000000000004
71,33,0.6677687713377286,0.40951000000000004
71,34,0.67308445244194,0.40951000000000004
71,35,0.6783150882147995,0.40951000000000004
71,36,0.683462037711714,0.46855900000000006
71,37,0.6885266387441725,0.46855900000000006
71,38,0.6935102080693579,0.46855900000000006
71,39,0.6984140416218125,0.46855900000000006
71,40,0.7032394147729588,0.46855900000000006
71,41,0.7079875826085581,0.46855900000000006
71,42,0.7126597802171978,0.46855900000000006
71,43,0.7172572229849862,0.46855900000000006
71,44,0.721781106893111,0.46855900000000006
71,45,0.7262326088159404,0.46855900000000006
71,46,0.7306128868180688,0.46855900000000006
71,47,0.7349230804492082,0.46855900000000006
71,48,0.7391643110361806,0.46855900000000006
71,49,0.7433376819715136,0.46855900000000006
71,50,0.7474442789983077,0.46855900000000006
71,51,0.7514851704911717,0.46855900000000006
71,52,0.7554614077330986,0.46855900000000006
71,53,0.7593740251882191,0.46855900000000006
71,54,0.7214053239288081,0.46855900000000006
71,55,0.7258628387311423,0.46855900000000006
71,56,0.7302490333010805,0.46855900000000006
71,57,0.7345650487610087,0.46855900000000006
71,58,0.7388120079757545,0.46855900000000006
71,59,0.7429910158445877,0.46855900000000006
71,60,0.7471031595885861,0.46855900000000006
71,61,0.7511495090334269,0.46855900000000006
71,62,0.755131116887673,0.46855900000000006
71,63,0.7590490190166166,0.46855900000000006
71,64,0.7629042347117532,0.46855900000000006
71,65,0.7666977669559472,0.46855900000000006
71,66,0.7704306026843593,0.46855900000000006
71,67,0.7741037130412043,0.46855900000000006
71,68,0.7777180536324017,0.46855900000000006
71,69,0.7812745647741828,0.46855900000000006
71,70,0.7847741717377257,0.46855900000000006
71,71,0.7882177849898728,0.46855900000000006
71,72,0.7916063004300005,0.46855900000000006
71,73,0.7949405996230964,0.46855900000000006
71,74,0.79822155002911,0.46855900000000006
71,75,0.8014500052286324,0.46855900000000006
71,76,0.804626805144966,0.46855900000000006
71,77,0.8077527762626409,0.46855900000000006
71,78,0.8108287318424343,0.46855900000000006
71,79,0.8138554721329527,0.46855900000000006
71,80,0.8168337845788234,0.46855900000000006
71,81,0.8197644440255608,0.46855900000000006
71,82,0.8226482129211508,0.46855900000000006
71,83,0.8254858415144118,0.46855900000000006
71,84,0.8282780680501809,0.46855900000000006
71,85,0.8310256189613776,0.46855900000000006
71,86,0.8337292090579954,0.46855900000000006
71,87,0.8363895417130671,0.46855900000000006
71,88,0.8390073090456578,0.46855900000000006
71,89,0.8415831921009274,0.46855900000000006
71,90,0.8441178610273123,0.46855900000000006
71,91,0.8466119752508753,0.46855900000000006
71,92,0.8490661836468615,0.46855900000000006
71,93,0.8514811247085114,0.46855900000000006
71,94,0.8538574267131753,0.46855900000000006
71,95,0.8561957078857645,0.46855900000000006
71,96,0.8584965765595921,0.46855900000000006
71,97,0.8607606313346388,0.46855900000000006
71,98,0.8629884612332844,0.46855900000000006
71,99,0.8651806458535521,0.46855900000000006
71,100,0.8673377555198952,0.46855900000000006
71,101,0.869460351431577,0.46855900000000006
71,102,0.8715489858086716,0.46855900000000006
71,103,0.8736042020357327,0.46855900000000006
71,104,0.8756265348031611,0.46855900000000006
71,105,0.8776165102463105,0.46855900000000006
71,106,0.833735684733995,0.46855900000000006
71,107,0.8363959137782511,0.46855900000000006
71,108,0.839013579157799,0.46855900000000006
71,109,0.8415893618912744,0.46855900000000006
71,110,0.8441239321010139,0.46855900000000006
71,111,0.8466179491873976,0.46855900000000006
71,112,0.8490720620003993,0.46855900000000006
71,113,0.8514869090083931,0.46855900000000006
71,114,0.8538631184642587,0.46855900000000006
71,115,0.8562013085688305,0.46855900000000006
71,116,0.8585020876317293,0.46855900000000006
71,117,0.8607660542296214,0.46855900000000006
71,118,0.8629937973619477,0.46855900000000006
71,119,0.8651858966041563,0.46855900000000006
71,120,0.8673429222584901,0.46855900000000006
71,121,0.8694654355023541,0.46855900000000006
71,122,0.8715539885343164,0.46855900000000006
71,123,0.8736091247177674,0.46855900000000006
71,124,0.8756313787222831,0.46855900000000006
71,125,0.8776212766627266,0.46855900000000006
71,126,0.8795793362361228,0.46855900000000006
71,127,0.881506066856345,0.46855900000000006
71,128,0.8834019697866434,0.46855900000000006
71,129,0.8852675382700571,0.46855900000000006
71,130,0.8871032576577363,0.46855900000000006
71,131,0.8889096055352127,0.46855900000000006
71,132,0.8906870518466492,0.46855900000000006
71,133,0.8924360590171027,0.46855900000000006
71,134,0.8941570820728291,0.46855900000000006
71,135,0.895850568759664,0.46855900000000006
71,136,0.8975169596595093,0.46855900000000006
71,137,0.8991566883049572,0.46855900000000006
71,138,0.9007701812920776,0.46855900000000006
71,139,0.9023578583914045,0.46855900000000006
71,140,0.9039201326571419,0.46855900000000006
71,141,0.9054574105346276,0.46855900000000006
71,142,0.9069700919660736,0.46855900000000006
71,143,0.9084585704946166,0.46855900000000006
71,144,0.9099232333667027,0.46855900000000006
71,145,0.9113644616328355,0.46855900000000006
71,146,0.9127826302467101,0.46855900000000006
71,147,0.9141781081627627,0.46855900000000006
71,148,0.9155512584321585,0.46855900000000006
71,149,0.9169024382972439,0.46855900000000006
71,150,0.8710573163823818,0.46855900000000006
71,151,0.8731203993202638,0.46855900000000006
71,152,0.8294643793542505,0.46855900000000006
71,153,0.8321929492845825,0.46855900000000006
71,154,0.8348778620960292,0.46855900000000006
71,155,0.8375198163024928,0.46855900000000006
71,156,0.8401194992416527,0.46855900000000006
71,157,0.8426775872537864,0.46855900000000006
71,158,0.8451947458577258,0.46855900000000006
71,159,0.8476716299240022,0.46855900000000006
71,160,0.8501088838452182,0.46855900000000006
71,161,0.8076034396529572,0.46855900000000006
71,162,0.8106817846185098,0.46855900000000006
71,163,0.8137108760646138,0.46855900000000006
71,164,0.81669150204758,0.46855900000000006
71,165,0.8196244380148187,0.46855900000000006
71,166,0.8225104470065817,0.46855900000000006
71,167,0.8253502798544764,0.46855900000000006
71,168,0.8281446753768048,0.46855900000000006
71,169,0.8308943605707759,0.46855900000000006
71,170,0.8336000508016437,0.46855900000000006
71,171,0.8362624499888172,0.46855900000000006
71,172,0.8388822507889963,0.46855900000000006
71,173,0.8414601347763722,0.46855900000000006
71,174,0.8439967726199502,0.46855900000000006
71,175,0.846492824258031,0.46855900000000006
71,176,0.8489489390699024,0.46855900000000006
71,177,0.8513657560447839,0.46855900000000006
71,178,0.8537439039480675,0.46855900000000006
71,179,0.8560840014848985,0.46855900000000006
71,180,0.8583866574611401,0.46855900000000006
71,181,0.8606524709417618,0.46855900000000006
71,182,0.8628820314066935,0.46855900000000006
71,183,0.8650759189041866,0.46855900000000006
71,184,0.8672347042017196,0.46855900000000006
71,185,0.8693589489344922,0.46855900000000006
71,186,0.8714492057515402,0.46855900000000006
71,187,0.8735060184595154,0.46855900000000006
71,188,0.8755299221641633,0.46855900000000006
71,189,0.8775214434095366,0.46855900000000006
71,190,0.8336453712390599,0.46855900000000006
71,191,0.8363070452992348,0.46855900000000006
71,192,0.838926132574447,0.46855900000000006
71,193,0.841503314453256,0.46855900000000006
71,194,0.8440392614220038,0.46855900000000006
71,195,0.8465346332392517,0.46855900000000006
71,196,0.8489900791074236,0.46855900000000006
71,197,0.8514062378417048,0.46855900000000006
71,198,0.8537837380362376,0.46855900000000006
71,199,0.8561231982276578,0.46855900000000006
71,200,0.8584252270560153,0.46855900000000006
