{
  "theta_mint": {
    "label": "Λ_Θ (mint)",
    "nPubInputs": 4,
    "setup_ms": 976.574303,
    "setup_s": 0.976574303,
    "prove_avg_ms": 79.51524300000001,
    "prove_min_ms": 51.133359,
    "prove_max_ms": 260.965154,
    "prove_all_ms": [
      260.965154,
      62.845637,
      57.3975,
      71.868198,
      63.358345,
      64.128294,
      53.395423,
      54.209801,
      55.850719,
      51.133359
    ],
    "verify_avg_ms": 10.0251233,
    "verify_min_ms": 7.835022,
    "verify_max_ms": 18.690347,
    "verify_all_ms": [
      18.690347,
      10.358731,
      10.825009,
      9.261809,
      8.328478,
      9.155077,
      8.687893,
      9.103307,
      15.603702,
      9.082793,
      8.639389,
      7.835022,
      9.242274,
      9.100549,
      10.507203,
      9.573111,
      9.267607,
      10.019167,
      8.713784,
      8.507214
    ],
    "proof_size_bytes": 128,
    "proof_size_raw_bytes": 256
  },
  "theta_redeem": {
    "label": "Λ_Θ (redeem)",
    "nPubInputs": 4,
    "setup_ms": 930.433238,
    "setup_s": 0.930433238,
    "prove_avg_ms": 57.99538319999999,
    "prove_min_ms": 50.131008,
    "prove_max_ms": 86.476385,
    "prove_all_ms": [
      86.476385,
      59.520093,
      53.725969,
      50.131008,
      52.012941,
      51.799423,
      57.660911,
      54.180415,
      54.15047,
      60.296217
    ],
    "verify_avg_ms": 9.065414550000002,
    "verify_min_ms": 8.176722,
    "verify_max_ms": 10.849574,
    "verify_all_ms": [
      10.121904,
      9.494754,
      10.849574,
      9.175536,
      8.35551,
      9.920594,
      10.133489,
      8.797253,
      9.047593,
      8.575735,
      8.424995,
      8.39936,
      8.520501,
      8.386975,
      9.805168,
      8.79442,
      8.570626,
      8.989525,
      8.176722,
      8.768057
    ],
    "proof_size_bytes": 128,
    "proof_size_raw_bytes": 256
  },
  "phi_prepare": {
    "label": "Λ^off_Φ (prepare)",
    "nPubInputs": 5,
    "setup_ms": 1016.740187,
    "setup_s": 1.016740187,
    "prove_avg_ms": 56.115141200000004,
    "prove_min_ms": 49.435549,
    "prove_max_ms": 85.43786,
    "prove_all_ms": [
      85.43786,
      57.81373,
      58.3506,
      49.850707,
      51.021058,
      51.504659,
      53.825418,
      52.13014,
      51.781691,
      49.435549
    ],
    "verify_avg_ms": 9.357396599999998,
    "verify_min_ms": 8.394338,
    "verify_max_ms": 12.235295,
    "verify_all_ms": [
      12.235295,
      10.877646,
      11.831956,
      8.898218,
      8.793391,
      8.867508,
      8.424718,
      8.394338,
      10.112386,
      8.839745,
      8.569632,
      8.997456,
      8.537134,
      8.533471,
      8.437842,
      8.933224,
      11.22486,
      8.831507,
      9.112352,
      8.695253
    ],
    "proof_size_bytes": 128,
    "proof_size_raw_bytes": 256
  },
  "phi_unlock": {
    "label": "Λ^on_Φ (unlock)",
    "nPubInputs": 3,
    "setup_ms": 1056.38923,
    "setup_s": 1.05638923,
    "prove_avg_ms": 74.6849632,
    "prove_min_ms": 66.712225,
    "prove_max_ms": 105.467091,
    "prove_all_ms": [
      105.467091,
      75.589936,
      72.023279,
      69.47591,
      72.156584,
      69.641068,
      70.836453,
      67.877682,
      77.069404,
      66.712225
    ],
    "verify_avg_ms": 8.928892700000002,
    "verify_min_ms": 8.132494,
    "verify_max_ms": 12.287117,
    "verify_all_ms": [
      12.287117,
      8.885675,
      8.942839,
      9.072784,
      8.485405,
      8.132494,
      8.189832,
      8.470306,
      8.477354,
      9.177289,
      9.246823,
      8.864853,
      8.435033,
      8.427595,
      8.158774,
      8.639218,
      10.595687,
      8.40691,
      9.007418,
      8.674448
    ],
    "proof_size_bytes": 128,
    "proof_size_raw_bytes": 256
  },
  "psi_audit": {
    "label": "Λ_Ψ (audit)",
    "nPubInputs": 2,
    "setup_ms": 1593.365842,
    "setup_s": 1.5933658419999999,
    "prove_avg_ms": 131.8074143,
    "prove_min_ms": 116.691539,
    "prove_max_ms": 167.224118,
    "prove_all_ms": [
      167.224118,
      130.716656,
      128.393739,
      128.222824,
      124.372826,
      128.164841,
      116.691539,
      123.780193,
      139.981567,
      130.52584
    ],
    "verify_avg_ms": 9.02545595,
    "verify_min_ms": 7.969955,
    "verify_max_ms": 15.247687,
    "verify_all_ms": [
      15.247687,
      9.290328,
      8.946217,
      8.50451,
      8.093923,
      8.52686,
      8.631271,
      8.74835,
      8.686599,
      7.969955,
      8.519787,
      8.468925,
      8.553257,
      8.520394,
      8.93279,
      8.433824,
      8.451801,
      10.63715,
      8.537642,
      8.807849
    ],
    "proof_size_bytes": 128,
    "proof_size_raw_bytes": 256
  }
}